source,size,name,kind,bytes,licence_quote,author,derived_from,brand_flag,brand_evidence
foonerd/peppy_templates@f80c166a,1280x400,1280x400_Aluminium_frame_01,meter (template_peppy); 1 skin(s),1014090,"none stated (no README/LICENSE/COPYING/txt besides meters.txt in zip; meters.txt has no licence comment; per-size README in repo has none); repo LICENSE MIT ""Copyright (c) 2025 Just a nerd""; repo README: ""Individual templates may have their own licenses. See each template's README.""",not stated in zip; git commit author(s): Wheaten (first: Wheaten),,[Aluminium_frame] generic,visual #000 [G]  (checked on 1280x400_Aluminium_frame_01)
foonerd/peppy_templates@f80c166a,1280x400,1280x400_Aluminium_green_02,meter (template_peppy); 1 skin(s),959876,"none stated (no README/LICENSE/COPYING/txt besides meters.txt in zip; meters.txt has no licence comment; per-size README in repo has none); repo LICENSE MIT ""Copyright (c) 2025 Just a nerd""; repo README: ""Individual templates may have their own licenses. See each template's README.""",not stated in zip; git commit author(s): Wheaten (first: Wheaten),,[Aluminium_frame_green] generic,visual #001 [G]  (checked on 1280x400_Aluminium_green_02)
foonerd/peppy_templates@f80c166a,1280x400,1280x400_Aluminium_orange_03,meter (template_peppy); 1 skin(s),962768,"none stated (no README/LICENSE/COPYING/txt besides meters.txt in zip; meters.txt has no licence comment; per-size README in repo has none); repo LICENSE MIT ""Copyright (c) 2025 Just a nerd""; repo README: ""Individual templates may have their own licenses. See each template's README.""",not stated in zip; git commit author(s): Wheaten (first: Wheaten),,[Aluminium_frame_orange] generic,visual #002 [G]  (checked on 1280x400_Aluminium_orange_03)
foonerd/peppy_templates@f80c166a,1280x400,1280x400_Aluminium_spec_blue_04,meter+spectrum (templates_peppy_spectrum); 1 skin(s),1220027,"none stated (no README/LICENSE/COPYING/txt besides meters.txt in zip; meters.txt has no licence comment; per-size README in repo has none); repo LICENSE MIT ""Copyright (c) 2025 Just a nerd""; repo README: ""Individual templates may have their own licenses. See each template's README.""",not stated in zip; git commit author(s): Wheaten (first: Wheaten),,[Aluminium_frame_blue_spec] generic,visual #003 [G]  (checked on 1280x400_Aluminium_spec_blue_04)
foonerd/peppy_templates@f80c166a,1280x400,1280x400_Aluminium_spec_green_06,meter+spectrum (templates_peppy_spectrum); 1 skin(s),1146776,"none stated (no README/LICENSE/COPYING/txt besides meters.txt in zip; meters.txt has no licence comment; per-size README in repo has none); repo LICENSE MIT ""Copyright (c) 2025 Just a nerd""; repo README: ""Individual templates may have their own licenses. See each template's README.""",not stated in zip; git commit author(s): Wheaten (first: Wheaten),,[Aluminium_frame_green_spec] generic,visual #004 [G]  (checked on 1280x400_Aluminium_spec_green_06)
foonerd/peppy_templates@f80c166a,1280x400,1280x400_Aluminium_spec_orange_05,meter+spectrum (templates_peppy_spectrum); 1 skin(s),1146305,"none stated (no README/LICENSE/COPYING/txt besides meters.txt in zip; meters.txt has no licence comment; per-size README in repo has none); repo LICENSE MIT ""Copyright (c) 2025 Just a nerd""; repo README: ""Individual templates may have their own licenses. See each template's README.""",not stated in zip; git commit author(s): Wheaten (first: Wheaten),,[Aluminium_frame_orange_spec] generic,visual #005 [G]  (checked on 1280x400_Aluminium_spec_orange_05)
foonerd/peppy_templates@f80c166a,1280x400,1280x400_MomentumMxV,meter (template_peppy); 1 skin(s),952708,"none stated (no README/LICENSE/COPYING/txt besides meters.txt in zip; meters.txt has no licence comment; per-size README in repo has none); repo LICENSE MIT ""Copyright (c) 2025 Just a nerd""; repo README: ""Individual templates may have their own licenses. See each template's README.""",not stated in zip; git commit author(s): Wheaten (first: Wheaten),,[Dan-Dagostino-MomentumMxV] brand: Dan D'Agostino (logo visible),visual #006 [LF] D'Agostino logo on meter faces; product face (checked on 1280x400_MomentumMxV)
foonerd/peppy_templates@f80c166a,1280x400,1280x400_PMN_LedStrypes,meter (template_peppy); 3 skin(s),339702,"none stated (no README/LICENSE/COPYING/txt besides meters.txt in zip; meters.txt has no licence comment; per-size README in repo has none); repo LICENSE MIT ""Copyright (c) 2025 Just a nerd""; repo README: ""Individual templates may have their own licenses. See each template's README.""",not stated in zip; git commit author(s): Gelo5template (first: Gelo5template),PMN = pjorgenunes (uploader of 1280x720 version),"[01PMN_Led Strypes (With Meters-Calibrated)] brand: Volumio (logo visible, not in name) || [02PMN_Led Strypes (With Meters-Calibrated-Metadata Rotation)] generic || [03PMN_Led Strypes (With Meters-Calibrated-Metadata)] generic","visual #007 [L] Volumio logo ""VOLUMIO THE MUSIC PLAYER"" (checked on 1280x720_PMN_LedStrypes) || visual #008 [G]  (checked on 1280x400_PMN_LedStrypes) || visual #009 [G]  (checked on 1280x400_PMN_LedStrypes)"
foonerd/peppy_templates@f80c166a,1280x400,1280x400_TA_symphonica_01,meter (template_peppy); 1 skin(s),641773,"none stated (no README/LICENSE/COPYING/txt besides meters.txt in zip; meters.txt has no licence comment; per-size README in repo has none); repo LICENSE MIT ""Copyright (c) 2025 Just a nerd""; repo README: ""Individual templates may have their own licenses. See each template's README.""",not stated in zip; git commit author(s): Wheaten (first: Wheaten),,"[TA_Symphonica] brand: T+A (logo visible, not in name)",visual #010 [LF] T+A logo; product face (checked on 1280x400_TA_symphonica_01)
foonerd/peppy_templates@f80c166a,1280x400,1280x400_black_blue_square,meter (template_peppy); 1 skin(s),440116,"none stated (no README/LICENSE/COPYING/txt besides meters.txt in zip; meters.txt has no licence comment; per-size README in repo has none); repo LICENSE MIT ""Copyright (c) 2025 Just a nerd""; repo README: ""Individual templates may have their own licenses. See each template's README.""",not stated in zip; git commit author(s): Wheaten (first: Wheaten),,[black-blue-square] generic,visual #011 [G]  (checked on 1280x400_black_blue_square)
foonerd/peppy_templates@f80c166a,1280x400,1280x400_black_white_arrow_bottom,meter (template_peppy); 1 skin(s),267112,"none stated (no README/LICENSE/COPYING/txt besides meters.txt in zip; meters.txt has no licence comment; per-size README in repo has none); repo LICENSE MIT ""Copyright (c) 2025 Just a nerd""; repo README: ""Individual templates may have their own licenses. See each template's README.""",not stated in zip; git commit author(s): Wheaten (first: Wheaten),,[black-white-arrow-bottom] generic,visual #012 [G]  (checked on 1280x400_black_white_arrow_bottom)
foonerd/peppy_templates@f80c166a,1280x400,1280x400_black_white_arrow_top,meter (template_peppy); 1 skin(s),195969,"none stated (no README/LICENSE/COPYING/txt besides meters.txt in zip; meters.txt has no licence comment; per-size README in repo has none); repo LICENSE MIT ""Copyright (c) 2025 Just a nerd""; repo README: ""Individual templates may have their own licenses. See each template's README.""",not stated in zip; git commit author(s): Wheaten (first: Wheaten),,[black-white-arrow-top] generic,visual #013 [G]  (checked on 1280x400_black_white_arrow_top)
foonerd/peppy_templates@f80c166a,1280x400,1280x400_bo_beosound9000,meter (template_peppy); 1 skin(s),1406126,"none stated (no README/LICENSE/COPYING/txt besides meters.txt in zip; meters.txt has no licence comment; per-size README in repo has none); repo LICENSE MIT ""Copyright (c) 2025 Just a nerd""; repo README: ""Individual templates may have their own licenses. See each template's README.""",not stated in zip; git commit author(s): Wheaten (first: Wheaten),,[bo_beosound9000] brand: Bang & Olufsen (product face visible),visual #014 [F] B&O Beosound 9000 product photo (checked on 1280x400_bo_beosound9000)
foonerd/peppy_templates@f80c166a,1280x400,1280x400_cyrus_40_st,meter (template_peppy); 1 skin(s),260847,"none stated (no README/LICENSE/COPYING/txt besides meters.txt in zip; meters.txt has no licence comment; per-size README in repo has none); repo LICENSE MIT ""Copyright (c) 2025 Just a nerd""; repo README: ""Individual templates may have their own licenses. See each template's README.""",not stated in zip; git commit author(s): Wheaten (first: Wheaten),,[Cyrus_40_st] brand: Cyrus (logo visible),visual #015 [LF] Cyrus logo; product face (checked on 1280x400_cyrus_40_st)
foonerd/peppy_templates@f80c166a,1280x400,1280x400_dan_dagostimo_mlife,meter (template_peppy); 1 skin(s),1055951,"none stated (no README/LICENSE/COPYING/txt besides meters.txt in zip; meters.txt has no licence comment; per-size README in repo has none); repo LICENSE MIT ""Copyright (c) 2025 Just a nerd""; repo README: ""Individual templates may have their own licenses. See each template's README.""",not stated in zip; git commit author(s): Wheaten (first: Wheaten),,[dan_dagostimo_mlife] brand: Dan D'Agostino (logo visible),"visual #016 [LF] Dan D'Agostino product photo, ""DAN D'AGOSTINO"" text (checked on 1280x800_dagostino_pendulum)"
foonerd/peppy_templates@f80c166a,1280x400,1280x400_esoteric-grandioso-t1,meter (template_peppy); 1 skin(s),789881,"none stated (no README/LICENSE/COPYING/txt besides meters.txt in zip; meters.txt has no licence comment; per-size README in repo has none); repo LICENSE MIT ""Copyright (c) 2025 Just a nerd""; repo README: ""Individual templates may have their own licenses. See each template's README.""",not stated in zip; git commit author(s): Wheaten (first: Wheaten),,[esoteric-grandioso-t1] brand: Esoteric (logo visible),"visual #017 [LF] Esoteric Grandioso T1 turntable photo, Esoteric wordmark (checked on 1280x800_esoteric-grandioso-t1)"
foonerd/peppy_templates@f80c166a,1280x400,1280x400_g5_201_meters,meter (template_peppy); 20 skin(s),11564836,"none stated (no README/LICENSE/COPYING/txt besides meters.txt in zip; meters.txt has no licence comment; per-size README in repo has none); repo LICENSE MIT ""Copyright (c) 2025 Just a nerd""; repo README: ""Individual templates may have their own licenses. See each template's README.""",not stated in zip; git commit author(s): Gelo5template (first: Gelo5template),Gelo5 work (G5 prefix on every section),"[01G5_Naim] brand: Naim (logo visible) || [02G5_Naim 2] brand: Naim (logo visible) || [03G5_McIntosh] brand: McIntosh (logo visible); Volumio (logo visible, not in name) || [04G5_Accuphase] brand: Accuphase (logo visible); Volumio (logo visible, not in name) || [05G5_Luxman] brand: Luxman (logo visible) || [06G5_Technics TX30] brand: Technics (logo visible) || [07G5_Technics_silver] brand: Technics (logo visible) || [08G5_Technics_Black] brand: Technics (name only) || [09G5_Advence] brand: Advance Acoustic (logo visible) || [10G5_Advance2] brand: Advance Acoustic (logo visible) || [11G5_Adv_X220] brand: Advance Acoustic (logo visible, not in name) || [12G5_Sony TA-N77] brand: Sony (logo visible) || [13G5_Onkyo 5570] brand: Onkyo (logo visible) || [14G5_Krell KAS] brand: Krell (logo visible) || [15G5_T+A 3000HV] brand: T+A (logo visible) || [16G5_Turnable Black B] generic (real product photo, maker not identified) || [17G5_TurnOld] generic || [18G5_Turnable Black] generic || [19G5_Turnable Green] generic (real product photo, maker not identified) || [20G5_Turnable Blue] generic (real product photo, maker not identified)","visual #025 [L] Naim logo (checked on 1280x400_g5_201_meters) || visual #026 [L] Naim logo (checked on 1920x1080_g5_701_meters) || visual #024 [LF] McIntosh logo; product face; Volumio wordmark (checked on 1920x1080_g5_701_meters) || visual #018 [LF] Accuphase logo on product face; also Volumio wordmark (checked on 1920x1080_g5_701_meters) || visual #023 [LF] Luxman logo; product face (checked on 1280x400_g5_201_meters) || visual #032 [LF] Technics SA-TX30 receiver face, Technics wordmark (checked on 1280x400_g5_201_meters) || visual #031 [LF] Technics SL-1200 product face, Technics wordmark (checked on 1920x1080_g5_710_Turntables) || visual #030 [N] no legible logo at preview scale (checked on 1280x400_g5_201_meters) || visual #020 [LF] Advance Acoustic logo; product face (checked on 1280x800_g5_422_meters) || visual #019 [L] Advance Acoustic logo (checked on 1280x400_g5_201_meters) || visual #021 [L] Advance Acoustic logo, X-i220 (checked on 1280x400_g5_201_meters) || visual #028 [LF] Sony logo, TA-N77ES; product face (checked on 1920x1080_g5_705_meters) || visual #027 [LF] Onkyo logo; product face (checked on 1280x400_g5_201_meters) || visual #022 [LF] Krell logo; product face (checked on 1280x400_g5_201_meters) || visual #029 [L] T+A logo (checked on 1280x400_g5_201_meters) || visual #034 [F] turntable photo; no legible logo (checked on 1280x400_g5_201_meters) || visual #037 [G]  (checked on 1280x400_g5_201_meters) || visual #033 [G]  (checked on 1280x400_g5_201_meters) || visual #036 [F] turntable photo; no legible logo (checked on 1280x400_g5_201_meters) || visual #035 [F] turntable photo; no legible logo (checked on 1280x400_g5_201_meters)"
foonerd/peppy_templates@f80c166a,1280x400,1280x400_g5_202_meters,meter (template_peppy); 20 skin(s),14807248,"none stated (no README/LICENSE/COPYING/txt besides meters.txt in zip; meters.txt has no licence comment; per-size README in repo has none); repo LICENSE MIT ""Copyright (c) 2025 Just a nerd""; repo README: ""Individual templates may have their own licenses. See each template's README.""",not stated in zip; git commit author(s): Gelo5template (first: Gelo5template),Gelo5 work (G5 prefix on every section),"[21G5_Audio Research] brand: Audio Research (logo visible) || [22G5_BlackBlur] generic || [23G5_BlueSea_Black] brand: Blue Sea Systems (name only) || [24G5_Bocatech] brand: Bocatech (?) (logo visible) || [25G5_Classe] brand: Classé (logo visible) || [26G5_Dagostino] brand: Dan D'Agostino (logo visible) || [27G5_Kenwood Rev] brand: Kenwood (product face visible) || [28G5_Kenwood Single] brand: Kenwood (name only) || [29G5_Klanghelm] brand: Klanghelm (product face visible); Volumio (logo visible, not in name) || [30G5_Caltec] brand: Altec (logo visible) || [31G5_Alvin] generic || [32G5_Magnetcord] brand: Magnecord (logo visible) || [33G5_NAD C3050] brand: NAD (logo visible) || [34G5_Onvi] generic || [35G5_Onvi centre] generic || [36G5_Old Braun] generic || [37G5_PeppyP Bang] generic || [38G5_WestonHouse] brand: Westinghouse (logo visible) || [39G5_Weston] brand: Weston (logo visible) || [40G5_Retro] generic","visual #039 [LF] Audio Research product face, audio research wordmark (checked on 1920x1080_g5_701_meters) || visual #040 [G]  (checked on 1920x1080_g5_705_meters) || visual #041 [G]  (checked on 1920x1080_g5_704_meters) || visual #042 [L] ""BOCATECH INC."" printed on meter face (checked on 1280x400_g5_202_meters) || visual #044 [LF] Classe wordmark on product face (checked on 1280x400_g5_202_meters) || visual #045 [L] D'Agostino script logo on meter faces (checked on 1280x400_g5_202_meters) || visual #046 [F] Kenwood-style amplifier face; no legible logo (checked on 1280x800_g5_420_meters) || visual #047 [G]  (checked on 1280x400_g5_202_meters) || visual #048 [LF] Klanghelm VUMT plugin UI imitation; Volumio wordmark (checked on 1920x1080_g5_702_meters) || visual #043 [L] ""CALTECC"" printed on meter face (checked on 1280x400_g5_202_meters) || visual #038 [G]  (checked on 1280x400_g5_202_meters) || visual #049 [L] Magnecord script logo on meter faces (checked on 1280x400_g5_202_meters) || visual #050 [LF] NAD ""New Acoustic Dimension"" on meters; NAD product face (checked on 1280x800_g5_420_meters) || visual #052 [G]  (checked on 1280x400_g5_202_meters) || visual #053 [G]  (checked on 1280x400_g5_202_meters) || visual #051 [N] no legible Braun logo at preview scale (checked on 1280x400_g5_202_meters) || visual #054 [G]  (checked on 1280x400_g5_202_meters) || visual #057 [L] ""WESTINGHOUSE"" on meter faces (checked on 1280x400_g5_202_meters) || visual #056 [L] ""WESTON"" on meter faces (checked on 1280x400_g5_202_meters) || visual #055 [G]  (checked on 1920x1080_g5_RADIO)"
foonerd/peppy_templates@f80c166a,1280x400,1280x400_g5_203_meters,meter (template_peppy); 20 skin(s),11911343,"none stated (no README/LICENSE/COPYING/txt besides meters.txt in zip; meters.txt has no licence comment; per-size README in repo has none); repo LICENSE MIT ""Copyright (c) 2025 Just a nerd""; repo README: ""Individual templates may have their own licenses. See each template's README.""",not stated in zip; git commit author(s): Gelo5template (first: Gelo5template),Gelo5 work (G5 prefix on every section),"[41G5_Abrahamsen] brand: Electrocompaniet (logo visible, not in name) || [42G5_Casette Full] brand: Pioneer (logo visible, not in name) || [43G5_Cayin] brand: Cayin (logo visible) || [44G5_CD Cover] generic || [45G5_SACD Cover] brand: SACD logo (logo visible) || [46G5_Disco] generic || [47G5_Dorrough Vertical] brand: Dorrough (logo visible) || [48G5_Dorrough crooked] brand: Dorrough (logo visible) || [49G5_Dorrought horizon] brand: Dorrough (logo visible) || [50G5_Led Strips] generic || [51G5_Loudspeaker IN] brand: DS18 (logo visible, not in name) || [52G5_MarantzCD] brand: Marantz (logo visible) || [53G5_Sansui] brand: Sansui (logo visible); Volumio (logo visible, not in name) || [54G5_Unison Research] brand: Unison Research (product face visible) || [55G5_Rose3 Line] brand: HiFi Rose (name only) || [56G5_Rose IN] brand: HiFi Rose (product face visible) || [57G5_Rose OUT] brand: HiFi Rose (product face visible) || [58G5_TechnicsLed] brand: Technics (name only) || [59G5_Winamp] brand: Winamp (logo visible) || [60G5_Eher] brand: Reher (?) (logo visible, not in name)","visual #058 [LF] Electrocompaniet wordmark and product face (named Abrahamsen) (checked on 1920x1080_g5_703_meters) || visual #059 [LF] Pioneer logo on cassette deck face (checked on 1280x400_g5_203_meters) || visual #060 [LF] Cayin script logo; product face (checked on 1280x400_g5_203_meters) || visual #061 [G]  (checked on 1280x400_g5_203_meters) || visual #073 [L] Super Audio CD ""HYBRID STEREO"" logo on disc case (checked on 1280x400_g5_203_meters) || visual #062 [G]  (checked on 1280x400_g5_203_meters) || visual #065 [L] Dorrough logos on meters (checked on 1920x1080_g5_703_meters) || visual #063 [L] Dorrough script logo, ""Made in U.S.A. MODEL 40-A2"" (checked on 1280x400_g5_203_meters) || visual #064 [L] Dorrough logo, ""MODEL 280-D USA"" (checked on 1280x400_g5_203_meters) || visual #067 [G]  (checked on 1280x400_g5_203_meters) || visual #068 [L] speaker cones with ""DS18"" marking (car-audio brand), small (checked on 1280x400_g5_203_meters) || visual #069 [LF] Marantz wordmark; product face (checked on 1920x1080_g5_703_meters) || visual #074 [LF] Sansui logo; product face; Volumio wordmark (checked on 1920x1080_g5_703_meters) || visual #076 [F] Unison Research amplifier product photo; no legible logo (checked on 1920x1080_g5_705_meters) || visual #070 [G]  (checked on 1280x400_g5_203_meters) || visual #071 [F] HiFi Rose-style face with icon; no legible wordmark (checked on 1280x400_g5_203_meters) || visual #072 [F] HiFi Rose-style face with icon; no legible wordmark (checked on 1280x400_g5_203_meters) || visual #075 [G]  (checked on 1280x400_g5_203_meters) || visual #077 [LF] Winamp UI imitation, ""WINAMP"" title (checked on 1280x400_g5_203_meters) || visual #066 [L] wordmark on meter faces (reads ""REHER""/""EHER"", unverified) (checked on 1280x400_g5_203_meters)"
foonerd/peppy_templates@f80c166a,1280x400,1280x400_g5_204_meters,meter (template_peppy); 20 skin(s),11931034,"none stated (no README/LICENSE/COPYING/txt besides meters.txt in zip; meters.txt has no licence comment; per-size README in repo has none); repo LICENSE MIT ""Copyright (c) 2025 Just a nerd""; repo README: ""Individual templates may have their own licenses. See each template's README.""",not stated in zip; git commit author(s): Gelo5template (first: Gelo5template),Gelo5 work (G5 prefix on every section),"[61G5_Old Accuphase Only] brand: Accuphase (logo visible) || [62G5_Caltec Blue] brand: Altec (logo visible) || [63G5_Caltec Red] brand: Altec (logo visible) || [64G5_Berlant Only] brand: Berlant Concertone (logo visible) || [65G5_BlackBlur only meters] brand: Volumio (logo visible, not in name) || [66G5_Dark Spotify Only] brand: Spotify (logo visible) || [67G5_Denon Only] brand: Denon (logo visible) || [68G5_Deviation Only] generic || [69G5_DF202 Only meters] generic || [70G5_Gemonti ONLY meters] brand: Gemonti (?) (logo visible) || [71G5_Hartman Only] brand: Hartmann & Braun (logo visible) || [72G5_Hitachi7500 ONLY meters] brand: Hitachi (logo visible) || [73G5_Hitachi7500 Purple] brand: Hitachi (logo visible) || [74G5_Kenwood Rev only meters] brand: Kenwood (name only) || [75G5_Line Magnetic] brand: Line Magnetic (logo visible) || [76G5_NAD M10 only] brand: NAD (logo visible) || [77G5_Namson Only meters] brand: Namson (?) (logo visible) || [78G5_Philmore Only] brand: Philmore (logo visible) || [79G5_Teletronix Only] brand: Teletronix (logo visible) || [80G5_VU Peak Only] generic","visual #094 [L] Accuphase script logo on meter faces (checked on 1280x400_g5_204_meters) || visual #080 [L] ""ALTEC"" on meter faces (Altec Lansing) (checked on 1280x400_g5_204_meters) || visual #081 [L] ""ALTEC"" on meter faces (Altec Lansing) (checked on 1280x400_g5_204_meters) || visual #078 [L] ""Berlant Concertone"" logo on meter faces (checked on 1280x400_g5_204_meters) || visual #079 [L] Volumio wordmark on meter faces (checked on 1280x400_g5_204_meters) || visual #082 [N] no Spotify logo visible (checked on 1280x400_g5_204_meters) || visual #083 [L] ""DENON"" on meter faces (checked on 1280x400_g5_204_meters) || visual #084 [G]  (checked on 1280x400_g5_204_meters) || visual #085 [G]  (checked on 1280x400_g5_204_meters) || visual #086 [L] ""GEMONTI"" on meter faces (checked on 1280x400_g5_204_meters) || visual #087 [L] ""HARTMANN & BRAUN"" on meter faces (checked on 1280x400_g5_204_meters) || visual #088 [L] ""HITACHI"" on meter faces (checked on 1280x400_g5_204_meters) || visual #089 [L] ""HITACHI"" on meter faces (checked on 1280x400_g5_204_meters) || visual #090 [G]  (checked on 1280x400_g5_204_meters) || visual #091 [L] Line Magnetic logo, small (checked on 1280x400_g5_204_meters) || visual #092 [L] NAD logo on meter face (checked on 1280x400_g5_204_meters) || visual #093 [L] ""NAMSON CORPORATION"" on meter faces (checked on 1280x400_g5_204_meters) || visual #095 [L] ""Philmore"" on meter faces (checked on 1280x400_g5_204_meters) || visual #096 [L] ""TELETRONIX ENGINEERING CO"" on meter faces (checked on 1280x400_g5_204_meters) || visual #097 [G]  (checked on 1280x400_g5_204_meters)"
foonerd/peppy_templates@f80c166a,1280x400,1280x400_g5_205_meters,meter (template_peppy); 18 skin(s),9122309,"none stated (no README/LICENSE/COPYING/txt besides meters.txt in zip; meters.txt has no licence comment; per-size README in repo has none); repo LICENSE MIT ""Copyright (c) 2025 Just a nerd""; repo README: ""Individual templates may have their own licenses. See each template's README.""",not stated in zip; git commit author(s): Gelo5template (first: Gelo5template),Gelo5 work (G5 prefix on every section),"[81G5_SG Only meters] brand: SG (?) (logo visible) || [82G5_Weston ONLY meters] brand: Weston (logo visible); Volumio (logo visible, not in name) || [83G5_Realistic] brand: Realistic (RadioShack) (name only) || [84G5_Rudeer Only] generic || [85G5_R55 Only] generic name; face carries wordmark not matched to a known brand: ""S"" emblem and ""R-55"" on meter faces (maker unclear) || [86G5_Round 180] generic || [87G5_Yamaha S3000 Only] brand: Yamaha (product face visible) || [88G5_WestonHouse Only] brand: Westinghouse (logo visible) || [89G5_OnkyoM508] brand: Onkyo (logo visible) || [90G5_Yamaha MX2000] brand: Yamaha (product face visible) || [91G5_Teac] brand: TEAC (logo visible) || [92G5_SG] brand: SG (?) (logo visible) || [93G5_BOSS Orange] brand: BOSS (logo visible) || [94G5_Tascam] brand: Tascam (name only) || [95G5_LED Out ONLY] generic || [96G5_Bose Rev] brand: Bose (logo visible) || [97G5_Sharp] brand: Sharp (logo visible) || [98G5_TCD Deck] brand: Dolby (logo visible, not in name)","visual #107 [L] ""SG"" logo on meter faces (maker unclear) (checked on 1280x400_g5_205_meters) || visual #113 [L] ""WESTON ELEC. INST. CORP"" on meter faces; Volumio wordmark (checked on 1280x400_g5_205_meters) || visual #103 [G]  (checked on 1280x400_g5_205_meters) || visual #105 [G]  (checked on 1280x400_g5_205_meters) || visual #102 [L] ""S"" emblem and ""R-55"" on meter faces (maker unclear) (checked on 1280x400_g5_205_meters) || visual #104 [G]  (checked on 1280x400_g5_205_meters) || visual #115 [F] Yamaha-style meter face; no legible logo (checked on 1280x400_g5_205_meters) || visual #112 [L] ""WESTINGHOUSE"" on meter faces (checked on 1280x400_g5_205_meters) || visual #101 [LF] Onkyo logo; M-508 product face (checked on 1920x1080_g5_705_meters) || visual #114 [F] Yamaha MX-2000 product face; logo not legible at preview scale (checked on 1280x400_g5_205_meters) || visual #111 [LF] TEAC logo; product face (checked on 1280x400_g5_205_meters) || visual #106 [L] ""SG"" logo on meter faces (maker unclear) (checked on 1280x400_g5_205_meters) || visual #099 [L] ""BOSS"" on tuner faces (faint) (checked on 1280x400_g5_205_meters) || visual #109 [G]  (checked on 1280x400_g5_205_meters) || visual #100 [G]  (checked on 1280x400_g5_205_meters) || visual #098 [L] BOSE logo on meter faces (checked on 1280x400_g5_205_meters) || visual #108 [F] Sharp cassette deck face (""Auto Program Locate Device""); no legible Sharp logo (checked on 1920x1080_g5_712_Cassette) || visual #110 [L] Dolby ""double-D"" logo on meter faces (checked on 1280x400_g5_205_meters)"
foonerd/peppy_templates@f80c166a,1280x400,1280x400_g5_210_ms,meter+spectrum (templates_peppy_spectrum); 20 skin(s),12942249,"none stated (no README/LICENSE/COPYING/txt besides meters.txt in zip; meters.txt has no licence comment; per-size README in repo has none); repo LICENSE MIT ""Copyright (c) 2025 Just a nerd""; repo README: ""Individual templates may have their own licenses. See each template's README.""",not stated in zip; git commit author(s): Gelo5template (first: Gelo5template),Gelo5 work (G5 prefix on every section),"[101G5_Kenwood S+M] brand: Kenwood (product face visible) || [102G5_Naim S+M] brand: Naim (logo visible) || [103G5_CD Cover S+M] generic || [104G5_KeySlight S+M] brand: Keysight (product face visible); Volumio (logo visible, not in name) || [105G5_Marschal S+M] brand: Marshall (logo visible) || [106G5_Teletronix S+M] brand: Teletronix (logo visible) || [107G5_Rhode Spectrum] brand: Rohde & Schwarz (logo visible) || [108G5_Kenwood Spectrum] brand: Kenwood (logo visible) || [109G5_Nixie Spectrum] generic || [110G5_Nixie2 Spectrum] generic || [111G5_PipeWood Spectrum] generic || [112G5_Osciloscope S+M] brand: Korg (logo visible, not in name) || [113G5_475A OscSpectrum] brand: Tektronix (product face visible) || [114G5_Pioneer S+M] brand: Pioneer (product face visible) || [115G5_Marantz S+M] brand: Marantz (logo visible) || [116G5_Corrector Spectrum] generic || [117G5_ONKYO S+M] brand: Onkyo (logo visible) || [118G5_Advance S+M] brand: Advance Acoustic (logo visible) || [119G5_PeppyP S+M] generic || [120G5_Sansui] brand: Sansui (logo visible); Volumio (logo visible, not in name)","visual #120 [F] Kenwood-style amplifier face; no legible logo (checked on 1920x1080_20g5) || visual #125 [L] Naim logo (checked on 1920x1080_20g5) || visual #118 [G]  (checked on 1280x400_g5_210_ms) || visual #122 [LF] Keysight analyser face imitation; Volumio wordmark (checked on 1280x800_g5_410_ms) || visual #124 [LF] Marshall amplifier face with Marshall script logo (checked on 1280x400_g5_210_ms) || visual #134 [L] ""TELETRONIX ENGINEERING CO"" on meter faces (checked on 1280x800_g5_410_ms) || visual #133 [LF] Rohde & Schwarz spectrum analyser face, R&S wordmark (checked on 1280x400_g5_210_ms) || visual #121 [LF] ""KENWOOD STEREO GRAPHIC EQUALIZER KGC-700"" (checked on 1920x1080_20g5) || visual #127 [G]  (checked on 1280x400_g5_210_ms) || visual #126 [G]  (checked on 1280x400_g5_210_ms) || visual #132 [G]  (checked on 1280x400_g5_210_ms) || visual #129 [LF] KORG logo; Korg oscilloscope UI imitation (checked on 1280x400_g5_210_ms) || visual #116 [F] Tektronix 475A oscilloscope photo; logo not legible at preview scale (checked on 1280x400_g5_210_ms) || visual #131 [F] Pioneer PLX gold turntable face; logo not legible at preview scale (checked on 1920x1080_g5_721_ms) || visual #123 [LF] Marantz logo; product faces (checked on 1920x1080_20g5) || visual #119 [G]  (checked on 1280x400_g5_210_ms) || visual #128 [LF] ONKYO logo; TX-8220 receiver face (checked on 1280x400_g5_210_ms) || visual #117 [L] Advance Acoustic logo (checked on 1280x400_g5_210_ms) || visual #130 [G]  (checked on 1280x800_g5_410_ms) || visual #074 [LF] Sansui logo; product face; Volumio wordmark (checked on 1920x1080_g5_703_meters)"
foonerd/peppy_templates@f80c166a,1280x400,1280x400_mcintosh_mx100,meter (template_peppy); 1 skin(s),545036,"none stated (no README/LICENSE/COPYING/txt besides meters.txt in zip; meters.txt has no licence comment; per-size README in repo has none); repo LICENSE MIT ""Copyright (c) 2025 Just a nerd""; repo README: ""Individual templates may have their own licenses. See each template's README.""",not stated in zip; git commit author(s): Wheaten (first: Wheaten),,[mcintosh_mx100] brand: McIntosh (logo visible),"visual #135 [LF] McIntosh logo, ""MX100 A/V PROCESSOR""; product face (checked on 1280x400_mcintosh_mx100)"
foonerd/peppy_templates@f80c166a,1280x400,1280x400_nad_6100,meter (template_peppy); 1 skin(s),1154419,"none stated (no README/LICENSE/COPYING/txt besides meters.txt in zip; meters.txt has no licence comment; per-size README in repo has none); repo LICENSE MIT ""Copyright (c) 2025 Just a nerd""; repo README: ""Individual templates may have their own licenses. See each template's README.""",not stated in zip; git commit author(s): Wheaten (first: Wheaten),,[nad-6100] brand: NAD (logo visible),visual #136 [LF] NAD logo; NAD 6100 cassette deck face (checked on 1280x400_nad_6100)
foonerd/peppy_templates@f80c166a,1280x400,1280x400_nad_6325,meter (template_peppy); 1 skin(s),713442,"none stated (no README/LICENSE/COPYING/txt besides meters.txt in zip; meters.txt has no licence comment; per-size README in repo has none); repo LICENSE MIT ""Copyright (c) 2025 Just a nerd""; repo README: ""Individual templates may have their own licenses. See each template's README.""",not stated in zip; git commit author(s): Wheaten (first: Wheaten),,[nad-6325] brand: NAD (logo visible),visual #137 [LF] NAD logo; NAD 6325 cassette deck face (checked on 1280x400_nad_6325)
foonerd/peppy_templates@f80c166a,1280x400,1280x400_nad_d3045,meter (template_peppy); 1 skin(s),411884,"none stated (no README/LICENSE/COPYING/txt besides meters.txt in zip; meters.txt has no licence comment; per-size README in repo has none); repo LICENSE MIT ""Copyright (c) 2025 Just a nerd""; repo README: ""Individual templates may have their own licenses. See each template's README.""",not stated in zip; git commit author(s): Wheaten (first: Wheaten),,[nad-d3045] brand: NAD (product face visible),visual #138 [F] NAD D3045 product face; logo not legible at preview scale (checked on 1280x400_nad_d3045)
foonerd/peppy_templates@f80c166a,1280x400,1280x400_nad_m10_1,meter (template_peppy); 1 skin(s),402030,"none stated (no README/LICENSE/COPYING/txt besides meters.txt in zip; meters.txt has no licence comment; per-size README in repo has none); repo LICENSE MIT ""Copyright (c) 2025 Just a nerd""; repo README: ""Individual templates may have their own licenses. See each template's README.""",not stated in zip; git commit author(s): Wheaten (first: Wheaten),,[nad-m10-1] brand: NAD (logo visible),visual #139 [LF] NAD logo; M10 face (checked on 1280x400_nad_m10_1)
foonerd/peppy_templates@f80c166a,1280x400,1280x400_nad_m10_2,meter (template_peppy); 1 skin(s),408881,"none stated (no README/LICENSE/COPYING/txt besides meters.txt in zip; meters.txt has no licence comment; per-size README in repo has none); repo LICENSE MIT ""Copyright (c) 2025 Just a nerd""; repo README: ""Individual templates may have their own licenses. See each template's README.""",not stated in zip; git commit author(s): Wheaten (first: Wheaten),,[nad-m10-2] brand: NAD (logo visible),visual #140 [LF] NAD logo; M10 face (checked on 1280x400_nad_m10_2)
foonerd/peppy_templates@f80c166a,1280x400,1280x400_nad_m10_3,meter (template_peppy); 1 skin(s),301711,"none stated (no README/LICENSE/COPYING/txt besides meters.txt in zip; meters.txt has no licence comment; per-size README in repo has none); repo LICENSE MIT ""Copyright (c) 2025 Just a nerd""; repo README: ""Individual templates may have their own licenses. See each template's README.""",not stated in zip; git commit author(s): Wheaten (first: Wheaten),,[nad-m10-3] brand: NAD (logo visible),visual #141 [LF] NAD logo; M10 face (checked on 1280x400_nad_m10_3)
foonerd/peppy_templates@f80c166a,1280x400,1280x400_nad_m33_1,meter (template_peppy); 1 skin(s),368366,"none stated (no README/LICENSE/COPYING/txt besides meters.txt in zip; meters.txt has no licence comment; per-size README in repo has none); repo LICENSE MIT ""Copyright (c) 2025 Just a nerd""; repo README: ""Individual templates may have their own licenses. See each template's README.""",not stated in zip; git commit author(s): Wheaten (first: Wheaten),,[nad-m33-1] brand: NAD (logo visible),visual #142 [LF] NAD logo; M33 face (checked on 1280x400_nad_m33_1)
foonerd/peppy_templates@f80c166a,1280x400,1280x400_rose rs150,meter (template_peppy); 1 skin(s),208919,"none stated (no README/LICENSE/COPYING/txt besides meters.txt in zip; meters.txt has no licence comment; per-size README in repo has none); repo LICENSE MIT ""Copyright (c) 2025 Just a nerd""; repo README: ""Individual templates may have their own licenses. See each template's README.""",not stated in zip; git commit author(s): Wheaten (first: Wheaten),,[rose-rs150] brand: HiFi Rose (product face visible),visual #143 [F] HiFi Rose RS150 face with Rose icon; no legible wordmark (checked on 1280x400_rose rs150)
foonerd/peppy_templates@f80c166a,1280x400,1280x400_rose_rs150,meter (template_peppy); 1 skin(s),208919,"none stated (no README/LICENSE/COPYING/txt besides meters.txt in zip; meters.txt has no licence comment; per-size README in repo has none); repo LICENSE MIT ""Copyright (c) 2025 Just a nerd""; repo README: ""Individual templates may have their own licenses. See each template's README.""",not stated in zip; git commit author(s): Wheaten (first: Wheaten),,[rose-rs150] brand: HiFi Rose (product face visible),visual #143 [F] HiFi Rose RS150 face with Rose icon; no legible wordmark (checked on 1280x400_rose rs150)
foonerd/peppy_templates@f80c166a,1280x400,1280x400_rose_rs250,meter (template_peppy); 1 skin(s),651495,"none stated (no README/LICENSE/COPYING/txt besides meters.txt in zip; meters.txt has no licence comment; per-size README in repo has none); repo LICENSE MIT ""Copyright (c) 2025 Just a nerd""; repo README: ""Individual templates may have their own licenses. See each template's README.""",not stated in zip; git commit author(s): Wheaten (first: Wheaten),,[rose-rs250] brand: HiFi Rose (product face visible),visual #144 [F] HiFi Rose RS250 face with Rose icon; no legible wordmark (checked on 1280x400_rose_rs250)
foonerd/peppy_templates@f80c166a,1280x400,1280x400_technics_SUR1000,meter (template_peppy); 1 skin(s),1419222,"none stated (no README/LICENSE/COPYING/txt besides meters.txt in zip; meters.txt has no licence comment; per-size README in repo has none); repo LICENSE MIT ""Copyright (c) 2025 Just a nerd""; repo README: ""Individual templates may have their own licenses. See each template's README.""",not stated in zip; git commit author(s): Wheaten (first: Wheaten),,[technics] brand: Technics (product face visible),visual #145 [F] Technics SU-R1000 amplifier face; logo not legible at preview scale (checked on 1280x400_technics_SUR1000)
foonerd/peppy_templates@f80c166a,1280x400,1280x400_volumio1,meter (template_peppy); 1 skin(s),391578,"none stated (no README/LICENSE/COPYING/txt besides meters.txt in zip; meters.txt has no licence comment; per-size README in repo has none); repo LICENSE MIT ""Copyright (c) 2025 Just a nerd""; repo README: ""Individual templates may have their own licenses. See each template's README.""",not stated in zip; git commit author(s): Wheaten (first: Wheaten),,[volumio2] brand: Volumio (logo visible),"visual #146 [LF] Volumio Rivo and Integro product faces, ""RIVO""/""INTEGRO volumio"" (checked on 1280x400_volumio1)"
foonerd/peppy_templates@f80c166a,1280x720,1280x720_PMN_LedStrypes,meter (template_peppy); 5 skin(s),3794995,"none stated (no README/LICENSE/COPYING/txt besides meters.txt in zip; meters.txt has no licence comment; per-size README in repo has none); repo LICENSE MIT ""Copyright (c) 2025 Just a nerd""; repo README: ""Individual templates may have their own licenses. See each template's README.""",not stated in zip; git commit author(s): pjorgenunes (first: pjorgenunes),PMN = pjorgenunes (uploader of 1280x720 version),"[01PMN_Led Strypes (With Meters-Calibrated)] brand: Volumio (logo visible, not in name) || [02PMN_Led Strypes (With Meters-Calibrated-Metadata Rotation) v1] generic || [03PMN_Led Strypes (With Meters-Calibrated-Metadata Rotation) v2] generic || [04PMN_Led Strypes (With Meters-Calibrated-Metadata) v1] generic || [05PMN_Led Strypes (With Meters-Calibrated-Metadata) v2] generic","visual #007 [L] Volumio logo ""VOLUMIO THE MUSIC PLAYER"" (checked on 1280x720_PMN_LedStrypes) || visual #147 [G]  (checked on 1280x720_PMN_LedStrypes) || visual #148 [G]  (checked on 1280x720_PMN_LedStrypes) || visual #149 [G]  (checked on 1280x720_PMN_LedStrypes) || visual #150 [G]  (checked on 1280x720_PMN_LedStrypes)"
foonerd/peppy_templates@f80c166a,1280x720,1280x720_Pioneer_PLX-500,meter (template_peppy); 1 skin(s),2291638,"none stated (no README/LICENSE/COPYING/txt besides meters.txt in zip; meters.txt has no licence comment; per-size README in repo has none); repo LICENSE MIT ""Copyright (c) 2025 Just a nerd""; repo README: ""Individual templates may have their own licenses. See each template's README.""",not stated in zip; git commit author(s): foonerd (first: foonerd),,[Pioneer PLX-500] brand: Pioneer (logo visible),"visual #151 [LF] ""Pioneer DJ"" logo on PLX-500 platter; product face (checked on 1280x720_Pioneer_PLX-500)"
foonerd/peppy_templates@f80c166a,1280x720,1280x720_Pioneer_PLX-500L,meter (template_peppy); 1 skin(s),1909529,"none stated (no README/LICENSE/COPYING/txt besides meters.txt in zip; meters.txt has no licence comment; per-size README in repo has none); repo LICENSE MIT ""Copyright (c) 2025 Just a nerd""; repo README: ""Individual templates may have their own licenses. See each template's README.""",not stated in zip; git commit author(s): foonerd (first: foonerd),,[Pioneer PLX-500 Lite] brand: Pioneer (logo visible),"visual #152 [LF] ""Pioneer DJ"" wordmark (small); PLX-500 product face (checked on 1280x720_Pioneer_PLX-500L)"
foonerd/peppy_templates@f80c166a,1280x720,1280x720_custom_01,meter (template_peppy); 1 skin(s),781351,"none stated (no README/LICENSE/COPYING/txt besides meters.txt in zip; meters.txt has no licence comment; per-size README in repo has none); repo LICENSE MIT ""Copyright (c) 2025 Just a nerd""; repo README: ""Individual templates may have their own licenses. See each template's README.""",not stated in zip; git commit author(s): foonerd (first: foonerd),,"[vertical-turntable-blue] generic (real product photo, maker not identified)",visual #153 [F] real vertical turntable product photo; no legible logo (checked on 1280x800_vertical_blue)
foonerd/peppy_templates@f80c166a,1280x720,1280x720_custom_02,meter (template_peppy); 1 skin(s),1595670,"none stated (no README/LICENSE/COPYING/txt besides meters.txt in zip; meters.txt has no licence comment; per-size README in repo has none); repo LICENSE MIT ""Copyright (c) 2025 Just a nerd""; repo README: ""Individual templates may have their own licenses. See each template's README.""",not stated in zip; git commit author(s): foonerd (first: foonerd),,"[VTEBT-RecordPlayer] brand: Pro-Ject (product face visible, not in name)",visual #154 [F] Pro-Ject VT-E BT turntable photo; no legible logo (checked on 1280x720_custom_02)
foonerd/peppy_templates@f80c166a,1280x720,1280x720_custom_06,meter (template_peppy); 1 skin(s),1749187,"none stated (no README/LICENSE/COPYING/txt besides meters.txt in zip; meters.txt has no licence comment; per-size README in repo has none); repo LICENSE MIT ""Copyright (c) 2025 Just a nerd""; repo README: ""Individual templates may have their own licenses. See each template's README.""",not stated in zip; git commit author(s): foonerd (first: foonerd),,"[RecordPlayer] brand: Technics (product face visible, not in name)",visual #155 [F] Technics-style direct-drive turntable photo; no legible logo (checked on 1280x720_custom_06)
foonerd/peppy_templates@f80c166a,1280x720,1280x720_g5_444_rotate,meter (template_peppy); 1 skin(s),2232589,"none stated (no README/LICENSE/COPYING/txt besides meters.txt in zip; meters.txt has no licence comment; per-size README in repo has none); repo LICENSE MIT ""Copyright (c) 2025 Just a nerd""; repo README: ""Individual templates may have their own licenses. See each template's README.""",not stated in zip; git commit author(s): Gelo5template (first: Gelo5template),Gelo5 work (G5 prefix on every section),"[18G5_Streamer CD] generic (real product photo, maker not identified)","visual #156 [LF] PS Audio logo and ""Streamer"" on product face (checked on 1280x720_g5_444_rotate)"
foonerd/peppy_templates@f80c166a,1280x720,1280x720_g5_450_sm,meter+spectrum (templates_peppy_spectrum); 6 skin(s),8599040,"none stated (no README/LICENSE/COPYING/txt besides meters.txt in zip; meters.txt has no licence comment; per-size README in repo has none); repo LICENSE MIT ""Copyright (c) 2025 Just a nerd""; repo README: ""Individual templates may have their own licenses. See each template's README.""",not stated in zip; git commit author(s): Gelo5template (first: Gelo5template),Gelo5 work (G5 prefix on every section),[101G5_Lyngdorf S+M] brand: Lyngdorf (product face visible) || [102G5_Naim S+M] brand: Naim (logo visible) || [103G5_Teletronix S+M] brand: Teletronix (logo visible) || [104G5_Old Spectrum S+M] generic || [105G5_Marantz S+M] brand: Marantz (logo visible) || [106G5_Kenwood Spectrum] brand: Kenwood (logo visible),"visual #157 [F] Lyngdorf product faces; wordmark tiny, not legible at preview scale (checked on 1920x1080_20g5) || visual #125 [L] Naim logo (checked on 1920x1080_20g5) || visual #134 [L] ""TELETRONIX ENGINEERING CO"" on meter faces (checked on 1280x800_g5_410_ms) || visual #158 [G]  (checked on 1280x800_g5_410_ms) || visual #123 [LF] Marantz logo; product faces (checked on 1920x1080_20g5) || visual #121 [LF] ""KENWOOD STEREO GRAPHIC EQUALIZER KGC-700"" (checked on 1920x1080_20g5)"
foonerd/peppy_templates@f80c166a,1280x720,1280x720_g5_451_ms,meter+spectrum (templates_peppy_spectrum); 1 skin(s),4079253,"none stated (no README/LICENSE/COPYING/txt besides meters.txt in zip; meters.txt has no licence comment; per-size README in repo has none); repo LICENSE MIT ""Copyright (c) 2025 Just a nerd""; repo README: ""Individual templates may have their own licenses. See each template's README.""",not stated in zip; git commit author(s): Gelo5template (first: Gelo5template),Gelo5 work (G5 prefix on every section),[107G5_Pioneer S+M] brand: Pioneer (product face visible),visual #131 [F] Pioneer PLX gold turntable face; logo not legible at preview scale (checked on 1920x1080_g5_721_ms)
foonerd/peppy_templates@f80c166a,1280x720,1280x720_g5_701_meters,meter (template_peppy); 20 skin(s),15151935,"none stated (no README/LICENSE/COPYING/txt besides meters.txt in zip; meters.txt has no licence comment; per-size README in repo has none); repo LICENSE MIT ""Copyright (c) 2025 Just a nerd""; repo README: ""Individual templates may have their own licenses. See each template's README.""",not stated in zip; git commit author(s): Gelo5template (first: Gelo5template),Gelo5 work (G5 prefix on every section),"[01G5_McIntosh] brand: McIntosh (logo visible); Volumio (logo visible, not in name) || [02G5_McIntosh Hybrid] brand: McIntosh (logo visible); Volumio (logo visible, not in name) || [03G5_McIntosh Monoblock] brand: McIntosh (logo visible) || [04G5_McIntosh Tube] brand: McIntosh (logo visible) || [05G5_Accuphase] brand: Accuphase (logo visible); Volumio (logo visible, not in name) || [06G5_Accuphase Monoblock] brand: Accuphase (logo visible) || [07G5_Marantz Silver] brand: Marantz (product face visible); Volumio (logo visible, not in name) || [08G5_Marantz Black] brand: Marantz (product face visible); Volumio (logo visible, not in name) || [09G5_Technics1600_Silver] brand: Technics (logo visible) || [10G5_Technics1600_Black] brand: Technics (logo visible) || [11G5_Technics1600_Black-Silver] brand: Technics (logo visible) || [12G5_Audio Research] brand: Audio Research (logo visible) || [13G5_Kenwood Reverse] brand: Kenwood (product face visible) || [14G5_Kenwood Ver] brand: Kenwood (name only) || [15G5_Naim green] brand: Naim (logo visible) || [16G5_Naim2] brand: Naim (logo visible) || [17G5_Naim Reverse] brand: Naim (product face visible) || [18G5_Advanced X220] brand: Advance Acoustic (logo visible) || [19G5_Advanced X220EVO] brand: Advance Acoustic (logo visible) || [20G5_Advanced Combi] brand: Advance Acoustic (logo visible)","visual #024 [LF] McIntosh logo; product face; Volumio wordmark (checked on 1920x1080_g5_701_meters) || visual #167 [LF] McIntosh logo; product face; Volumio wordmark (checked on 1920x1080_g5_701_meters) || visual #168 [LF] McIntosh logos; MEN220 / monoblock faces (checked on 1920x1080_g5_701_meters) || visual #169 [LF] McIntosh tube amplifier photo; McIntosh logo (checked on 1920x1080_g5_701_meters) || visual #018 [LF] Accuphase logo on product face; also Volumio wordmark (checked on 1920x1080_g5_701_meters) || visual #159 [LF] Accuphase logos; A-250 product faces (checked on 1920x1080_g5_701_meters) || visual #166 [F] Marantz AV receiver face; Volumio wordmark; Marantz logo not legible at preview scale (checked on 1920x1080_g5_701_meters) || visual #165 [F] Marantz SR-series AV receiver face; Volumio wordmark; Marantz logo not legible at preview scale (checked on 1920x1080_g5_701_meters) || visual #174 [LF] Technics face; Technics wordmark small (checked on 1920x1080_g5_701_meters) || visual #172 [LF] Technics SU-G700/1600-style face; Technics wordmark small (checked on 1920x1080_g5_701_meters) || visual #173 [LF] Technics face; Technics wordmark small (checked on 1920x1080_g5_701_meters) || visual #039 [LF] Audio Research product face, audio research wordmark (checked on 1920x1080_g5_701_meters) || visual #163 [F] Kenwood-style amplifier face; no legible logo (checked on 1920x1080_g5_701_meters) || visual #164 [G]  (checked on 1920x1080_g5_701_meters) || visual #170 [LF] Naim logos; product face (checked on 1920x1080_g5_701_meters) || visual #026 [L] Naim logo (checked on 1920x1080_g5_701_meters) || visual #171 [L] Naim-style face (logo not on this preview) (checked on 1920x1080_g5_701_meters) || visual #161 [LF] Advance Acoustic logos; X-i220 product face (checked on 1920x1080_g5_701_meters) || visual #162 [LF] Advance Acoustic logos; X-i220 EVO product face (checked on 1920x1080_g5_701_meters) || visual #160 [LF] Advance Acoustic logos; product faces (checked on 1920x1080_g5_701_meters)"
foonerd/peppy_templates@f80c166a,1280x720,1280x720_g5_702_meters,meter (template_peppy); 20 skin(s),16444345,"none stated (no README/LICENSE/COPYING/txt besides meters.txt in zip; meters.txt has no licence comment; per-size README in repo has none); repo LICENSE MIT ""Copyright (c) 2025 Just a nerd""; repo README: ""Individual templates may have their own licenses. See each template's README.""",not stated in zip; git commit author(s): Gelo5template (first: Gelo5template),Gelo5 work (G5 prefix on every section),"[21G5_Akai Reverse] brand: Akai (logo visible) || [22G5_Hitachi HMA7500 Black] brand: Hitachi (logo visible) || [23G5_Hitachi HCA7500 Silver] brand: Hitachi (logo visible) || [24G5_Luxman Gold] brand: Luxman (logo visible) || [25G5_Leben] brand: Leben (logo visible) || [26G5_NAD] brand: NAD (logo visible) || [27G5_NAD C3050HD] brand: NAD (logo visible) || [28G5_T+A] brand: T+A (logo visible) || [29G5_VU Single Yellow] generic || [30G5_VU Single Blue] generic || [31G5_Wadax] brand: Wadax (logo visible) || [32G5_ClasseM] brand: Classé (logo visible) || [33G5_Klanghelm] brand: Klanghelm (product face visible); Volumio (logo visible, not in name) || [34G5_TURN Vinyl Orange] brand: Volumio (logo visible, not in name) || [35G5_TURN Vinyl Green] brand: Volumio (logo visible, not in name) || [36G5_TURN Vinyl Green2] generic (real product photo, maker not identified) || [37G5_TURN Vinyl Silver] brand: Volumio (logo visible, not in name) || [38G5_TURN Vinyl Black] brand: Volumio (logo visible, not in name) || [39G5_TURN Vinyl Blue] brand: Volumio (logo visible, not in name) || [40G5_TAPE] brand: Volumio (logo visible, not in name)","visual #175 [LF] Akai reel-to-reel face; ""AKAI"" on meter faces (checked on 1920x1080_g5_702_meters) || visual #178 [LF] ""HITACHI"" on meters; HMA-7500 product face (checked on 1920x1080_g5_702_meters) || visual #177 [LF] ""HITACHI"" HCA-7500/HMA-7500 product faces (checked on 1920x1080_g5_702_meters) || visual #180 [LF] ""LUXMAN"" logos; C-03/L-series product faces (checked on 1920x1080_g5_702_meters) || visual #179 [LF] Leben tube amplifier photo; Leben logo small (checked on 1920x1080_g5_702_meters) || visual #181 [LF] NAD logos; T 787 / C 338 product faces (checked on 1920x1080_g5_702_meters) || visual #182 [LF] NAD logo, ""New Acoustic Dimension"", C 3050 product face (checked on 1920x1080_g5_702_meters) || visual #183 [L] T+A logo (checked on 1920x1080_g5_702_meters) || visual #192 [G]  (checked on 1920x1080_g5_702_meters) || visual #191 [G]  (checked on 1920x1080_g5_702_meters) || visual #193 [LF] ""WADAX"" logos, ""ATLANTIS""; product face (checked on 1920x1080_g5_702_meters) || visual #176 [LF] ""CLASSE"" logos; product faces (checked on 1920x1080_g5_702_meters) || visual #048 [LF] Klanghelm VUMT plugin UI imitation; Volumio wordmark (checked on 1920x1080_g5_702_meters) || visual #189 [F] turntable photo; Volumio wordmark faint (checked on 1920x1080_g5_702_meters) || visual #187 [F] turntable photo; Volumio wordmark faint (checked on 1920x1080_g5_702_meters) || visual #188 [F] turntable photo (checked on 1920x1080_g5_702_meters) || visual #190 [F] turntable photo; Volumio wordmark faint (checked on 1920x1080_g5_702_meters) || visual #185 [F] turntable photo; Volumio wordmark faint (checked on 1920x1080_g5_702_meters) || visual #186 [F] turntable photo; Volumio wordmark faint (checked on 1920x1080_g5_702_meters) || visual #184 [F] reel-to-reel and cassette deck photos; Volumio wordmark (checked on 1920x1080_g5_702_meters)"
foonerd/peppy_templates@f80c166a,1280x720,1280x720_g5_703_meters,meter (template_peppy); 20 skin(s),14502924,"none stated (no README/LICENSE/COPYING/txt besides meters.txt in zip; meters.txt has no licence comment; per-size README in repo has none); repo LICENSE MIT ""Copyright (c) 2025 Just a nerd""; repo README: ""Individual templates may have their own licenses. See each template's README.""",not stated in zip; git commit author(s): Gelo5template (first: Gelo5template),Gelo5 work (G5 prefix on every section),"[41G5_Sansui] brand: Sansui (logo visible); Volumio (logo visible, not in name) || [42G5_Sansui 2V] brand: Sansui (logo visible) || [43G5_Dorrough] brand: Dorrough (logo visible) || [44G5_Dorrough border] brand: Dorrough (logo visible) || [45G5_Dorrough Vertical] brand: Dorrough (logo visible) || [46G5_MarantzCD] brand: Marantz (logo visible) || [47G5_Violin] generic || [48G5_PioneerCT Deck] brand: Pioneer (product face visible); TDK (product face visible, not in name) || [49G5_Pioneer M90] brand: Pioneer (logo visible) || [50G5_Sony] brand: Sony (logo visible) || [51G5_Abrahamsen] brand: Electrocompaniet (logo visible, not in name) || [52G5_Yamaha M85] brand: Yamaha (logo visible) || [53G5_Yamaha DJ] brand: Yamaha (logo visible) || [54G5_Vincent] brand: Vincent (logo visible) || [55G5_SKS12 Vertical] generic || [56G5_Free] generic || [57G5_Teac Cassette] brand: TEAC (logo visible) || [58G5_Burmaster] brand: Burmester (logo visible) || [59G5_Fire Rock] third-party IP/likeness: photographs of two rock guitarists (appear to be real performers; brand: Fender Stratocaster (product face visible, not in name) || [60G5_HelixOne] brand: HelixOne (?) (product face visible); Volumio (logo visible, not in name)","visual #074 [LF] Sansui logo; product face; Volumio wordmark (checked on 1920x1080_g5_703_meters) || visual #202 [LF] Sansui logo; product faces (checked on 1920x1080_g5_703_meters) || visual #195 [L] Dorrough logo, ""MODEL 40-A2"" (checked on 1920x1080_g5_703_meters) || visual #196 [L] Dorrough logo, ""MODEL 40-A2"" (checked on 1920x1080_g5_703_meters) || visual #065 [L] Dorrough logos on meters (checked on 1920x1080_g5_703_meters) || visual #069 [LF] Marantz wordmark; product face (checked on 1920x1080_g5_703_meters) || visual #207 [G]  (checked on 1920x1080_g5_703_meters) || visual #200 [LF] PIONEER CT-F950 cassette deck face; TDK cassette (checked on 1920x1080_g5_703_meters) || visual #201 [LF] Pioneer M-90 / C-90 ""Reference"" faces, PIONEER logo (checked on 1920x1080_g5_703_meters) || visual #204 [LF] SONY logos; product faces (checked on 1920x1080_g5_703_meters) || visual #058 [LF] Electrocompaniet wordmark and product face (named Abrahamsen) (checked on 1920x1080_g5_703_meters) || visual #209 [LF] YAMAHA logos (small); M-85 product face (checked on 1920x1080_g5_703_meters) || visual #208 [LF] Yamaha CL5 mixing console photo, YAMAHA logo (checked on 1920x1080_g5_703_meters) || visual #206 [LF] Vincent script logo; SV-234 product faces (checked on 1920x1080_g5_703_meters) || visual #203 [G]  (checked on 1920x1080_g5_703_meters) || visual #198 [G]  (checked on 1920x1080_g5_703_meters) || visual #205 [LF] TEAC W-1200 cassette deck face, TEAC logo (checked on 1920x1080_g5_703_meters) || visual #194 [LF] Burmester script logo; product face (checked on 1920x1080_g5_703_meters) || visual #197 [P] photographs of two rock guitarists (appear to be real performers; identity not established here) and a Stratocaster-style guitar (checked on 1920x1080_g5_703_meters) || visual #199 [F] HelixOne turntable product photo; Volumio wordmark (checked on 1920x1080_g5_703_meters)"
foonerd/peppy_templates@f80c166a,1280x720,1280x720_g5_704_meters,meter (template_peppy); 20 skin(s),18808918,"none stated (no README/LICENSE/COPYING/txt besides meters.txt in zip; meters.txt has no licence comment; per-size README in repo has none); repo LICENSE MIT ""Copyright (c) 2025 Just a nerd""; repo README: ""Individual templates may have their own licenses. See each template's README.""",not stated in zip; git commit author(s): Gelo5template (first: Gelo5template),Gelo5 work (G5 prefix on every section),"[61G5_Berlant] brand: Berlant Concertone (logo visible) || [62G5_BlueSea_White] brand: Blue Sea Systems (logo visible) || [63G5_BlueSea_Black] brand: Blue Sea Systems (name only) || [64G5_BMC] brand: BMC (name only); Volumio (logo visible, not in name); Hi-Res Audio logo (logo visible, not in name); Pass Labs (logo visible, not in name) || [65G5_Brianworks] brand: Brainworx (logo visible); Volumio (logo visible, not in name) || [66G5_DAgostini] brand: Dan D'Agostino (logo visible) || [67G5_Dark Spotify] brand: Spotify (name only) || [68G5_Boombox] brand: Volumio (logo visible, not in name) || [69G5_Hartman] brand: Hartmann & Braun (logo visible) || [70G5_MarkLev] brand: Mark Levinson (product face visible) || [71G5_Vertical blue] brand: Volumio (logo visible, not in name) || [72G5_Horizontal blue] brand: Volumio (logo visible, not in name) || [73G5_Yellowkidney] generic || [74G5_Triplett] brand: Triplett (logo visible) || [75G5_OLD Meter] generic || [76G5_Old2 braun] generic || [77G5_Rehringer] brand: Behringer (parody ""Rehringer"") (logo visible) || [78G5_Round yellow] generic || [79G5_J37 Tape] brand: Waves/Abbey Road J37 (product face visible); Volumio (logo visible, not in name); Waves (product face visible, not in name) || [80G5_Simens] brand: Siemens (product face visible)","visual #210 [L] ""Berlant Concertone"" logo on meter faces (checked on 1920x1080_g5_704_meters) || visual #211 [L] ""BLUE SEA SYSTEMS"" on meter faces (checked on 1920x1080_g5_704_meters) || visual #041 [G]  (checked on 1920x1080_g5_704_meters) || visual #212 [L] ""PASS"" (Pass Labs) on meter faces; ""Hi-Res AUDIO"" logo; Volumio wordmark (checked on 1920x1080_g5_704_meters) || visual #214 [L] ""BRAINWORX"" logo on meter faces; Volumio wordmark (checked on 1920x1080_g5_704_meters) || visual #215 [L] D'Agostino script logo on meter faces (checked on 1920x1080_g5_704_meters) || visual #216 [G]  (checked on 1920x1080_g5_704_meters) || visual #213 [F] boombox photo; Volumio wordmark faint (checked on 1920x1080_g5_704_meters) || visual #217 [L] ""HARTMANN & BRAUN"" on meter faces (checked on 1920x1080_g5_704_meters) || visual #220 [F] Mark Levinson-style product face; no legible logo (checked on 1920x1080_g5_704_meters) || visual #227 [L] Volumio wordmark on meter faces (checked on 1920x1080_g5_704_meters) || visual #218 [L] Volumio wordmark on meter faces (checked on 1920x1080_g5_704_meters) || visual #228 [G]  (checked on 1920x1080_g5_704_meters) || visual #226 [L] ""TRIPLETT"" logo on meter faces (checked on 1920x1080_g5_704_meters) || visual #222 [G]  (checked on 1920x1080_g5_704_meters) || visual #221 [G]  (checked on 1920x1080_g5_704_meters) || visual #223 [L] ""REHRINGER"" (Behringer parody) and ""MODEL BX-VU"" on meter faces (checked on 1920x1080_g5_704_meters) || visual #224 [G]  (checked on 1920x1080_g5_704_meters) || visual #219 [LF] Waves/Abbey Road J37 tape plugin UI imitation; Volumio wordmark (checked on 1920x1080_g5_704_meters) || visual #225 [N] Siemens-style panel meters; no legible logo (checked on 1920x1080_g5_704_meters)"
foonerd/peppy_templates@f80c166a,1280x720,1280x720_g5_705_meters,meter (template_peppy); 20 skin(s),19496103,"none stated (no README/LICENSE/COPYING/txt besides meters.txt in zip; meters.txt has no licence comment; per-size README in repo has none); repo LICENSE MIT ""Copyright (c) 2025 Just a nerd""; repo README: ""Individual templates may have their own licenses. See each template's README.""",not stated in zip; git commit author(s): Gelo5template (first: Gelo5template),Gelo5 work (G5 prefix on every section),"[81G5_Struder Tape] brand: Studer (product face visible) || [82G5_Unison Research] brand: Unison Research (product face visible) || [83G5_Jericho] brand: Jericho (logo visible) || [84G5_Radio Tann] generic (real product photo, maker not identified) || [85G5_Gryphon] brand: Gryphon (logo visible) || [86G5_Onkyo M508] brand: Onkyo (logo visible) || [87G5_Sound90] generic || [88G5_Sony TAN77] brand: Sony (logo visible) || [89G5_Rotel] brand: Rotel (logo visible); DTS (logo visible, not in name) || [90G5_Vert_Kidney] generic || [91G5_BlackBlur] generic || [92G5_BlackBlur Big-Bang] generic || [93G5_BlackBlur LED] generic || [94G5_MNN8] generic || [95G5_NeonLight] generic || [96G5_NIxI Pipe] brand: Waves (logo visible, not in name) || [97G5_Optonica] brand: Optonica (Sharp) (logo visible); Pioneer (product face visible, not in name) || [98G5_Pioneer Deck] brand: Pioneer (product face visible) || [99G5_Merc] brand: Mercedes-Benz (logo visible); Honda (logo visible, not in name) || [100G5_McIntosh Hybrid] brand: McIntosh (logo visible); Volumio (logo visible, not in name)","visual #242 [F] Studer-style multitrack tape recorder photo; logo not legible at preview scale (checked on 1920x1080_g5_705_meters) || visual #076 [F] Unison Research amplifier product photo; no legible logo (checked on 1920x1080_g5_705_meters) || visual #232 [LF] Jericho tube amplifier photo, ""jericho"" wordmark (checked on 1920x1080_g5_705_meters) || visual #239 [F] tuner/amplifier photo; no legible logo (checked on 1920x1080_g5_705_meters) || visual #231 [LF] ""THE GRYPHON"" logos; product face (checked on 1920x1080_g5_705_meters) || visual #101 [LF] Onkyo logo; M-508 product face (checked on 1920x1080_g5_705_meters) || visual #241 [G]  (checked on 1920x1080_g5_705_meters) || visual #028 [LF] Sony logo, TA-N77ES; product face (checked on 1920x1080_g5_705_meters) || visual #240 [LF] ROTEL logo, dts:X logo; RAP-1580 product face (checked on 1920x1080_g5_705_meters) || visual #243 [G]  (checked on 1920x1080_g5_705_meters) || visual #040 [G]  (checked on 1920x1080_g5_705_meters) || visual #229 [G]  (checked on 1920x1080_g5_705_meters) || visual #230 [G]  (checked on 1920x1080_g5_705_meters) || visual #234 [G]  (checked on 1920x1080_g5_705_meters) || visual #235 [G]  (checked on 1920x1080_g5_705_meters) || visual #236 [L] ""WAVES"" logo on meter faces (checked on 1920x1080_g5_705_meters) || visual #237 [LF] OPTONICA logos; product faces; Pioneer cassette visible (checked on 1920x1080_g5_705_meters) || visual #238 [LF] PIONEER CT-F1000 cassette deck face (checked on 1920x1080_g5_705_meters) || visual #233 [L] Mercedes-Benz three-pointed star logo; Honda IMA (""INTEGRATED MOTOR ASSIST"") gauge faces (checked on 1920x1080_g5_705_meters) || visual #167 [LF] McIntosh logo; product face; Volumio wordmark (checked on 1920x1080_g5_701_meters)"
foonerd/peppy_templates@f80c166a,1280x720,1280x720_g5_710_Turntables,meter (template_peppy); 48 skin(s),31913568,"none stated (no README/LICENSE/COPYING/txt besides meters.txt in zip; meters.txt has no licence comment; per-size README in repo has none); repo LICENSE MIT ""Copyright (c) 2025 Just a nerd""; repo README: ""Individual templates may have their own licenses. See each template's README.""","not stated in zip; git commit author(s): Gelo5template, foonerd (first: foonerd)",Gelo5 work (G5 prefix on every section),"[141G5_01_Vertere Turn] brand: Vertere (logo visible) || [141G5_02_Vertere Turn] brand: Vertere (logo visible) || [141G5_03_Vertere Turn] brand: Vertere (logo visible) || [142G5_01_Pioneer Gold] brand: Pioneer (logo visible) || [142G5_02_Pioneer Gold] brand: Pioneer (logo visible) || [142G5_03_Pioneer Gold] brand: Pioneer (logo visible) || [143G5_TURN Vinyl Black] brand: Volumio (logo visible, not in name) || [144G5_01_Naim Turntable] brand: Naim (logo visible) || [144G5_02_Naim Turntable] brand: Naim (logo visible) || [144G5_03_Naim Turntable] brand: Naim (logo visible) || [145G5_01_McIntosh MTI100] brand: McIntosh (logo visible) || [145G5_02_McIntosh MTI100] brand: McIntosh (logo visible) || [145G5_03_McIntosh MTI100] brand: McIntosh (logo visible) || [146G5_01_Denon DP62] brand: Denon (logo visible); NAD (product face visible, not in name) || [146G5_02_Denon DP62] brand: Denon (logo visible); NAD (product face visible, not in name) || [146G5_03_Denon DP62] brand: Denon (logo visible); NAD (product face visible, not in name) || [147G5_01_Denon DP400] brand: Denon (logo visible) || [147G5_02_Denon DP400] brand: Denon (logo visible) || [147G5_03_Denon DP400] brand: Denon (logo visible) || [148G5_01_Reloop RL7000] brand: Reloop (logo visible) || [148G5_02_Reloop RL7000] brand: Reloop (logo visible) || [148G5_03_Reloop RL7000] brand: Reloop (logo visible) || [149G5_01_Thorens] brand: Thorens (logo visible) || [149G5_02_Thorens] brand: Thorens (logo visible) || [149G5_03_Thorens] brand: Thorens (logo visible) || [150G5_02_AMG Turntable] brand: AMG (logo visible) || [150G5_03_AMG Turntable] brand: AMG (logo visible) || [151G5_01_Technics Silver] brand: Technics (logo visible) || [151G5_02_Technics Silver] brand: Technics (logo visible) || [151G5_03_Technics Silver] brand: Technics (logo visible) || [190G5_03_Grandioso] brand: Esoteric (product face visible) || [191G5_01_Crosley Turntable] brand: Crosley (logo visible) || [191G5_02_Crosley Turntable] brand: Crosley (logo visible) || [191G5_03_Crosley Turntable] brand: Crosley (logo visible) || [192G5_01_Korg Handy] brand: Korg (logo visible) || [192G5_02_Korg Handy] brand: Korg (logo visible) || [192G5_03_Korg Handy] brand: Korg (logo visible) || [193G5_01_TechDas] brand: TechDAS (logo visible) || [193G5_02_TechDas] brand: TechDAS (logo visible) || [193G5_03_TechDas] brand: TechDAS (logo visible) || [194G5_02_PioneerNew] brand: Pioneer (logo visible); Serato (logo visible, not in name); rekordbox (logo visible, not in name) || [194G5_03_PioneerNew] brand: Pioneer (logo visible); Serato (logo visible, not in name); rekordbox (logo visible, not in name) || [195G5_01_Gramovox] brand: Gramovox (product face visible) || [195G5_02_Gramovox] brand: Gramovox (product face visible) || [195G5_03_Gramovox] brand: Gramovox (product face visible) || [196G5_01_SME60] brand: SME (logo visible); Volumio (logo visible, not in name) || [196G5_02_SME60] brand: SME (logo visible); Volumio (logo visible, not in name) || [196G5_03_SME60] brand: SME (logo visible); Volumio (logo visible, not in name)","visual #259 [LF] VERTERE logos; turntable face (checked on 1920x1080_g5_710_Turntables) || visual #259 [LF] VERTERE logos; turntable face (checked on 1920x1080_g5_710_Turntables) || visual #259 [LF] VERTERE logos; turntable face (checked on 1920x1080_g5_710_Turntables) || visual #253 [LF] ""Pioneer DJ"" logo; PLX turntable face (checked on 1920x1080_g5_710_Turntables) || visual #253 [LF] ""Pioneer DJ"" logo; PLX turntable face (checked on 1920x1080_g5_710_Turntables) || visual #253 [LF] ""Pioneer DJ"" logo; PLX turntable face (checked on 1920x1080_g5_710_Turntables) || visual #185 [F] turntable photo; Volumio wordmark faint (checked on 1920x1080_g5_702_meters) || visual #252 [LF] Naim turntable face; naim logo small (checked on 1920x1080_g5_710_Turntables) || visual #252 [LF] Naim turntable face; naim logo small (checked on 1920x1080_g5_710_Turntables) || visual #252 [LF] Naim turntable face; naim logo small (checked on 1920x1080_g5_710_Turntables) || visual #251 [LF] McIntosh logo; MTI100 product face (checked on 1920x1080_g5_710_Turntables) || visual #251 [LF] McIntosh logo; MTI100 product face (checked on 1920x1080_g5_710_Turntables) || visual #251 [LF] McIntosh logo; MTI100 product face (checked on 1920x1080_g5_710_Turntables) || visual #247 [LF] DENON logo; DP-62 turntable face; NAD meter faces (checked on 1920x1080_g5_710_Turntables) || visual #247 [LF] DENON logo; DP-62 turntable face; NAD meter faces (checked on 1920x1080_g5_710_Turntables) || visual #247 [LF] DENON logo; DP-62 turntable face; NAD meter faces (checked on 1920x1080_g5_710_Turntables) || visual #246 [LF] DENON logo; DP-400 turntable face (checked on 1920x1080_g5_710_Turntables) || visual #246 [LF] DENON logo; DP-400 turntable face (checked on 1920x1080_g5_710_Turntables) || visual #246 [LF] DENON logo; DP-400 turntable face (checked on 1920x1080_g5_710_Turntables) || visual #255 [LF] ""reloop"" logo; RP-7000 turntable face (checked on 1920x1080_g5_710_Turntables) || visual #255 [LF] ""reloop"" logo; RP-7000 turntable face (checked on 1920x1080_g5_710_Turntables) || visual #255 [LF] ""reloop"" logo; RP-7000 turntable face (checked on 1920x1080_g5_710_Turntables) || visual #258 [LF] THORENS logos on meters and plinth (checked on 1920x1080_g5_710_Turntables) || visual #258 [LF] THORENS logos on meters and plinth (checked on 1920x1080_g5_710_Turntables) || visual #258 [LF] THORENS logos on meters and plinth (checked on 1920x1080_g5_710_Turntables) || visual #244 [LF] AMG turntable product face, AMG logo small (checked on 1920x1080_g5_710_Turntables) || visual #244 [LF] AMG turntable product face, AMG logo small (checked on 1920x1080_g5_710_Turntables) || visual #031 [LF] Technics SL-1200 product face, Technics wordmark (checked on 1920x1080_g5_710_Turntables) || visual #031 [LF] Technics SL-1200 product face, Technics wordmark (checked on 1920x1080_g5_710_Turntables) || visual #031 [LF] Technics SL-1200 product face, Technics wordmark (checked on 1920x1080_g5_710_Turntables) || visual #249 [F] Esoteric Grandioso T1 turntable photo; no legible logo at preview scale (checked on 1920x1080_g5_710_Turntables) || visual #245 [LF] Crosley turntable product photo, CROSLEY logo small (checked on 1920x1080_g5_710_Turntables) || visual #245 [LF] Crosley turntable product photo, CROSLEY logo small (checked on 1920x1080_g5_710_Turntables) || visual #245 [LF] Crosley turntable product photo, CROSLEY logo small (checked on 1920x1080_g5_710_Turntables) || visual #250 [LF] KORG logo, ""handytraxx play""; product face (checked on 1920x1080_g5_710_Turntables) || visual #250 [LF] KORG logo, ""handytraxx play""; product face (checked on 1920x1080_g5_710_Turntables) || visual #250 [LF] KORG logo, ""handytraxx play""; product face (checked on 1920x1080_g5_710_Turntables) || visual #257 [LF] TechDAS logo; Air Force turntable face (checked on 1920x1080_g5_710_Turntables) || visual #257 [LF] TechDAS logo; Air Force turntable face (checked on 1920x1080_g5_710_Turntables) || visual #257 [LF] TechDAS logo; Air Force turntable face (checked on 1920x1080_g5_710_Turntables) || visual #254 [LF] ""serato"" and ""rekordbox"" logos on Pioneer DJ turntable (checked on 1920x1080_g5_710_Turntables) || visual #254 [LF] ""serato"" and ""rekordbox"" logos on Pioneer DJ turntable (checked on 1920x1080_g5_710_Turntables) || visual #248 [F] Gramovox horn turntable product photo; no legible logo (checked on 1920x1080_g5_710_Turntables) || visual #248 [F] Gramovox horn turntable product photo; no legible logo (checked on 1920x1080_g5_710_Turntables) || visual #248 [F] Gramovox horn turntable product photo; no legible logo (checked on 1920x1080_g5_710_Turntables) || visual #256 [LF] SME logo; SME 60 turntable face; Volumio wordmark (checked on 1920x1080_g5_710_Turntables) || visual #256 [LF] SME logo; SME 60 turntable face; Volumio wordmark (checked on 1920x1080_g5_710_Turntables) || visual #256 [LF] SME logo; SME 60 turntable face; Volumio wordmark (checked on 1920x1080_g5_710_Turntables)"
foonerd/peppy_templates@f80c166a,1280x720,1280x720_g5_711_Tape_Recorder,meter (template_peppy); 20 skin(s),32025049,"none stated (no README/LICENSE/COPYING/txt besides meters.txt in zip; meters.txt has no licence comment; per-size README in repo has none); repo LICENSE MIT ""Copyright (c) 2025 Just a nerd""; repo README: ""Individual templates may have their own licenses. See each template's README.""","not stated in zip; git commit author(s): Gelo5template, foonerd (first: foonerd)",Gelo5 work (G5 prefix on every section),"[151G5_Akai77 black] brand: Akai (logo visible) || [152G5_Akai77_silver] brand: Akai (logo visible) || [153G5_Studer A810] brand: Studer (logo visible) || [154G5_PioneerRT707_silver] brand: Pioneer (product face visible) || [155G5_Antelope Reel] brand: Antelope (?) (logo visible) || [156G5_Otari Reel] brand: Otari (logo visible) || [157G5_Revox B77] brand: Revox (logo visible) || [158G5_Tascam Rec] brand: Tascam (logo visible) || [159G5_Technics Rec] brand: Technics (logo visible) || [159G5_Metaxas Rec] generic (real product photo, maker not identified) || [210G5_Sony TC730] brand: Sony (logo visible) || [211G5_Akai GX635] brand: Akai (logo visible) || [212G5_TapeAK] generic (real product photo, maker not identified) || [213G5_Fostex Rec] brand: Fostex (logo visible) || [214G5_TapeAMP] generic (real product photo, maker not identified) || [215G5_Koncert M3401] brand: Koncert (product face visible) || [216G5_Akai PRO1000] brand: Akai (logo visible); Bocatech (?) (logo visible, not in name) || [217G5_MION24] brand: MION (?) (product face visible) || [218G5_Teac X2000] brand: TEAC (logo visible) || [219G5_Tandberg OLD] brand: Tandberg (logo visible)","visual #260 [LF] AKAI logo; GX-77 reel-to-reel face (checked on 1920x1080_g5_711_Tape_Recorder) || visual #261 [LF] AKAI logo; GX-77 reel-to-reel face (checked on 1920x1080_g5_711_Tape_Recorder) || visual #273 [LF] STUDER logo; A810 face (checked on 1920x1080_g5_711_Tape_Recorder) || visual #270 [LF] PIONEER RT-707 reel-to-reel face (checked on 1920x1080_g5_711_Tape_Recorder) || visual #264 [N] ""Antelope Reel to Reel"" script; plugin-UI style; maker unclear (checked on 1920x1080_g5_711_Tape_Recorder) || visual #269 [LF] OTARI logo; reel-to-reel face (checked on 1920x1080_g5_711_Tape_Recorder) || visual #271 [LF] ReVox B77 MK II logo; product face (checked on 1920x1080_g5_711_Tape_Recorder) || visual #277 [LF] TASCAM logo; reel-to-reel face (checked on 1920x1080_g5_711_Tape_Recorder) || visual #279 [LF] Technics RS-1500-style reel-to-reel face, Technics wordmark small (checked on 1920x1080_g5_711_Tape_Recorder) || visual #267 [F] Metaxas-style reel recorder; no legible logo (checked on 1920x1080_g5_711_Tape_Recorder) || visual #272 [LF] SONY logo; TC-730 reel-to-reel face (checked on 1920x1080_g5_711_Tape_Recorder) || visual #262 [LF] AKAI logos on meters; GX-635 face (checked on 1920x1080_g5_711_Tape_Recorder) || visual #275 [F] reel-to-reel/amp photo; no legible logo (checked on 1920x1080_g5_711_Tape_Recorder) || visual #265 [LF] Fostex logo; reel-to-reel face (checked on 1920x1080_g5_711_Tape_Recorder) || visual #276 [F] reel deck graphic; no legible logo (checked on 1920x1080_g5_711_Tape_Recorder) || visual #266 [LF] Koncert M3401 reel-to-reel photo; wordmark small (checked on 1920x1080_g5_711_Tape_Recorder) || visual #263 [LF] AKAI logo; ""BOCATECH INC."" meters (checked on 1920x1080_g5_711_Tape_Recorder) || visual #268 [F] reel-to-reel photo; no legible logo (checked on 1920x1080_g5_711_Tape_Recorder) || visual #278 [LF] TEAC logo; X-2000 reel-to-reel face (checked on 1920x1080_g5_711_Tape_Recorder) || visual #274 [LF] Tandberg reel-to-reel photo, TANDBERG wordmark (checked on 1920x1080_g5_711_Tape_Recorder)"
foonerd/peppy_templates@f80c166a,1280x720,1280x720_g5_712_Cassette,meter (template_peppy); 15 skin(s),21568388,"none stated (no README/LICENSE/COPYING/txt besides meters.txt in zip; meters.txt has no licence comment; per-size README in repo has none); repo LICENSE MIT ""Copyright (c) 2025 Just a nerd""; repo README: ""Individual templates may have their own licenses. See each template's README.""","not stated in zip; git commit author(s): Gelo5template, foonerd (first: foonerd)","Gelo5 work (G5 prefix on every section); 1280x720 rescale of the 1920x1080 set (rescale_template_1024.py in 712_Cassette names INPUT_FOLDER ""1920x1080_g5_709_meters"")","[161G5_Pioneer Cassette] brand: Pioneer (logo visible) || [162G5_TDK cassette] brand: TDK (logo visible) || [163G5_TEAC cassette] brand: TEAC (logo visible) || [164G5_Maxell Cassette] brand: Maxell (logo visible) || [165G5_BASF Free] brand: BASF (logo visible) || [166G5_Cassette_Circular] generic (real product photo, maker not identified) || [167G5_Cassette_Linear] brand: BASF (logo visible, not in name) || [168G5_Philips Cassette] brand: Philips (product face visible) || [169G5_Denon DR650] brand: Denon (logo visible) || [170G5_SonyK770 cassette] brand: Sony (logo visible) || [240G5_MION24C] brand: MION (?) (product face visible) || [241G5_Kenwood cassette] brand: Kenwood (product face visible) || [242G5_Sharp] brand: Sharp (logo visible) || [243G5_Sansui Cassette] brand: Sansui (logo visible) || [244G5_Pioneer CT_F1250] brand: Pioneer (product face visible)","visual #288 [L] ""PIONEER N1-60"" cassette label with Pioneer logo (checked on 1920x1080_g5_712_Cassette) || visual #292 [L] ""TDK D"" cassette label with TDK logo (checked on 1920x1080_g5_712_Cassette) || visual #205 [LF] TEAC W-1200 cassette deck face, TEAC logo (checked on 1920x1080_g5_703_meters) || visual #285 [L] ""maxell XLII 90"" cassette label; maxell logos on meters (checked on 1920x1080_g5_712_Cassette) || visual #280 [L] ""BASF CHROME SUPER II 60"" cassette label (checked on 1920x1080_g5_712_Cassette) || visual #281 [F] cassette labelled ""FERRO COLOR"" (real tape product look); maker not named (checked on 1920x1080_g5_712_Cassette) || visual #282 [F] BASF LH-style cassette label (""C60 ... LH"", ""unbespielt""); maker not named (checked on 1920x1080_g5_712_Cassette) || visual #287 [F] Philips-style cassette deck face; logo not legible at preview scale (checked on 1920x1080_g5_712_Cassette) || visual #283 [LF] DENON logo; DR-650-style cassette deck face (checked on 1920x1080_g5_712_Cassette) || visual #291 [LF] SONY logos; TC-K770ES cassette deck face (checked on 1920x1080_g5_712_Cassette) || visual #286 [F] reel-to-reel photo; no legible logo (checked on 1920x1080_g5_712_Cassette) || visual #284 [F] cassette-deck photo; no legible logo (checked on 1920x1080_g5_712_Cassette) || visual #108 [F] Sharp cassette deck face (""Auto Program Locate Device""); no legible Sharp logo (checked on 1920x1080_g5_712_Cassette) || visual #290 [LF] Sansui SC-5330 cassette deck face, Sansui logo (checked on 1920x1080_g5_712_Cassette) || visual #289 [LF] PIONEER CT-F1250 cassette deck face (checked on 1920x1080_g5_712_Cassette)"
foonerd/peppy_templates@f80c166a,1280x720,1280x720_g5_713_CD,meter (template_peppy); 16 skin(s),18344341,"none stated (no README/LICENSE/COPYING/txt besides meters.txt in zip; meters.txt has no licence comment; per-size README in repo has none); repo LICENSE MIT ""Copyright (c) 2025 Just a nerd""; repo README: ""Individual templates may have their own licenses. See each template's README.""","not stated in zip; git commit author(s): Gelo5template, foonerd (first: foonerd)",Gelo5 work (G5 prefix on every section),"[171G5_Sony557 Full] brand: Sony (logo visible) || [172G5_Sony557 Cust] brand: Sony (logo visible) || [173G5_CD Player Full] generic || [174G5_CD Player Cust] generic || [175G5_Emerson Full] brand: Emerson (logo visible); Bluetooth logo (logo visible, not in name) || [176G5_Emerson Cust] brand: Emerson (logo visible); Bluetooth logo (logo visible, not in name) || [177G5_Dunu Cust] brand: Dunu (logo visible); Volumio (logo visible, not in name) || [178G5_Thinkya Cust] brand: Thinkya (logo visible) || [179G5_Shanling Cust] brand: Shanling (product face visible); Hitachi (product face visible, not in name) || [180G5_Syitren Cust] brand: Syitren (product face visible) || [260G5_CD Black] brand: Volumio (logo visible, not in name) || [261G5_CD HOTT] generic (real product photo, maker not identified) || [262G5_Jadis] brand: Jadis (logo visible) || [262G5_02_Jadis] brand: Jadis (logo visible) || [263G5_Emerson MS3] brand: Emerson (logo visible) || [263G5_02_Emerson MS3] brand: Emerson (logo visible)","visual #304 [LF] SONY logos; CDP-557ESD product face (checked on 1920x1080_g5_713_CD) || visual #303 [LF] SONY logos; CDP-557ESD product face (checked on 1920x1080_g5_713_CD) || visual #296 [G]  (checked on 1920x1080_g5_713_CD) || visual #295 [G]  (checked on 1920x1080_g5_713_CD) || visual #299 [LF] ""Emerson"" logo, Bluetooth logo; boombox face (checked on 1920x1080_g5_713_CD) || visual #298 [LF] ""Emerson"" logo, Bluetooth logo; boombox face (checked on 1920x1080_g5_713_CD) || visual #297 [LF] ""DUNU"" logo; Volumio wordmark (checked on 1920x1080_g5_713_CD) || visual #306 [LF] ""THINKYA"" logo; CD player face (checked on 1920x1080_g5_713_CD) || visual #302 [LF] Shanling CD player photo; HITACHI meter faces (checked on 1920x1080_g5_713_CD) || visual #305 [F] Syitren-style CD player face; no legible logo (checked on 1920x1080_g5_713_CD) || visual #293 [F] turntable/amp graphic; Volumio wordmark faint (checked on 1920x1080_g5_713_CD) || visual #294 [F] CD player graphic; no legible logo (checked on 1920x1080_g5_713_CD) || visual #301 [LF] Jadis CD transport photo, Jadis logo (checked on 1920x1080_g5_713_CD) || visual #301 [LF] Jadis CD transport photo, Jadis logo (checked on 1920x1080_g5_713_CD) || visual #300 [LF] EMERSON logo; MS3 product face (checked on 1920x1080_g5_713_CD) || visual #300 [LF] EMERSON logo; MS3 product face (checked on 1920x1080_g5_713_CD)"
foonerd/peppy_templates@f80c166a,1280x720,1280x720_g5_FanarTurntable,meter (template_peppy); 10 skin(s),11121049,"none stated (no README/LICENSE/COPYING/txt besides meters.txt in zip; meters.txt has no licence comment; per-size README in repo has none); repo LICENSE MIT ""Copyright (c) 2025 Just a nerd""; repo README: ""Individual templates may have their own licenses. See each template's README.""",not stated in zip; git commit author(s): Gelo5template (first: Gelo5template),Gelo5 work (G5 prefix on every section),"[350G5_Denon DP62 Fanart] brand: Denon (logo visible); NAD (product face visible, not in name) || [351G5_Denon DP400 Fanart] brand: Denon (logo visible) || [352G5_Pioneer Gold Fanart] brand: Pioneer (logo visible) || [353G5_Technics Silver Fanart] brand: Technics (logo visible) || [354G5_Thorens Fanart] brand: Thorens (logo visible) || [355G5_Grandioso Fanart] brand: Esoteric (product face visible) || [356G5_Vertere Fanart] brand: Vertere (logo visible) || [357G5_McIntosh MTI100 Fanart] brand: McIntosh (logo visible) || [358G5_Naim Turn Fanart] brand: Naim (logo visible) || [359G5_Turn Black_Fanart] brand: Volumio (logo visible, not in name)","visual #308 [LF] DENON logo; DP-62 face; NAD meter faces (checked on 1920x1080_g5_FanarTurntable) || visual #307 [LF] DENON logo; DP-400 turntable face (checked on 1920x1080_g5_FanarTurntable) || visual #312 [LF] ""Pioneer DJ"" logo; PLX turntable face (checked on 1920x1080_g5_FanarTurntable) || visual #313 [LF] Technics SL-1200 face, Technics wordmark (checked on 1920x1080_g5_FanarTurntable) || visual #314 [LF] THORENS logos (checked on 1920x1080_g5_FanarTurntable) || visual #309 [F] Esoteric Grandioso turntable photo; no legible logo at preview scale (checked on 1920x1080_g5_FanarTurntable) || visual #316 [LF] VERTERE logos; turntable face (checked on 1920x1080_g5_FanarTurntable) || visual #310 [LF] McIntosh logo; MTI100 face (checked on 1920x1080_g5_FanarTurntable) || visual #311 [LF] Naim turntable face; naim logo small (checked on 1920x1080_g5_FanarTurntable) || visual #315 [F] turntable photo; Volumio wordmark faint (checked on 1920x1080_g5_FanarTurntable)"
foonerd/peppy_templates@f80c166a,1280x720,1280x720_g5_FanartCD,meter (template_peppy); 10 skin(s),8847256,"none stated (no README/LICENSE/COPYING/txt besides meters.txt in zip; meters.txt has no licence comment; per-size README in repo has none); repo LICENSE MIT ""Copyright (c) 2025 Just a nerd""; repo README: ""Individual templates may have their own licenses. See each template's README.""",not stated in zip; git commit author(s): Gelo5template (first: Gelo5template),Gelo5 work (G5 prefix on every section),"[300G5_Shanling Fanart] brand: Shanling (product face visible); Hitachi (product face visible, not in name) || [301G5_Kenwood Fanart] brand: Kenwood (name only) || [302G5_McIntosh Fanart] brand: McIntosh (product face visible) || [303G5_Vertere Fanart] brand: Vertere (logo visible) || [304G5_Kenwood Ver_Fanart] brand: Kenwood (name only) || [305G5_LG_Syitren Fanart] brand: Syitren (name only) || [306G5_LG_Thinkya Fanart] brand: Thinkya (product face visible); Naim (product face visible, not in name) || [307G5_FreeCD Fanart] generic || [308G5_ONLY Fanart] generic || [309G5_Mion_Fanart] brand: MION (?) (product face visible)",visual #325 [F] Shanling CD player shape; HITACHI meter faces (checked on 1920x1080_g5_FanartCD) || visual #318 [G]  (checked on 1920x1080_g5_FanartCD) || visual #322 [F] McIntosh-style blue meters; no legible logo on this preview (checked on 1920x1080_g5_FanartCD) || visual #316 [LF] VERTERE logos; turntable face (checked on 1920x1080_g5_FanarTurntable) || visual #319 [G]  (checked on 1920x1080_g5_FanartCD) || visual #320 [F] CD player graphic; no legible logo (checked on 1920x1080_g5_FanartCD) || visual #321 [F] CD player graphic; Naim-style green meters; no legible logo (checked on 1920x1080_g5_FanartCD) || visual #317 [G]  (checked on 1920x1080_g5_FanartCD) || visual #324 [G]  (checked on 1920x1080_g5_FanartCD) || visual #323 [F] reel-to-reel cabinet photo; no legible logo (checked on 1920x1080_g5_FanartCD)
foonerd/peppy_templates@f80c166a,1280x800,1280x800_dagostino_pendulum,meter (template_peppy); 1 skin(s),1641770,"none stated (no README/LICENSE/COPYING/txt besides meters.txt in zip; meters.txt has no licence comment; per-size README in repo has none); repo LICENSE MIT ""Copyright (c) 2025 Just a nerd""; repo README: ""Individual templates may have their own licenses. See each template's README.""",not stated in zip; git commit author(s): Wheaten (first: Wheaten),,[dan_dagostimo_mlife] brand: Dan D'Agostino (logo visible),"visual #016 [LF] Dan D'Agostino product photo, ""DAN D'AGOSTINO"" text (checked on 1280x800_dagostino_pendulum)"
foonerd/peppy_templates@f80c166a,1280x800,1280x800_dan_dagostimo_momentum_c2,meter (template_peppy); 1 skin(s),1690518,"none stated (no README/LICENSE/COPYING/txt besides meters.txt in zip; meters.txt has no licence comment; per-size README in repo has none); repo LICENSE MIT ""Copyright (c) 2025 Just a nerd""; repo README: ""Individual templates may have their own licenses. See each template's README.""",not stated in zip; git commit author(s): Wheaten (first: Wheaten),,[dan-dagostino] brand: Dan D'Agostino (logo visible),"visual #326 [LF] Dan D'Agostino product photo, ""DAN D'AGOSTINO"" text (checked on 1280x800_dan_dagostimo_momentum_c2)"
foonerd/peppy_templates@f80c166a,1280x800,1280x800_esoteric-grandioso-t1,meter (template_peppy); 1 skin(s),888306,"none stated (no README/LICENSE/COPYING/txt besides meters.txt in zip; meters.txt has no licence comment; per-size README in repo has none); repo LICENSE MIT ""Copyright (c) 2025 Just a nerd""; repo README: ""Individual templates may have their own licenses. See each template's README.""",not stated in zip; git commit author(s): Wheaten (first: Wheaten),,[esoteric-grandioso-t1] brand: Esoteric (logo visible),"visual #017 [LF] Esoteric Grandioso T1 turntable photo, Esoteric wordmark (checked on 1280x800_esoteric-grandioso-t1)"
foonerd/peppy_templates@f80c166a,1280x800,1280x800_g5_410_ms,meter+spectrum (templates_peppy_spectrum); 13 skin(s),15593963,"none stated (no README/LICENSE/COPYING/txt besides meters.txt in zip; meters.txt has no licence comment; per-size README in repo has none); repo LICENSE MIT ""Copyright (c) 2025 Just a nerd""; repo README: ""Individual templates may have their own licenses. See each template's README.""",not stated in zip; git commit author(s): Gelo5template (first: Gelo5template),Gelo5 work (G5 prefix on every section),"[101G5_Free S+M] generic || [102G5_Naim S+M] brand: Naim (logo visible) || [103G5_Marschal Spectrum] brand: Marshall (logo visible) || [104G5_Lyngdorf S+M] brand: Lyngdorf (product face visible) || [105G5_Kenwood Spectrum] brand: Kenwood (logo visible) || [106G5_OldPipe Spectrum] generic || [107G5_Marantz S+M] brand: Marantz (logo visible) || [108G5_Kenwood Rev S+M] brand: Kenwood (product face visible) || [109G5_475A Oscil S+M] brand: Tektronix (product face visible) || [110G5_PeppyP S+M] generic || [111G5_Teletronix S+M] brand: Teletronix (logo visible) || [112G5_KeySlight S+M] brand: Keysight (product face visible); Volumio (logo visible, not in name) || [113G5_Old Spectrum S+M] generic","visual #328 [G]  (checked on 1920x1080_20g5) || visual #125 [L] Naim logo (checked on 1920x1080_20g5) || visual #330 [LF] Marshall amplifier face, Marshall script logos (checked on 1920x1080_20g5) || visual #157 [F] Lyngdorf product faces; wordmark tiny, not legible at preview scale (checked on 1920x1080_20g5) || visual #121 [LF] ""KENWOOD STEREO GRAPHIC EQUALIZER KGC-700"" (checked on 1920x1080_20g5) || visual #331 [G]  (checked on 1920x1080_20g5) || visual #123 [LF] Marantz logo; product faces (checked on 1920x1080_20g5) || visual #329 [F] Kenwood-style amplifier face; no legible logo (checked on 1280x800_g5_410_ms) || visual #327 [F] Tektronix 475A oscilloscope photo; logo not legible at preview scale (checked on 1280x800_g5_410_ms) || visual #130 [G]  (checked on 1280x800_g5_410_ms) || visual #134 [L] ""TELETRONIX ENGINEERING CO"" on meter faces (checked on 1280x800_g5_410_ms) || visual #122 [LF] Keysight analyser face imitation; Volumio wordmark (checked on 1280x800_g5_410_ms) || visual #158 [G]  (checked on 1280x800_g5_410_ms)"
foonerd/peppy_templates@f80c166a,1280x800,1280x800_g5_420_meters,meter (template_peppy); 20 skin(s),19587554,"none stated (no README/LICENSE/COPYING/txt besides meters.txt in zip; meters.txt has no licence comment; per-size README in repo has none); repo LICENSE MIT ""Copyright (c) 2025 Just a nerd""; repo README: ""Individual templates may have their own licenses. See each template's README.""",not stated in zip; git commit author(s): Gelo5template (first: Gelo5template),Gelo5 work (G5 prefix on every section),"[01G5_Accuphase] brand: Accuphase (logo visible); Volumio (logo visible, not in name) || [02G5_Accuphase monoblock] brand: Accuphase (logo visible) || [03G5_Berlant] brand: Berlant Concertone (logo visible) || [04G5_Berlant Purple] brand: Berlant Concertone (logo visible) || [05G5_Audio Research] brand: Audio Research (logo visible) || [06G5_McIntosh] brand: McIntosh (logo visible); Volumio (logo visible, not in name) || [07G5_McIntosh monoblock] brand: McIntosh (logo visible) || [08G5_McIntosh Hybrid] brand: McIntosh (logo visible); Volumio (logo visible, not in name) || [09G5_McIntosh Tube] brand: McIntosh (logo visible) || [10G5_Kenwood Ver] brand: Kenwood (name only) || [11G5_Kenwood Rev] brand: Kenwood (product face visible) || [12G5_VU Single Yellow] generic || [13G5_NAD C3050 Purple] brand: NAD (logo visible) || [14G5_NAD C3050] brand: NAD (logo visible) || [15G5_Naim green] brand: Naim (logo visible) || [16G5_Naim 2] brand: Naim (logo visible) || [17G5_Naim Rev] brand: Naim (product face visible) || [18G5_Sansui] brand: Sansui (logo visible); Volumio (logo visible, not in name) || [19G5_Sansui 2V] brand: Sansui (logo visible) || [20G5_Brianworks] brand: Brainworx (logo visible); Volumio (logo visible, not in name)","visual #018 [LF] Accuphase logo on product face; also Volumio wordmark (checked on 1920x1080_g5_701_meters) || visual #159 [LF] Accuphase logos; A-250 product faces (checked on 1920x1080_g5_701_meters) || visual #210 [L] ""Berlant Concertone"" logo on meter faces (checked on 1920x1080_g5_704_meters) || visual #332 [L] ""Berlant Concertone"" logo on meter faces (checked on 1280x800_g5_420_meters) || visual #039 [LF] Audio Research product face, audio research wordmark (checked on 1920x1080_g5_701_meters) || visual #024 [LF] McIntosh logo; product face; Volumio wordmark (checked on 1920x1080_g5_701_meters) || visual #168 [LF] McIntosh logos; MEN220 / monoblock faces (checked on 1920x1080_g5_701_meters) || visual #167 [LF] McIntosh logo; product face; Volumio wordmark (checked on 1920x1080_g5_701_meters) || visual #169 [LF] McIntosh tube amplifier photo; McIntosh logo (checked on 1920x1080_g5_701_meters) || visual #164 [G]  (checked on 1920x1080_g5_701_meters) || visual #046 [F] Kenwood-style amplifier face; no legible logo (checked on 1280x800_g5_420_meters) || visual #192 [G]  (checked on 1920x1080_g5_702_meters) || visual #333 [LF] NAD ""New Acoustic Dimension""; C 3050 face (checked on 1280x800_g5_420_meters) || visual #050 [LF] NAD ""New Acoustic Dimension"" on meters; NAD product face (checked on 1280x800_g5_420_meters) || visual #170 [LF] Naim logos; product face (checked on 1920x1080_g5_701_meters) || visual #026 [L] Naim logo (checked on 1920x1080_g5_701_meters) || visual #334 [F] Naim-style face; no legible logo on this preview (checked on 1280x800_g5_420_meters) || visual #074 [LF] Sansui logo; product face; Volumio wordmark (checked on 1920x1080_g5_703_meters) || visual #202 [LF] Sansui logo; product faces (checked on 1920x1080_g5_703_meters) || visual #214 [L] ""BRAINWORX"" logo on meter faces; Volumio wordmark (checked on 1920x1080_g5_704_meters)"
foonerd/peppy_templates@f80c166a,1280x800,1280x800_g5_421_meters,meter (template_peppy); 20 skin(s),22471573,"none stated (no README/LICENSE/COPYING/txt besides meters.txt in zip; meters.txt has no licence comment; per-size README in repo has none); repo LICENSE MIT ""Copyright (c) 2025 Just a nerd""; repo README: ""Individual templates may have their own licenses. See each template's README.""",not stated in zip; git commit author(s): Gelo5template (first: Gelo5template),Gelo5 work (G5 prefix on every section),"[21G5_BlackBlur] generic || [22G5_Dark Spotify] brand: Spotify (name only) || [23G5_Hitachi HMA7500 Black] brand: Hitachi (logo visible) || [24G5_Hitachi HCA7500 Silver] brand: Hitachi (logo visible) || [25G5_Marantz Silver] brand: Marantz (product face visible); Volumio (logo visible, not in name) || [26G5_Marantz Black] brand: Marantz (product face visible); Volumio (logo visible, not in name) || [27G5_MarantzCD] brand: Marantz (logo visible) || [28G5_Technisc_Black] brand: Technics (logo visible) || [29G5_Technisc_Silver] brand: Technics (logo visible) || [30G5_Round yellow] generic || [31G5_Rehringer] brand: Behringer (parody ""Rehringer"") (logo visible) || [32G5_Akai Reverse] brand: Akai (logo visible) || [33G5_ClasseM] brand: Classé (logo visible) || [34G5_BMC] brand: BMC (name only); Volumio (logo visible, not in name); Hi-Res Audio logo (logo visible, not in name); Pass Labs (logo visible, not in name) || [35G5_Hartman] brand: Hartmann & Braun (logo visible) || [36G5_Klanghelm] brand: Klanghelm (product face visible); Volumio (logo visible, not in name) || [37G5_TURN Vinyl Green] brand: Volumio (logo visible, not in name) || [38G5_TURN Vinyl Green 2] generic (real product photo, maker not identified) || [39G5_TURN Vinyl Silver] brand: Volumio (logo visible, not in name) || [40G5_TURN Vinyl Black] brand: Volumio (logo visible, not in name)","visual #040 [G]  (checked on 1920x1080_g5_705_meters) || visual #216 [G]  (checked on 1920x1080_g5_704_meters) || visual #178 [LF] ""HITACHI"" on meters; HMA-7500 product face (checked on 1920x1080_g5_702_meters) || visual #177 [LF] ""HITACHI"" HCA-7500/HMA-7500 product faces (checked on 1920x1080_g5_702_meters) || visual #166 [F] Marantz AV receiver face; Volumio wordmark; Marantz logo not legible at preview scale (checked on 1920x1080_g5_701_meters) || visual #165 [F] Marantz SR-series AV receiver face; Volumio wordmark; Marantz logo not legible at preview scale (checked on 1920x1080_g5_701_meters) || visual #069 [LF] Marantz wordmark; product face (checked on 1920x1080_g5_703_meters) || visual #335 [LF] Technics face; Technics wordmark small (checked on 1280x800_g5_421_meters) || visual #336 [LF] Technics face; Technics wordmark small (checked on 1280x800_g5_421_meters) || visual #224 [G]  (checked on 1920x1080_g5_704_meters) || visual #223 [L] ""REHRINGER"" (Behringer parody) and ""MODEL BX-VU"" on meter faces (checked on 1920x1080_g5_704_meters) || visual #175 [LF] Akai reel-to-reel face; ""AKAI"" on meter faces (checked on 1920x1080_g5_702_meters) || visual #176 [LF] ""CLASSE"" logos; product faces (checked on 1920x1080_g5_702_meters) || visual #212 [L] ""PASS"" (Pass Labs) on meter faces; ""Hi-Res AUDIO"" logo; Volumio wordmark (checked on 1920x1080_g5_704_meters) || visual #217 [L] ""HARTMANN & BRAUN"" on meter faces (checked on 1920x1080_g5_704_meters) || visual #048 [LF] Klanghelm VUMT plugin UI imitation; Volumio wordmark (checked on 1920x1080_g5_702_meters) || visual #187 [F] turntable photo; Volumio wordmark faint (checked on 1920x1080_g5_702_meters) || visual #188 [F] turntable photo (checked on 1920x1080_g5_702_meters) || visual #190 [F] turntable photo; Volumio wordmark faint (checked on 1920x1080_g5_702_meters) || visual #185 [F] turntable photo; Volumio wordmark faint (checked on 1920x1080_g5_702_meters)"
foonerd/peppy_templates@f80c166a,1280x800,1280x800_g5_422_meters,meter (template_peppy); 20 skin(s),19080313,"none stated (no README/LICENSE/COPYING/txt besides meters.txt in zip; meters.txt has no licence comment; per-size README in repo has none); repo LICENSE MIT ""Copyright (c) 2025 Just a nerd""; repo README: ""Individual templates may have their own licenses. See each template's README.""",not stated in zip; git commit author(s): Gelo5template (first: Gelo5template),Gelo5 work (G5 prefix on every section),"[41G5_Yellowkidney] generic || [42G5_OLD Meter] generic || [43G5_Old2 braun] generic || [44G5_T+A] brand: T+A (logo visible) || [45G5_Triplett] brand: Triplett (logo visible) || [46G5_Leben] brand: Leben (logo visible) || [47G5_Luxman Gold] brand: Luxman (logo visible) || [48G5_Vertical blue] brand: Volumio (logo visible, not in name) || [49G5_MarkLev] brand: Mark Levinson (product face visible) || [50G5_Teac Cassette] brand: TEAC (logo visible) || [51G5_Optonica] brand: Optonica (Sharp) (logo visible); Pioneer (product face visible, not in name) || [52G5_PioneerCT] brand: Pioneer (product face visible); TDK (product face visible, not in name) || [53G5_Abrahamsen] brand: Electrocompaniet (logo visible, not in name) || [54G5_Dorrough] brand: Dorrough (logo visible) || [55G5_Dorrough Vertical] brand: Dorrough (logo visible) || [56G5_Advence] brand: Advance Acoustic (logo visible) || [57G5_Unison Research] brand: Unison Research (product face visible) || [58G5_TAPE orange] brand: Volumio (logo visible, not in name) || [59G5_Yamaha M85] brand: Yamaha (logo visible) || [60G5_Sound90] generic","visual #228 [G]  (checked on 1920x1080_g5_704_meters) || visual #222 [G]  (checked on 1920x1080_g5_704_meters) || visual #221 [G]  (checked on 1920x1080_g5_704_meters) || visual #183 [L] T+A logo (checked on 1920x1080_g5_702_meters) || visual #226 [L] ""TRIPLETT"" logo on meter faces (checked on 1920x1080_g5_704_meters) || visual #179 [LF] Leben tube amplifier photo; Leben logo small (checked on 1920x1080_g5_702_meters) || visual #180 [LF] ""LUXMAN"" logos; C-03/L-series product faces (checked on 1920x1080_g5_702_meters) || visual #227 [L] Volumio wordmark on meter faces (checked on 1920x1080_g5_704_meters) || visual #220 [F] Mark Levinson-style product face; no legible logo (checked on 1920x1080_g5_704_meters) || visual #205 [LF] TEAC W-1200 cassette deck face, TEAC logo (checked on 1920x1080_g5_703_meters) || visual #237 [LF] OPTONICA logos; product faces; Pioneer cassette visible (checked on 1920x1080_g5_705_meters) || visual #337 [LF] PIONEER CT-F950 cassette deck face; TDK cassette (checked on 1280x800_g5_422_meters) || visual #058 [LF] Electrocompaniet wordmark and product face (named Abrahamsen) (checked on 1920x1080_g5_703_meters) || visual #195 [L] Dorrough logo, ""MODEL 40-A2"" (checked on 1920x1080_g5_703_meters) || visual #065 [L] Dorrough logos on meters (checked on 1920x1080_g5_703_meters) || visual #020 [LF] Advance Acoustic logo; product face (checked on 1280x800_g5_422_meters) || visual #076 [F] Unison Research amplifier product photo; no legible logo (checked on 1920x1080_g5_705_meters) || visual #338 [F] reel-to-reel photo; large Volumio wordmark (checked on 1280x800_g5_422_meters) || visual #209 [LF] YAMAHA logos (small); M-85 product face (checked on 1920x1080_g5_703_meters) || visual #241 [G]  (checked on 1920x1080_g5_705_meters)"
foonerd/peppy_templates@f80c166a,1280x800,1280x800_g5_423_meters,meter (template_peppy); 10 skin(s),11772574,"none stated (no README/LICENSE/COPYING/txt besides meters.txt in zip; meters.txt has no licence comment; per-size README in repo has none); repo LICENSE MIT ""Copyright (c) 2025 Just a nerd""; repo README: ""Individual templates may have their own licenses. See each template's README.""",not stated in zip; git commit author(s): Gelo5template (first: Gelo5template),Gelo5 work (G5 prefix on every section),"[61G5_Burmaster] brand: Burmester (logo visible) || [62G5_Violin] generic || [63G5_Struder] brand: Studer (product face visible) || [64G5_J37 Tape] brand: Waves/Abbey Road J37 (product face visible); Volumio (logo visible, not in name); Waves (product face visible, not in name) || [65G5_HelixOne] brand: HelixOne (?) (product face visible); Volumio (logo visible, not in name) || [66G5_DAgostini] brand: Dan D'Agostino (logo visible) || [67G5_Reher Tube] brand: Reher (?) (logo visible); Transitrol (?) (logo visible, not in name) || [68G5_Boombox] brand: Volumio (logo visible, not in name) || [69G5_Nixi Pipe] brand: Waves (logo visible, not in name) || [70G5_Nixi Spectrum] generic","visual #194 [LF] Burmester script logo; product face (checked on 1920x1080_g5_703_meters) || visual #207 [G]  (checked on 1920x1080_g5_703_meters) || visual #341 [F] Studer-style multitrack tape photo; logo not legible at preview scale (checked on 1280x800_g5_423_meters) || visual #219 [LF] Waves/Abbey Road J37 tape plugin UI imitation; Volumio wordmark (checked on 1920x1080_g5_704_meters) || visual #199 [F] HelixOne turntable product photo; Volumio wordmark (checked on 1920x1080_g5_703_meters) || visual #215 [L] D'Agostino script logo on meter faces (checked on 1920x1080_g5_704_meters) || visual #340 [L] ""REHER"" wordmark and ""TRANSITROL"" on meter faces (checked on 1280x800_g5_423_meters) || visual #213 [F] boombox photo; Volumio wordmark faint (checked on 1920x1080_g5_704_meters) || visual #236 [L] ""WAVES"" logo on meter faces (checked on 1920x1080_g5_705_meters) || visual #339 [G]  (checked on 1280x800_g5_423_meters)"
foonerd/peppy_templates@f80c166a,1280x800,1280x800_naim_set,meter (template_peppy); 1 skin(s),1315237,"none stated (no README/LICENSE/COPYING/txt besides meters.txt in zip; meters.txt has no licence comment; per-size README in repo has none); repo LICENSE MIT ""Copyright (c) 2025 Just a nerd""; repo README: ""Individual templates may have their own licenses. See each template's README.""",not stated in zip; git commit author(s): Wheaten (first: Wheaten),,[Naim_Set] brand: Naim (logo visible),visual #342 [LF] naim logos; Naim product faces (checked on 1280x800_naim_set)
foonerd/peppy_templates@f80c166a,1280x800,1280x800_t1800_pack7,meter (template_peppy); 7 skin(s),4478810,"none stated (no README/LICENSE/COPYING/txt besides meters.txt in zip; meters.txt has no licence comment; per-size README in repo has none); repo LICENSE MIT ""Copyright (c) 2025 Just a nerd""; repo README: ""Individual templates may have their own licenses. See each template's README.""",not stated in zip; git commit author(s): Pakit S (first: Pakit S),Pakit S,"[t1800_tubes] generic || [t1800_Fisher] brand: Fisher (logo visible) || [t1800_Tascam] brand: Tascam (product face visible) || [t1800_TubeHeadPhone] brand: Inspire HiFi (logo visible, not in name) || [t1800_Sansui9090] brand: Sansui (logo visible) || [t1800_ReelTape] brand: Akai (product face visible, not in name) || [t1800_StarWars] third-party IP/likeness: Star Wars poster artwork, ""STAR WARS"" title logo, Darth Vader, R2-D2, ""May the force be with you""; brand: Star Wars (logo visible)","visual #349 [G]  (checked on 1280x800_t1800_pack7) || visual #343 [LF] ""THE FISHER"" receiver face (checked on 1280x800_t1800_pack7) || visual #347 [LF] TASCAM PORTA02 product face (checked on 1280x800_t1800_pack7) || visual #348 [LF] ""Inspire"" (Dennis Had) tube headphone amplifier photo (checked on 1280x800_t1800_pack7) || visual #345 [LF] Sansui 9090 receiver photo; Sansui logo small (checked on 1280x800_t1800_pack7) || visual #344 [F] Akai-style reel-to-reel photo; logo not legible at preview scale (checked on 1280x800_t1800_pack7) || visual #346 [P] Star Wars poster artwork, ""STAR WARS"" title logo, Darth Vader, R2-D2, ""May the force be with you"" (checked on 1280x800_t1800_pack7)"
foonerd/peppy_templates@f80c166a,1280x800,1280x800_vertical_blue,meter (template_peppy); 1 skin(s),861976,"none stated (no README/LICENSE/COPYING/txt besides meters.txt in zip; meters.txt has no licence comment; per-size README in repo has none); repo LICENSE MIT ""Copyright (c) 2025 Just a nerd""; repo README: ""Individual templates may have their own licenses. See each template's README.""",not stated in zip; git commit author(s): Wheaten (first: Wheaten),,"[vertical-turntable-blue] generic (real product photo, maker not identified)",visual #153 [F] real vertical turntable product photo; no legible logo (checked on 1280x800_vertical_blue)
foonerd/peppy_templates@f80c166a,1280x800,1280x800_volumio-HW,meter (template_peppy); 1 skin(s),1382845,"none stated (no README/LICENSE/COPYING/txt besides meters.txt in zip; meters.txt has no licence comment; per-size README in repo has none); repo LICENSE MIT ""Copyright (c) 2025 Just a nerd""; repo README: ""Individual templates may have their own licenses. See each template's README.""",not stated in zip; git commit author(s): Wheaten (first: Wheaten),,[Volumio] brand: Volumio (product face visible),visual #350 [LF] Volumio Primo Plus / Preciso / Integro product faces (checked on 1280x800_volumio-HW)
foonerd/peppy_templates@f80c166a,1480x320,1480x320_g5_501_meters,meter (template_peppy); 20 skin(s),11116045,"none stated (no README/LICENSE/COPYING/txt besides meters.txt in zip; meters.txt has no licence comment; per-size README in repo has none); repo LICENSE MIT ""Copyright (c) 2025 Just a nerd""; repo README: ""Individual templates may have their own licenses. See each template's README.""",not stated in zip; git commit author(s): Gelo5template (first: Gelo5template),Gelo5 work (G5 prefix on every section),"[01G5_Accuphase] brand: Accuphase (logo visible); Volumio (logo visible, not in name) || [02G5_Accuphase Black] brand: Accuphase (logo visible) || [03G5_Advance X220] brand: Advance Acoustic (logo visible) || [04G5_Rose Single Line] brand: HiFi Rose (name only) || [05G5_Audio Research] brand: Audio Research (logo visible) || [06G5_Kenwood Rev] brand: Kenwood (product face visible) || [07G5_Kenwood Single] brand: Kenwood (name only) || [08G5_Klanghelm] brand: Klanghelm (product face visible); Volumio (logo visible, not in name) || [09G5_Klangheim Mojo] brand: Klanghelm (logo visible) || [10G5_Krell KAS] brand: Krell (logo visible) || [11G5_Line Magnetic] brand: Line Magnetic (logo visible) || [12G5_Luxman] brand: Luxman (logo visible) || [13G5_McIntosh] brand: McIntosh (logo visible); Volumio (logo visible, not in name) || [14G5_McIntosh RED] brand: McIntosh (product face visible) || [15G5_McIntosh Mono] brand: McIntosh (product face visible) || [16G5_Naim] brand: Naim (logo visible) || [17G5_Technics] brand: Technics (product face visible) || [18G5_Technics Black] brand: Technics (name only) || [19G5_T+A 3000HV] brand: T+A (logo visible) || [20G5_Turntable Black] generic (real product photo, maker not identified)","visual #018 [LF] Accuphase logo on product face; also Volumio wordmark (checked on 1920x1080_g5_701_meters) || visual #351 [LF] Accuphase logo (checked on 1480x320_g5_501_meters) || visual #352 [L] Advance Acoustic logos (checked on 1480x320_g5_501_meters) || visual #356 [G]  (checked on 1480x320_g5_501_meters) || visual #039 [LF] Audio Research product face, audio research wordmark (checked on 1920x1080_g5_701_meters) || visual #046 [F] Kenwood-style amplifier face; no legible logo (checked on 1280x800_g5_420_meters) || visual #047 [G]  (checked on 1280x400_g5_202_meters) || visual #048 [LF] Klanghelm VUMT plugin UI imitation; Volumio wordmark (checked on 1920x1080_g5_702_meters) || visual #353 [LF] Klanghelm MJUC/""Mojo"" plugin UI imitation, Klanghelm script logo (checked on 1480x320_g5_501_meters) || visual #022 [LF] Krell logo; product face (checked on 1280x400_g5_201_meters) || visual #091 [L] Line Magnetic logo, small (checked on 1280x400_g5_204_meters) || visual #023 [LF] Luxman logo; product face (checked on 1280x400_g5_201_meters) || visual #024 [LF] McIntosh logo; product face; Volumio wordmark (checked on 1920x1080_g5_701_meters) || visual #355 [F] McIntosh-style meters (red); no legible logo (checked on 1480x320_g5_501_meters) || visual #354 [F] McIntosh-style blue meter; no legible logo (checked on 1480x320_g5_501_meters) || visual #025 [L] Naim logo (checked on 1280x400_g5_201_meters) || visual #145 [F] Technics SU-R1000 amplifier face; logo not legible at preview scale (checked on 1280x400_technics_SUR1000) || visual #030 [N] no legible logo at preview scale (checked on 1280x400_g5_201_meters) || visual #029 [L] T+A logo (checked on 1280x400_g5_201_meters) || visual #357 [F] turntable photo; no legible logo (checked on 1480x320_g5_501_meters)"
foonerd/peppy_templates@f80c166a,1480x320,1480x320_g5_502_meters,meter (template_peppy); 20 skin(s),12673894,"none stated (no README/LICENSE/COPYING/txt besides meters.txt in zip; meters.txt has no licence comment; per-size README in repo has none); repo LICENSE MIT ""Copyright (c) 2025 Just a nerd""; repo README: ""Individual templates may have their own licenses. See each template's README.""",not stated in zip; git commit author(s): Gelo5template (first: Gelo5template),Gelo5 work (G5 prefix on every section),"[21G5_BlackBlur Vertical] brand: Volumio (logo visible, not in name) || [22G5_BlackBlur] generic || [23G5_BOSS Red] brand: BOSS (logo visible) || [24G5_BOSS Orange] brand: BOSS (logo visible) || [25G5_BOSS green] brand: BOSS (logo visible) || [26G5_Caltec] brand: Altec (logo visible) || [27G5_Dark Spotify] brand: Spotify (name only) || [28G5_Magnetcord] brand: Magnecord (logo visible) || [29G5_PioneerCT LED] brand: Pioneer (product face visible) || [30G5_Rehringer] brand: Behringer (parody ""Rehringer"") (logo visible) || [31G5_Sansui] brand: Sansui (logo visible); Volumio (logo visible, not in name) || [32G5_Sansui Vertical] brand: Sansui (product face visible) || [33G5_Sony TA-N77] brand: Sony (logo visible) || [34G5_Yamaha MX2000] brand: Yamaha (product face visible) || [35G5_Gemonti] brand: Gemonti (?) (logo visible) || [36G5_Dorrought] brand: Dorrough (logo visible) || [37G5_Eversolo] brand: Eversolo (product face visible) || [38G5_Modern VU] generic || [39G5_Marantz CD] brand: Marantz (logo visible) || [40G5_Brianworks] brand: Brainworx (logo visible); Volumio (logo visible, not in name)","visual #358 [L] Volumio wordmark on meter faces (checked on 1480x320_g5_502_meters) || visual #040 [G]  (checked on 1920x1080_g5_705_meters) || visual #360 [L] ""BOSS"" on tuner faces (faint) (checked on 1480x320_g5_502_meters) || visual #099 [L] ""BOSS"" on tuner faces (faint) (checked on 1280x400_g5_205_meters) || visual #359 [L] ""BOSS"" on tuner faces (faint) (checked on 1480x320_g5_502_meters) || visual #043 [L] ""CALTECC"" printed on meter face (checked on 1280x400_g5_202_meters) || visual #216 [G]  (checked on 1920x1080_g5_704_meters) || visual #049 [L] Magnecord script logo on meter faces (checked on 1280x400_g5_202_meters) || visual #365 [LF] Pioneer cassette deck photo, PIONEER small (checked on 1480x320_g5_502_meters) || visual #223 [L] ""REHRINGER"" (Behringer parody) and ""MODEL BX-VU"" on meter faces (checked on 1920x1080_g5_704_meters) || visual #074 [LF] Sansui logo; product face; Volumio wordmark (checked on 1920x1080_g5_703_meters) || visual #366 [F] Sansui-style faces; logo not legible at preview scale (checked on 1480x320_g5_502_meters) || visual #028 [LF] Sony logo, TA-N77ES; product face (checked on 1920x1080_g5_705_meters) || visual #114 [F] Yamaha MX-2000 product face; logo not legible at preview scale (checked on 1280x400_g5_205_meters) || visual #363 [L] ""GEMONTI"" on meter faces (checked on 1480x320_g5_502_meters) || visual #361 [L] Dorrough logos, ""MODEL 40-A2"" (checked on 1480x320_g5_502_meters) || visual #362 [F] Eversolo DMP-A6 face; small logo (checked on 1480x320_g5_502_meters) || visual #364 [G]  (checked on 1480x320_g5_502_meters) || visual #069 [LF] Marantz wordmark; product face (checked on 1920x1080_g5_703_meters) || visual #214 [L] ""BRAINWORX"" logo on meter faces; Volumio wordmark (checked on 1920x1080_g5_704_meters)"
foonerd/peppy_templates@f80c166a,1480x320,1480x320_g5_503_meters,meter (template_peppy); 20 skin(s),7950889,"none stated (no README/LICENSE/COPYING/txt besides meters.txt in zip; meters.txt has no licence comment; per-size README in repo has none); repo LICENSE MIT ""Copyright (c) 2025 Just a nerd""; repo README: ""Individual templates may have their own licenses. See each template's README.""",not stated in zip; git commit author(s): Gelo5template (first: Gelo5template),Gelo5 work (G5 prefix on every section),"[41G5_Lush Only] brand: Lush Vox (?) (logo visible, not in name) || [42G5_Sansui Green_ONLY meters] brand: Sansui (logo visible) || [43G5_Technics Gold] brand: Technics (product face visible) || [44G5_Dorrought only meters] brand: Dorrough (logo visible) || [45G5_Eher only meters] brand: Reher (?) (logo visible, not in name); Transitrol (?) (logo visible, not in name) || [46G5_Free only] generic || [47G5_Gemonti only meters] brand: Gemonti (?) (logo visible) || [48G5_Mountain only meters] generic || [49G5_Deviation Only] generic || [50G5_Caltec only meters] brand: Altec (logo visible) || [51G5_CaltecRED only meters] brand: Altec (logo visible) || [52G5_PeakLevel only] generic || [53G5_Signal only meters] generic || [54G5_Tonnica] generic || [55G5_Marshall] brand: Marshall (logo visible) || [56G5_Nixie Spectrum] generic || [57G5_SG ONLY meters] brand: SG (?) (logo visible) || [58G5_Denon only meters] brand: Denon (logo visible) || [59G5_Yamaha Only] brand: Yamaha (name only) || [60G5_Teletronix Only] brand: Teletronix (logo visible)","visual #373 [L] ""LUSH VOX"" / ""GAUGE PRECISION INSTRUMENTS"" (plugin-style face) (checked on 1480x320_g5_503_meters) || visual #377 [L] Sansui script logo on meter faces (checked on 1480x320_g5_503_meters) || visual #379 [F] Technics-style gold meter face; no legible logo (checked on 1480x320_g5_503_meters) || visual #370 [L] Dorrough logo, ""MODEL 280-D USA"" (checked on 1480x320_g5_503_meters) || visual #371 [L] ""REHER""/""TRANSITROL"" wordmarks on meter faces (checked on 1480x320_g5_503_meters) || visual #372 [G]  (checked on 1480x320_g5_503_meters) || visual #086 [L] ""GEMONTI"" on meter faces (checked on 1280x400_g5_204_meters) || visual #375 [G]  (checked on 1480x320_g5_503_meters) || visual #084 [G]  (checked on 1280x400_g5_204_meters) || visual #367 [L] ""ALTEC"" on meter faces (checked on 1480x320_g5_503_meters) || visual #368 [L] ""ALTEC"" on meter faces (checked on 1480x320_g5_503_meters) || visual #376 [G]  (checked on 1480x320_g5_503_meters) || visual #378 [G]  (checked on 1480x320_g5_503_meters) || visual #380 [N] emblem on face; maker unclear (checked on 1480x320_g5_503_meters) || visual #374 [LF] Marshall amplifier face, Marshall logo small (checked on 1480x320_g5_503_meters) || visual #127 [G]  (checked on 1280x400_g5_210_ms) || visual #107 [L] ""SG"" logo on meter faces (maker unclear) (checked on 1280x400_g5_205_meters) || visual #369 [L] ""DENON"" on meter faces (checked on 1480x320_g5_503_meters) || visual #381 [G]  (checked on 1480x320_g5_503_meters) || visual #096 [L] ""TELETRONIX ENGINEERING CO"" on meter faces (checked on 1280x400_g5_204_meters)"
foonerd/peppy_templates@f80c166a,1480x320,1480x320_g5_504_meters,meter (template_peppy); 20 skin(s),11431426,"none stated (no README/LICENSE/COPYING/txt besides meters.txt in zip; meters.txt has no licence comment; per-size README in repo has none); repo LICENSE MIT ""Copyright (c) 2025 Just a nerd""; repo README: ""Individual templates may have their own licenses. See each template's README.""",not stated in zip; git commit author(s): Gelo5template (first: Gelo5template),Gelo5 work (G5 prefix on every section),"[61G5_AdvanceX220_ONLY meters] brand: Advance Acoustic (logo visible) || [62G5_Rose OUT] brand: HiFi Rose (product face visible) || [63G5_Rose IN] brand: HiFi Rose (product face visible) || [64G5_Alvin only meters] generic || [65G5_LED Out ONLY] generic || [66G5_FM Stereo Only] generic || [67G5_Rudeer Only] generic || [68G5_Tascam Only] brand: Tascam (name only) || [69G5_NAD C3050] brand: NAD (logo visible) || [70G5_NAD] brand: NAD (logo visible) || [71G5_NAD M10 only] brand: NAD (logo visible) || [72G5_Old Braun] generic || [73G5_Namson Only] brand: Namson (?) (logo visible) || [74G5_Sharp] brand: Sharp (logo visible) || [75G5_Hitachi7500 Only] brand: Hitachi (logo visible) || [76G5_Hartman Only] brand: Hartmann & Braun (logo visible) || [77G5_Dagostino] brand: Dan D'Agostino (logo visible) || [78G5_R55 Only] generic name; face carries wordmark not matched to a known brand: ""S"" emblem and ""R-55"" on meter faces (maker unclear) || [79G5_Accuphase Old Only] brand: Accuphase (logo visible) || [80G5_Bocatech] brand: Bocatech (?) (logo visible)","visual #383 [L] Advance Acoustic logos (checked on 1480x320_g5_504_meters) || visual #072 [F] HiFi Rose-style face with icon; no legible wordmark (checked on 1280x400_g5_203_meters) || visual #071 [F] HiFi Rose-style face with icon; no legible wordmark (checked on 1280x400_g5_203_meters) || visual #384 [G]  (checked on 1480x320_g5_504_meters) || visual #100 [G]  (checked on 1280x400_g5_205_meters) || visual #385 [G]  (checked on 1480x320_g5_504_meters) || visual #105 [G]  (checked on 1280x400_g5_205_meters) || visual #388 [G]  (checked on 1480x320_g5_504_meters) || visual #050 [LF] NAD ""New Acoustic Dimension"" on meters; NAD product face (checked on 1280x800_g5_420_meters) || visual #181 [LF] NAD logos; T 787 / C 338 product faces (checked on 1920x1080_g5_702_meters) || visual #092 [L] NAD logo on meter face (checked on 1280x400_g5_204_meters) || visual #051 [N] no legible Braun logo at preview scale (checked on 1280x400_g5_202_meters) || visual #387 [L] ""NAMSON CORPORATION"" on meter faces (checked on 1480x320_g5_504_meters) || visual #108 [F] Sharp cassette deck face (""Auto Program Locate Device""); no legible Sharp logo (checked on 1920x1080_g5_712_Cassette) || visual #386 [L] ""HITACHI"" on meter faces (checked on 1480x320_g5_504_meters) || visual #087 [L] ""HARTMANN & BRAUN"" on meter faces (checked on 1280x400_g5_204_meters) || visual #045 [L] D'Agostino script logo on meter faces (checked on 1280x400_g5_202_meters) || visual #102 [L] ""S"" emblem and ""R-55"" on meter faces (maker unclear) (checked on 1280x400_g5_205_meters) || visual #382 [L] Accuphase script logo on meter faces (checked on 1480x320_g5_504_meters) || visual #042 [L] ""BOCATECH INC."" printed on meter face (checked on 1280x400_g5_202_meters)"
foonerd/peppy_templates@f80c166a,1480x320,1480x320_g5_520_ms,meter+spectrum (templates_peppy_spectrum); 20 skin(s),13934128,"none stated (no README/LICENSE/COPYING/txt besides meters.txt in zip; meters.txt has no licence comment; per-size README in repo has none); repo LICENSE MIT ""Copyright (c) 2025 Just a nerd""; repo README: ""Individual templates may have their own licenses. See each template's README.""",not stated in zip; git commit author(s): Gelo5template (first: Gelo5template),Gelo5 work (G5 prefix on every section),"[101G5_MarschalSpectrum] brand: Marshall (logo visible) || [102G5_Marschal S+M] brand: Marshall (logo visible) || [103G5_CD Cover S+M] generic || [104G5_Nixie Spectrum] generic || [105G5_Kenwood Spectrum] brand: Kenwood (logo visible) || [106G5_Kenwood Rev S+M] brand: Kenwood (product face visible) || [107G5_McIntosh S+M] brand: McIntosh (product face visible) || [108G5_Technics S+M] brand: Technics (logo visible) || [109G5_Naim S+M] brand: Naim (logo visible) || [110G5_Deviation S+M] generic || [111G5_Free S+M] generic || [112G5_475A S+M] brand: Tektronix (product face visible) || [113G5_Osciloscope S+M] brand: Korg (logo visible, not in name) || [114G5_Pioneer S+M] brand: Pioneer (product face visible) || [115G5_Corrector Spectrum] generic || [116G5_RhodeSea_S+M] brand: Rohde & Schwarz (product face visible) || [117G5_OldPipe S+M] generic || [118G5_VU Single S+M] generic || [119G5_Sony TA212 S+M] brand: Sony (product face visible) || [120G5_Akai S+M] brand: Akai (logo visible)","visual #330 [LF] Marshall amplifier face, Marshall script logos (checked on 1920x1080_20g5) || visual #124 [LF] Marshall amplifier face with Marshall script logo (checked on 1280x400_g5_210_ms) || visual #118 [G]  (checked on 1280x400_g5_210_ms) || visual #127 [G]  (checked on 1280x400_g5_210_ms) || visual #121 [LF] ""KENWOOD STEREO GRAPHIC EQUALIZER KGC-700"" (checked on 1920x1080_20g5) || visual #329 [F] Kenwood-style amplifier face; no legible logo (checked on 1280x800_g5_410_ms) || visual #392 [F] McIntosh-style blue meters; no legible logo (checked on 1920x1080_20g5) || visual #396 [LF] Technics wordmarks; product faces (checked on 1920x1080_20g5) || visual #125 [L] Naim logo (checked on 1920x1080_20g5) || visual #391 [G]  (checked on 1480x320_g5_520_ms) || visual #328 [G]  (checked on 1920x1080_20g5) || visual #389 [F] Tektronix 475A oscilloscope photos; logo not legible at preview scale (checked on 1480x320_g5_520_ms) || visual #129 [LF] KORG logo; Korg oscilloscope UI imitation (checked on 1280x400_g5_210_ms) || visual #131 [F] Pioneer PLX gold turntable face; logo not legible at preview scale (checked on 1920x1080_g5_721_ms) || visual #119 [G]  (checked on 1280x400_g5_210_ms) || visual #394 [LF] Rohde & Schwarz analyser faces (checked on 1480x320_g5_520_ms) || visual #393 [G]  (checked on 1480x320_g5_520_ms) || visual #397 [G]  (checked on 1480x320_g5_520_ms) || visual #395 [LF] SONY (faint); TA-212-style face (checked on 1480x320_g5_520_ms) || visual #390 [LF] AKAI logo; amplifier face (checked on 1480x320_g5_520_ms)"
foonerd/peppy_templates@f80c166a,1480x320,1480x320_g5_521_ms,meter+spectrum (templates_peppy_spectrum); 16 skin(s),10686060,"none stated (no README/LICENSE/COPYING/txt besides meters.txt in zip; meters.txt has no licence comment; per-size README in repo has none); repo LICENSE MIT ""Copyright (c) 2025 Just a nerd""; repo README: ""Individual templates may have their own licenses. See each template's README.""",not stated in zip; git commit author(s): Gelo5template (first: Gelo5template),Gelo5 work (G5 prefix on every section),[121G5_Sony_U909ES S+M] brand: Sony (logo visible) || [122G5_Ampex S+M] brand: Ampex (logo visible) || [123G5_Accuphase DG68 S+M] brand: Accuphase (logo visible) || [124G5_Magnetocord S+M] brand: Magnecord (logo visible) || [125G5_Kenwood KA S+M] brand: Kenwood (logo visible) || [126G5_McIntosh S+M] brand: McIntosh (product face visible) || [127G5_CoctailAudio S+M] brand: Cocktail Audio (logo visible) || [128G5_Sharp SA606 S+M] brand: Sharp (logo visible) || [129G5_AudioRL S+M] brand: Audio Research (logo visible) || [130G5_Replika S+M] brand: Native Instruments Replika (logo visible) || [131G5_Emotiva S+M] brand: Emotiva (logo visible) || [132G5_Denon S+M] brand: Denon (logo visible) || [133G5_SPL S+M] brand: SPL (logo visible) || [134G5_Bose S+M] brand: Bose (logo visible) || [135G5_Hitachi8500 S+M] brand: Hitachi (logo visible) || [136G5_Sharp1000 S+M] brand: Sharp (product face visible),"visual #411 [LF] SONY logo; U909ES face (checked on 1480x320_g5_521_ms) || visual #399 [L] ""AMPEX CORPORATION"" on meter faces (checked on 1480x320_g5_521_ms) || visual #398 [LF] Accuphase logo; DG-68 face (checked on 1480x320_g5_521_ms) || visual #407 [L] Magnecord script logo on meter faces (checked on 1480x320_g5_521_ms) || visual #406 [LF] KENWOOD logo; KA-series amplifier face (checked on 1480x320_g5_521_ms) || visual #392 [F] McIntosh-style blue meters; no legible logo (checked on 1920x1080_20g5) || visual #402 [LF] Cocktail Audio product face, logo small (checked on 1480x320_g5_521_ms) || visual #410 [LF] SHARP logo; SA-606 receiver face (checked on 1480x320_g5_521_ms) || visual #400 [L] ""audio research"" on meter faces (small) (checked on 1480x320_g5_521_ms) || visual #408 [LF] Replika XT (Native Instruments) plugin UI imitation, ""REPLIKA XT"" (checked on 1480x320_g5_521_ms) || visual #404 [LF] EMOTIVA logo, ""XMC-2""; product face (checked on 1480x320_g5_521_ms) || visual #403 [LF] DENON logo; product face (checked on 1480x320_g5_521_ms) || visual #412 [LF] SPL logos; product face (checked on 1480x320_g5_521_ms) || visual #401 [LF] BOSE logo; PowerMatch PM8500 face (checked on 1480x320_g5_521_ms) || visual #405 [LF] HITACHI logo; product face (checked on 1480x320_g5_521_ms) || visual #409 [F] Sharp-style power meter; no legible logo (checked on 1480x320_g5_521_ms)"
foonerd/peppy_templates@f80c166a,1480x320,1480x320_g5_910_turntables,meter (template_peppy); 12 skin(s),8115852,"none stated (no README/LICENSE/COPYING/txt besides meters.txt in zip; meters.txt has no licence comment; per-size README in repo has none); repo LICENSE MIT ""Copyright (c) 2025 Just a nerd""; repo README: ""Individual templates may have their own licenses. See each template's README.""",not stated in zip; git commit author(s): Gelo5template (first: Gelo5template),Gelo5 work (G5 prefix on every section),"[101G5_Pioneer Gold] brand: Pioneer (logo visible) || [102G5_Denon DP62] brand: Denon (logo visible); NAD (product face visible, not in name) || [103G5_Thorens] brand: Thorens (logo visible) || [104G5_TURNTABLE Black] generic (real product photo, maker not identified) || [105G5_McIntosh MTI100] brand: McIntosh (logo visible) || [106G5_Crosley Turntable] brand: Crosley (logo visible) || [107G5_Gramovox] brand: Gramovox (product face visible) || [108G5_SME60] brand: SME (logo visible); Volumio (logo visible, not in name) || [109G5_Vertere Turn] brand: Vertere (logo visible) || [110G5_TechDas] brand: TechDAS (logo visible) || [111G5_Pioneer Gold2] brand: Pioneer (logo visible) || [112G5_Techinics Turn] brand: Technics (product face visible)","visual #253 [LF] ""Pioneer DJ"" logo; PLX turntable face (checked on 1920x1080_g5_710_Turntables) || visual #247 [LF] DENON logo; DP-62 turntable face; NAD meter faces (checked on 1920x1080_g5_710_Turntables) || visual #258 [LF] THORENS logos on meters and plinth (checked on 1920x1080_g5_710_Turntables) || visual #357 [F] turntable photo; no legible logo (checked on 1480x320_g5_501_meters) || visual #251 [LF] McIntosh logo; MTI100 product face (checked on 1920x1080_g5_710_Turntables) || visual #245 [LF] Crosley turntable product photo, CROSLEY logo small (checked on 1920x1080_g5_710_Turntables) || visual #248 [F] Gramovox horn turntable product photo; no legible logo (checked on 1920x1080_g5_710_Turntables) || visual #256 [LF] SME logo; SME 60 turntable face; Volumio wordmark (checked on 1920x1080_g5_710_Turntables) || visual #259 [LF] VERTERE logos; turntable face (checked on 1920x1080_g5_710_Turntables) || visual #257 [LF] TechDAS logo; Air Force turntable face (checked on 1920x1080_g5_710_Turntables) || visual #413 [LF] ""Pioneer DJ"" logo; turntable face (checked on 1480x320_g5_910_turntables) || visual #414 [F] Technics SL-1200-style turntable photo; logo not legible at preview scale (checked on 1480x320_g5_910_turntables)"
foonerd/peppy_templates@f80c166a,1480x320,1480x320_g5_911_Tape_Recorder,meter (template_peppy); 11 skin(s),8195787,"none stated (no README/LICENSE/COPYING/txt besides meters.txt in zip; meters.txt has no licence comment; per-size README in repo has none); repo LICENSE MIT ""Copyright (c) 2025 Just a nerd""; repo README: ""Individual templates may have their own licenses. See each template's README.""",not stated in zip; git commit author(s): Gelo5template (first: Gelo5template),Gelo5 work (G5 prefix on every section),"[151G5_Ampex Reel] brand: Ampex (name only) || [152G5_Otari Reel] brand: Otari (logo visible) || [153G5_TDK Reel] brand: TDK (name only) || [154G5_Akai 77] brand: Akai (product face visible) || [155G5_Akai77_silver] brand: Akai (logo visible) || [156G5_TapeAK] generic (real product photo, maker not identified) || [157G5_Fostex Rec] brand: Fostex (logo visible) || [158G5_Revox B77] brand: Revox (logo visible) || [159G5_MION24] brand: MION (?) (product face visible) || [160G5_Tascam Reel] brand: Tascam (name only) || [161G5_Free TDK] brand: TDK (name only)",visual #416 [F] reel-to-reel graphic; no legible logo at preview scale (checked on 1480x320_g5_911_Tape_Recorder) || visual #269 [LF] OTARI logo; reel-to-reel face (checked on 1920x1080_g5_711_Tape_Recorder) || visual #419 [F] reel-to-reel graphic; no legible logo at preview scale (checked on 1480x320_g5_911_Tape_Recorder) || visual #415 [F] Akai GX-77-style reel face; logo not legible at preview scale (checked on 1480x320_g5_911_Tape_Recorder) || visual #261 [LF] AKAI logo; GX-77 reel-to-reel face (checked on 1920x1080_g5_711_Tape_Recorder) || visual #275 [F] reel-to-reel/amp photo; no legible logo (checked on 1920x1080_g5_711_Tape_Recorder) || visual #265 [LF] Fostex logo; reel-to-reel face (checked on 1920x1080_g5_711_Tape_Recorder) || visual #271 [LF] ReVox B77 MK II logo; product face (checked on 1920x1080_g5_711_Tape_Recorder) || visual #268 [F] reel-to-reel photo; no legible logo (checked on 1920x1080_g5_711_Tape_Recorder) || visual #418 [F] reel-to-reel graphic; no legible logo at preview scale (checked on 1480x320_g5_911_Tape_Recorder) || visual #417 [F] reel-to-reel graphic; no legible logo at preview scale (checked on 1480x320_g5_911_Tape_Recorder)
foonerd/peppy_templates@f80c166a,1920x1080,1920x1080_20g5,meter+spectrum (templates_peppy_spectrum); 20 skin(s),30696587,"none stated (no README/LICENSE/COPYING/txt besides meters.txt in zip; meters.txt has no licence comment; per-size README in repo has none); repo LICENSE MIT ""Copyright (c) 2025 Just a nerd""; repo README: ""Individual templates may have their own licenses. See each template's README.""",not stated in zip; git commit author(s): foonerd (first: foonerd),"Gelo5 work (G5 prefix on every section); history begins at foonerd ""Restructure templates repo"" commit, original contributor not recorded in this repo","[101G5_Free S+M] generic || [102G5_Sansui S+M] brand: Sansui (product face visible) || [103G5_Kenwood S+M] brand: Kenwood (product face visible) || [104G5_Naim S+M] brand: Naim (logo visible) || [105G5_McIntosh S+M] brand: McIntosh (product face visible) || [106G5_Lyngdorf S+M] brand: Lyngdorf (product face visible) || [107G5_Nixie S+M] generic || [108G5_NIxI2 S+M] brand: Waves (logo visible, not in name) || [109G5_NAD C3050HD S+M] brand: NAD (logo visible) || [110G5_Advanced X220 S+M] brand: Advance Acoustic (logo visible) || [111G5_Sony TAN77 S+M] brand: Sony (logo visible) || [112G5_Kenwood Spectrum] brand: Kenwood (logo visible) || [113G5_M6100Gold Spectrum] brand: McIntosh (product face visible); Accuphase (product face visible, not in name) || [114G5_Dorrought Spectrum] brand: Dorrough (logo visible); Waves (logo visible, not in name) || [115G5_Neon Disco Spectrum] generic || [116G5_Marschal Spectrum] brand: Marshall (logo visible) || [117G5_Marantz S+M] brand: Marantz (logo visible) || [118G5_Technics S+M] brand: Technics (logo visible) || [119G5_Sansui TU S7] brand: Sansui (logo visible) || [120G5_OldPipe Spectrum] generic","visual #328 [G]  (checked on 1920x1080_20g5) || visual #427 [F] Sansui-style faces; logo not legible at preview scale (checked on 1920x1080_20g5) || visual #120 [F] Kenwood-style amplifier face; no legible logo (checked on 1920x1080_20g5) || visual #125 [L] Naim logo (checked on 1920x1080_20g5) || visual #392 [F] McIntosh-style blue meters; no legible logo (checked on 1920x1080_20g5) || visual #157 [F] Lyngdorf product faces; wordmark tiny, not legible at preview scale (checked on 1920x1080_20g5) || visual #426 [G]  (checked on 1920x1080_20g5) || visual #425 [L] ""WAVES"" logo on meter faces (checked on 1920x1080_20g5) || visual #423 [LF] NAD logo, ""New Acoustic Dimension""; C 3050 face (checked on 1920x1080_20g5) || visual #420 [LF] Advance Acoustic logos; product faces (checked on 1920x1080_20g5) || visual #429 [LF] SONY logo; TA-N77ES face (checked on 1920x1080_20g5) || visual #121 [LF] ""KENWOOD STEREO GRAPHIC EQUALIZER KGC-700"" (checked on 1920x1080_20g5) || visual #422 [F] Accuphase-style gold amplifier face; no legible logo (checked on 1920x1080_20g5) || visual #421 [LF] Dorrough logo and Waves ""W"" logo; Dorrough meter plugin UI imitation (checked on 1920x1080_20g5) || visual #424 [G]  (checked on 1920x1080_20g5) || visual #330 [LF] Marshall amplifier face, Marshall script logos (checked on 1920x1080_20g5) || visual #123 [LF] Marantz logo; product faces (checked on 1920x1080_20g5) || visual #396 [LF] Technics wordmarks; product faces (checked on 1920x1080_20g5) || visual #428 [LF] Sansui TU-S7 / AU-D7 faces, Sansui wordmark small (checked on 1920x1080_20g5) || visual #331 [G]  (checked on 1920x1080_20g5)"
foonerd/peppy_templates@f80c166a,1920x1080,1920x1080_g5_701_meters,meter (template_peppy); 20 skin(s),34704517,"none stated (no README/LICENSE/COPYING/txt besides meters.txt in zip; meters.txt has no licence comment; per-size README in repo has none); repo LICENSE MIT ""Copyright (c) 2025 Just a nerd""; repo README: ""Individual templates may have their own licenses. See each template's README.""",not stated in zip; git commit author(s): Gelo5template (first: Gelo5template),Gelo5 work (G5 prefix on every section),"[01G5_McIntosh] brand: McIntosh (logo visible); Volumio (logo visible, not in name) || [02G5_McIntosh Hybrid] brand: McIntosh (logo visible); Volumio (logo visible, not in name) || [03G5_McIntosh Monoblock] brand: McIntosh (logo visible) || [04G5_McIntosh Tube] brand: McIntosh (logo visible) || [05G5_Accuphase] brand: Accuphase (logo visible); Volumio (logo visible, not in name) || [06G5_Accuphase Monoblock] brand: Accuphase (logo visible) || [07G5_Marantz Silver] brand: Marantz (product face visible); Volumio (logo visible, not in name) || [08G5_Marantz Black] brand: Marantz (product face visible); Volumio (logo visible, not in name) || [09G5_Technics1600_Silver] brand: Technics (logo visible) || [10G5_Technics1600_Black] brand: Technics (logo visible) || [11G5_Technics1600_Black-Silver] brand: Technics (logo visible) || [12G5_Audio Research] brand: Audio Research (logo visible) || [13G5_Kenwood Reverse] brand: Kenwood (product face visible) || [14G5_Kenwood Ver] brand: Kenwood (name only) || [15G5_Naim green] brand: Naim (logo visible) || [16G5_Naim2] brand: Naim (logo visible) || [17G5_Naim Reverse] brand: Naim (product face visible) || [18G5_Advanced X220] brand: Advance Acoustic (logo visible) || [19G5_Advanced X220EVO] brand: Advance Acoustic (logo visible) || [20G5_Advanced Combi] brand: Advance Acoustic (logo visible)","visual #024 [LF] McIntosh logo; product face; Volumio wordmark (checked on 1920x1080_g5_701_meters) || visual #167 [LF] McIntosh logo; product face; Volumio wordmark (checked on 1920x1080_g5_701_meters) || visual #168 [LF] McIntosh logos; MEN220 / monoblock faces (checked on 1920x1080_g5_701_meters) || visual #169 [LF] McIntosh tube amplifier photo; McIntosh logo (checked on 1920x1080_g5_701_meters) || visual #018 [LF] Accuphase logo on product face; also Volumio wordmark (checked on 1920x1080_g5_701_meters) || visual #159 [LF] Accuphase logos; A-250 product faces (checked on 1920x1080_g5_701_meters) || visual #166 [F] Marantz AV receiver face; Volumio wordmark; Marantz logo not legible at preview scale (checked on 1920x1080_g5_701_meters) || visual #165 [F] Marantz SR-series AV receiver face; Volumio wordmark; Marantz logo not legible at preview scale (checked on 1920x1080_g5_701_meters) || visual #174 [LF] Technics face; Technics wordmark small (checked on 1920x1080_g5_701_meters) || visual #172 [LF] Technics SU-G700/1600-style face; Technics wordmark small (checked on 1920x1080_g5_701_meters) || visual #173 [LF] Technics face; Technics wordmark small (checked on 1920x1080_g5_701_meters) || visual #039 [LF] Audio Research product face, audio research wordmark (checked on 1920x1080_g5_701_meters) || visual #163 [F] Kenwood-style amplifier face; no legible logo (checked on 1920x1080_g5_701_meters) || visual #164 [G]  (checked on 1920x1080_g5_701_meters) || visual #170 [LF] Naim logos; product face (checked on 1920x1080_g5_701_meters) || visual #026 [L] Naim logo (checked on 1920x1080_g5_701_meters) || visual #171 [L] Naim-style face (logo not on this preview) (checked on 1920x1080_g5_701_meters) || visual #161 [LF] Advance Acoustic logos; X-i220 product face (checked on 1920x1080_g5_701_meters) || visual #162 [LF] Advance Acoustic logos; X-i220 EVO product face (checked on 1920x1080_g5_701_meters) || visual #160 [LF] Advance Acoustic logos; product faces (checked on 1920x1080_g5_701_meters)"
foonerd/peppy_templates@f80c166a,1920x1080,1920x1080_g5_702_meters,meter (template_peppy); 20 skin(s),37050536,"none stated (no README/LICENSE/COPYING/txt besides meters.txt in zip; meters.txt has no licence comment; per-size README in repo has none); repo LICENSE MIT ""Copyright (c) 2025 Just a nerd""; repo README: ""Individual templates may have their own licenses. See each template's README.""",not stated in zip; git commit author(s): Gelo5template (first: Gelo5template),Gelo5 work (G5 prefix on every section),"[21G5_Akai Reverse] brand: Akai (logo visible) || [22G5_Hitachi HMA7500 Black] brand: Hitachi (logo visible) || [23G5_Hitachi HCA7500 Silver] brand: Hitachi (logo visible) || [24G5_Luxman Gold] brand: Luxman (logo visible) || [25G5_Leben] brand: Leben (logo visible) || [26G5_NAD] brand: NAD (logo visible) || [27G5_NAD C3050HD] brand: NAD (logo visible) || [28G5_T+A] brand: T+A (logo visible) || [29G5_VU Single Yellow] generic || [30G5_VU Single Blue] generic || [31G5_Wadax] brand: Wadax (logo visible) || [32G5_ClasseM] brand: Classé (logo visible) || [33G5_Klanghelm] brand: Klanghelm (product face visible); Volumio (logo visible, not in name) || [34G5_TURN Vinyl Orange] brand: Volumio (logo visible, not in name) || [35G5_TURN Vinyl Green] brand: Volumio (logo visible, not in name) || [36G5_TURN Vinyl Green2] generic (real product photo, maker not identified) || [37G5_TURN Vinyl Silver] brand: Volumio (logo visible, not in name) || [38G5_TURN Vinyl Black] brand: Volumio (logo visible, not in name) || [39G5_TURN Vinyl Blue] brand: Volumio (logo visible, not in name) || [40G5_TAPE] brand: Volumio (logo visible, not in name)","visual #175 [LF] Akai reel-to-reel face; ""AKAI"" on meter faces (checked on 1920x1080_g5_702_meters) || visual #178 [LF] ""HITACHI"" on meters; HMA-7500 product face (checked on 1920x1080_g5_702_meters) || visual #177 [LF] ""HITACHI"" HCA-7500/HMA-7500 product faces (checked on 1920x1080_g5_702_meters) || visual #180 [LF] ""LUXMAN"" logos; C-03/L-series product faces (checked on 1920x1080_g5_702_meters) || visual #179 [LF] Leben tube amplifier photo; Leben logo small (checked on 1920x1080_g5_702_meters) || visual #181 [LF] NAD logos; T 787 / C 338 product faces (checked on 1920x1080_g5_702_meters) || visual #182 [LF] NAD logo, ""New Acoustic Dimension"", C 3050 product face (checked on 1920x1080_g5_702_meters) || visual #183 [L] T+A logo (checked on 1920x1080_g5_702_meters) || visual #192 [G]  (checked on 1920x1080_g5_702_meters) || visual #191 [G]  (checked on 1920x1080_g5_702_meters) || visual #193 [LF] ""WADAX"" logos, ""ATLANTIS""; product face (checked on 1920x1080_g5_702_meters) || visual #176 [LF] ""CLASSE"" logos; product faces (checked on 1920x1080_g5_702_meters) || visual #048 [LF] Klanghelm VUMT plugin UI imitation; Volumio wordmark (checked on 1920x1080_g5_702_meters) || visual #189 [F] turntable photo; Volumio wordmark faint (checked on 1920x1080_g5_702_meters) || visual #187 [F] turntable photo; Volumio wordmark faint (checked on 1920x1080_g5_702_meters) || visual #188 [F] turntable photo (checked on 1920x1080_g5_702_meters) || visual #190 [F] turntable photo; Volumio wordmark faint (checked on 1920x1080_g5_702_meters) || visual #185 [F] turntable photo; Volumio wordmark faint (checked on 1920x1080_g5_702_meters) || visual #186 [F] turntable photo; Volumio wordmark faint (checked on 1920x1080_g5_702_meters) || visual #184 [F] reel-to-reel and cassette deck photos; Volumio wordmark (checked on 1920x1080_g5_702_meters)"
foonerd/peppy_templates@f80c166a,1920x1080,1920x1080_g5_703_meters,meter (template_peppy); 20 skin(s),31234260,"none stated (no README/LICENSE/COPYING/txt besides meters.txt in zip; meters.txt has no licence comment; per-size README in repo has none); repo LICENSE MIT ""Copyright (c) 2025 Just a nerd""; repo README: ""Individual templates may have their own licenses. See each template's README.""",not stated in zip; git commit author(s): Gelo5template (first: Gelo5template),Gelo5 work (G5 prefix on every section),"[41G5_Sansui] brand: Sansui (logo visible); Volumio (logo visible, not in name) || [42G5_Sansui 2V] brand: Sansui (logo visible) || [43G5_Dorrough] brand: Dorrough (logo visible) || [44G5_Dorrough border] brand: Dorrough (logo visible) || [45G5_Dorrough Vertical] brand: Dorrough (logo visible) || [46G5_MarantzCD] brand: Marantz (logo visible) || [47G5_Violin] generic || [48G5_PioneerCT Deck] brand: Pioneer (product face visible); TDK (product face visible, not in name) || [49G5_Pioneer M90] brand: Pioneer (logo visible) || [50G5_Sony] brand: Sony (logo visible) || [51G5_Abrahamsen] brand: Electrocompaniet (logo visible, not in name) || [52G5_Yamaha M85] brand: Yamaha (logo visible) || [53G5_Yamaha DJ] brand: Yamaha (logo visible) || [54G5_Vincent] brand: Vincent (logo visible) || [55G5_SKS12 Vertical] generic || [56G5_Free] generic || [57G5_Teac Cassette] brand: TEAC (logo visible) || [58G5_Burmaster] brand: Burmester (logo visible) || [59G5_Fire Rock] third-party IP/likeness: photographs of two rock guitarists (appear to be real performers; brand: Fender Stratocaster (product face visible, not in name) || [60G5_HelixOne] brand: HelixOne (?) (product face visible); Volumio (logo visible, not in name)","visual #074 [LF] Sansui logo; product face; Volumio wordmark (checked on 1920x1080_g5_703_meters) || visual #202 [LF] Sansui logo; product faces (checked on 1920x1080_g5_703_meters) || visual #195 [L] Dorrough logo, ""MODEL 40-A2"" (checked on 1920x1080_g5_703_meters) || visual #196 [L] Dorrough logo, ""MODEL 40-A2"" (checked on 1920x1080_g5_703_meters) || visual #065 [L] Dorrough logos on meters (checked on 1920x1080_g5_703_meters) || visual #069 [LF] Marantz wordmark; product face (checked on 1920x1080_g5_703_meters) || visual #207 [G]  (checked on 1920x1080_g5_703_meters) || visual #200 [LF] PIONEER CT-F950 cassette deck face; TDK cassette (checked on 1920x1080_g5_703_meters) || visual #201 [LF] Pioneer M-90 / C-90 ""Reference"" faces, PIONEER logo (checked on 1920x1080_g5_703_meters) || visual #204 [LF] SONY logos; product faces (checked on 1920x1080_g5_703_meters) || visual #058 [LF] Electrocompaniet wordmark and product face (named Abrahamsen) (checked on 1920x1080_g5_703_meters) || visual #209 [LF] YAMAHA logos (small); M-85 product face (checked on 1920x1080_g5_703_meters) || visual #208 [LF] Yamaha CL5 mixing console photo, YAMAHA logo (checked on 1920x1080_g5_703_meters) || visual #206 [LF] Vincent script logo; SV-234 product faces (checked on 1920x1080_g5_703_meters) || visual #203 [G]  (checked on 1920x1080_g5_703_meters) || visual #198 [G]  (checked on 1920x1080_g5_703_meters) || visual #205 [LF] TEAC W-1200 cassette deck face, TEAC logo (checked on 1920x1080_g5_703_meters) || visual #194 [LF] Burmester script logo; product face (checked on 1920x1080_g5_703_meters) || visual #197 [P] photographs of two rock guitarists (appear to be real performers; identity not established here) and a Stratocaster-style guitar (checked on 1920x1080_g5_703_meters) || visual #199 [F] HelixOne turntable product photo; Volumio wordmark (checked on 1920x1080_g5_703_meters)"
foonerd/peppy_templates@f80c166a,1920x1080,1920x1080_g5_704_meters,meter (template_peppy); 20 skin(s),40023839,"none stated (no README/LICENSE/COPYING/txt besides meters.txt in zip; meters.txt has no licence comment; per-size README in repo has none); repo LICENSE MIT ""Copyright (c) 2025 Just a nerd""; repo README: ""Individual templates may have their own licenses. See each template's README.""",not stated in zip; git commit author(s): Gelo5template (first: Gelo5template),Gelo5 work (G5 prefix on every section),"[61G5_Berlant] brand: Berlant Concertone (logo visible) || [62G5_BlueSea_White] brand: Blue Sea Systems (logo visible) || [63G5_BlueSea_Black] brand: Blue Sea Systems (name only) || [64G5_BMC] brand: BMC (name only); Volumio (logo visible, not in name); Hi-Res Audio logo (logo visible, not in name); Pass Labs (logo visible, not in name) || [65G5_Brianworks] brand: Brainworx (logo visible); Volumio (logo visible, not in name) || [66G5_DAgostini] brand: Dan D'Agostino (logo visible) || [67G5_Dark Spotify] brand: Spotify (name only) || [68G5_Boombox] brand: Volumio (logo visible, not in name) || [69G5_Hartman] brand: Hartmann & Braun (logo visible) || [70G5_MarkLev] brand: Mark Levinson (product face visible) || [71G5_Vertical blue] brand: Volumio (logo visible, not in name) || [72G5_Horizontal blue] brand: Volumio (logo visible, not in name) || [73G5_Yellowkidney] generic || [74G5_Triplett] brand: Triplett (logo visible) || [75G5_OLD Meter] generic || [76G5_Old2 braun] generic || [77G5_Rehringer] brand: Behringer (parody ""Rehringer"") (logo visible) || [78G5_Round yellow] generic || [79G5_J37 Tape] brand: Waves/Abbey Road J37 (product face visible); Volumio (logo visible, not in name); Waves (product face visible, not in name) || [80G5_Simens] brand: Siemens (product face visible)","visual #210 [L] ""Berlant Concertone"" logo on meter faces (checked on 1920x1080_g5_704_meters) || visual #211 [L] ""BLUE SEA SYSTEMS"" on meter faces (checked on 1920x1080_g5_704_meters) || visual #041 [G]  (checked on 1920x1080_g5_704_meters) || visual #212 [L] ""PASS"" (Pass Labs) on meter faces; ""Hi-Res AUDIO"" logo; Volumio wordmark (checked on 1920x1080_g5_704_meters) || visual #214 [L] ""BRAINWORX"" logo on meter faces; Volumio wordmark (checked on 1920x1080_g5_704_meters) || visual #215 [L] D'Agostino script logo on meter faces (checked on 1920x1080_g5_704_meters) || visual #216 [G]  (checked on 1920x1080_g5_704_meters) || visual #213 [F] boombox photo; Volumio wordmark faint (checked on 1920x1080_g5_704_meters) || visual #217 [L] ""HARTMANN & BRAUN"" on meter faces (checked on 1920x1080_g5_704_meters) || visual #220 [F] Mark Levinson-style product face; no legible logo (checked on 1920x1080_g5_704_meters) || visual #227 [L] Volumio wordmark on meter faces (checked on 1920x1080_g5_704_meters) || visual #218 [L] Volumio wordmark on meter faces (checked on 1920x1080_g5_704_meters) || visual #228 [G]  (checked on 1920x1080_g5_704_meters) || visual #226 [L] ""TRIPLETT"" logo on meter faces (checked on 1920x1080_g5_704_meters) || visual #222 [G]  (checked on 1920x1080_g5_704_meters) || visual #221 [G]  (checked on 1920x1080_g5_704_meters) || visual #223 [L] ""REHRINGER"" (Behringer parody) and ""MODEL BX-VU"" on meter faces (checked on 1920x1080_g5_704_meters) || visual #224 [G]  (checked on 1920x1080_g5_704_meters) || visual #219 [LF] Waves/Abbey Road J37 tape plugin UI imitation; Volumio wordmark (checked on 1920x1080_g5_704_meters) || visual #225 [N] Siemens-style panel meters; no legible logo (checked on 1920x1080_g5_704_meters)"
foonerd/peppy_templates@f80c166a,1920x1080,1920x1080_g5_705_meters,meter (template_peppy); 20 skin(s),44516057,"none stated (no README/LICENSE/COPYING/txt besides meters.txt in zip; meters.txt has no licence comment; per-size README in repo has none); repo LICENSE MIT ""Copyright (c) 2025 Just a nerd""; repo README: ""Individual templates may have their own licenses. See each template's README.""",not stated in zip; git commit author(s): Gelo5template (first: Gelo5template),Gelo5 work (G5 prefix on every section),"[81G5_Struder Tape] brand: Studer (product face visible) || [82G5_Unison Research] brand: Unison Research (product face visible) || [83G5_Jericho] brand: Jericho (logo visible) || [84G5_Radio Tann] generic (real product photo, maker not identified) || [85G5_Gryphon] brand: Gryphon (logo visible) || [86G5_Onkyo M508] brand: Onkyo (logo visible) || [87G5_Sound90] generic || [88G5_Sony TAN77] brand: Sony (logo visible) || [89G5_Rotel] brand: Rotel (logo visible); DTS (logo visible, not in name) || [90G5_Vert_Kidney] generic || [91G5_BlackBlur] generic || [92G5_BlackBlur Big-Bang] generic || [93G5_BlackBlur LED] generic || [94G5_MNN8] generic || [95G5_NeonLight] generic || [96G5_NIxI Pipe] brand: Waves (logo visible, not in name) || [97G5_Optonica] brand: Optonica (Sharp) (logo visible); Pioneer (product face visible, not in name) || [98G5_Pioneer Deck] brand: Pioneer (product face visible) || [99G5_Merc] brand: Mercedes-Benz (logo visible); Honda (logo visible, not in name) || [100G5_McIntosh Hybrid] brand: McIntosh (logo visible); Volumio (logo visible, not in name)","visual #242 [F] Studer-style multitrack tape recorder photo; logo not legible at preview scale (checked on 1920x1080_g5_705_meters) || visual #076 [F] Unison Research amplifier product photo; no legible logo (checked on 1920x1080_g5_705_meters) || visual #232 [LF] Jericho tube amplifier photo, ""jericho"" wordmark (checked on 1920x1080_g5_705_meters) || visual #239 [F] tuner/amplifier photo; no legible logo (checked on 1920x1080_g5_705_meters) || visual #231 [LF] ""THE GRYPHON"" logos; product face (checked on 1920x1080_g5_705_meters) || visual #101 [LF] Onkyo logo; M-508 product face (checked on 1920x1080_g5_705_meters) || visual #241 [G]  (checked on 1920x1080_g5_705_meters) || visual #028 [LF] Sony logo, TA-N77ES; product face (checked on 1920x1080_g5_705_meters) || visual #240 [LF] ROTEL logo, dts:X logo; RAP-1580 product face (checked on 1920x1080_g5_705_meters) || visual #243 [G]  (checked on 1920x1080_g5_705_meters) || visual #040 [G]  (checked on 1920x1080_g5_705_meters) || visual #229 [G]  (checked on 1920x1080_g5_705_meters) || visual #230 [G]  (checked on 1920x1080_g5_705_meters) || visual #234 [G]  (checked on 1920x1080_g5_705_meters) || visual #235 [G]  (checked on 1920x1080_g5_705_meters) || visual #236 [L] ""WAVES"" logo on meter faces (checked on 1920x1080_g5_705_meters) || visual #237 [LF] OPTONICA logos; product faces; Pioneer cassette visible (checked on 1920x1080_g5_705_meters) || visual #238 [LF] PIONEER CT-F1000 cassette deck face (checked on 1920x1080_g5_705_meters) || visual #233 [L] Mercedes-Benz three-pointed star logo; Honda IMA (""INTEGRATED MOTOR ASSIST"") gauge faces (checked on 1920x1080_g5_705_meters) || visual #167 [LF] McIntosh logo; product face; Volumio wordmark (checked on 1920x1080_g5_701_meters)"
foonerd/peppy_templates@f80c166a,1920x1080,1920x1080_g5_710_Turntables,meter (template_peppy); 48 skin(s),60560951,"none stated (no README/LICENSE/COPYING/txt besides meters.txt in zip; meters.txt has no licence comment; per-size README in repo has none); repo LICENSE MIT ""Copyright (c) 2025 Just a nerd""; repo README: ""Individual templates may have their own licenses. See each template's README.""",not stated in zip; git commit author(s): Gelo5template (first: Gelo5template),Gelo5 work (G5 prefix on every section),"[141G5_01_Vertere Turn] brand: Vertere (logo visible) || [141G5_02_Vertere Turn] brand: Vertere (logo visible) || [141G5_03_Vertere Turn] brand: Vertere (logo visible) || [142G5_01_Pioneer Gold] brand: Pioneer (logo visible) || [142G5_02_Pioneer Gold] brand: Pioneer (logo visible) || [142G5_03_Pioneer Gold] brand: Pioneer (logo visible) || [143G5_TURN Vinyl Black] brand: Volumio (logo visible, not in name) || [144G5_01_Naim Turntable] brand: Naim (logo visible) || [144G5_02_Naim Turntable] brand: Naim (logo visible) || [144G5_03_Naim Turntable] brand: Naim (logo visible) || [145G5_01_McIntosh MTI100] brand: McIntosh (logo visible) || [145G5_02_McIntosh MTI100] brand: McIntosh (logo visible) || [145G5_03_McIntosh MTI100] brand: McIntosh (logo visible) || [146G5_01_Denon DP62] brand: Denon (logo visible); NAD (product face visible, not in name) || [146G5_02_Denon DP62] brand: Denon (logo visible); NAD (product face visible, not in name) || [146G5_03_Denon DP62] brand: Denon (logo visible); NAD (product face visible, not in name) || [147G5_01_Denon DP400] brand: Denon (logo visible) || [147G5_02_Denon DP400] brand: Denon (logo visible) || [147G5_03_Denon DP400] brand: Denon (logo visible) || [148G5_01_Reloop RL7000] brand: Reloop (logo visible) || [148G5_02_Reloop RL7000] brand: Reloop (logo visible) || [148G5_03_Reloop RL7000] brand: Reloop (logo visible) || [149G5_01_Thorens] brand: Thorens (logo visible) || [149G5_02_Thorens] brand: Thorens (logo visible) || [149G5_03_Thorens] brand: Thorens (logo visible) || [150G5_02_AMG Turntable] brand: AMG (logo visible) || [150G5_03_AMG Turntable] brand: AMG (logo visible) || [151G5_01_Technics Silver] brand: Technics (logo visible) || [151G5_02_Technics Silver] brand: Technics (logo visible) || [151G5_03_Technics Silver] brand: Technics (logo visible) || [190G5_03_Grandioso] brand: Esoteric (product face visible) || [191G5_01_Crosley Turntable] brand: Crosley (logo visible) || [191G5_02_Crosley Turntable] brand: Crosley (logo visible) || [191G5_03_Crosley Turntable] brand: Crosley (logo visible) || [192G5_01_Korg Handy] brand: Korg (logo visible) || [192G5_02_Korg Handy] brand: Korg (logo visible) || [192G5_03_Korg Handy] brand: Korg (logo visible) || [193G5_01_TechDas] brand: TechDAS (logo visible) || [193G5_02_TechDas] brand: TechDAS (logo visible) || [193G5_03_TechDas] brand: TechDAS (logo visible) || [194G5_02_PioneerNew] brand: Pioneer (logo visible); Serato (logo visible, not in name); rekordbox (logo visible, not in name) || [194G5_03_PioneerNew] brand: Pioneer (logo visible); Serato (logo visible, not in name); rekordbox (logo visible, not in name) || [195G5_01_Gramovox] brand: Gramovox (product face visible) || [195G5_02_Gramovox] brand: Gramovox (product face visible) || [195G5_03_Gramovox] brand: Gramovox (product face visible) || [196G5_01_SME60] brand: SME (logo visible); Volumio (logo visible, not in name) || [196G5_02_SME60] brand: SME (logo visible); Volumio (logo visible, not in name) || [196G5_03_SME60] brand: SME (logo visible); Volumio (logo visible, not in name)","visual #259 [LF] VERTERE logos; turntable face (checked on 1920x1080_g5_710_Turntables) || visual #259 [LF] VERTERE logos; turntable face (checked on 1920x1080_g5_710_Turntables) || visual #259 [LF] VERTERE logos; turntable face (checked on 1920x1080_g5_710_Turntables) || visual #253 [LF] ""Pioneer DJ"" logo; PLX turntable face (checked on 1920x1080_g5_710_Turntables) || visual #253 [LF] ""Pioneer DJ"" logo; PLX turntable face (checked on 1920x1080_g5_710_Turntables) || visual #253 [LF] ""Pioneer DJ"" logo; PLX turntable face (checked on 1920x1080_g5_710_Turntables) || visual #185 [F] turntable photo; Volumio wordmark faint (checked on 1920x1080_g5_702_meters) || visual #252 [LF] Naim turntable face; naim logo small (checked on 1920x1080_g5_710_Turntables) || visual #252 [LF] Naim turntable face; naim logo small (checked on 1920x1080_g5_710_Turntables) || visual #252 [LF] Naim turntable face; naim logo small (checked on 1920x1080_g5_710_Turntables) || visual #251 [LF] McIntosh logo; MTI100 product face (checked on 1920x1080_g5_710_Turntables) || visual #251 [LF] McIntosh logo; MTI100 product face (checked on 1920x1080_g5_710_Turntables) || visual #251 [LF] McIntosh logo; MTI100 product face (checked on 1920x1080_g5_710_Turntables) || visual #247 [LF] DENON logo; DP-62 turntable face; NAD meter faces (checked on 1920x1080_g5_710_Turntables) || visual #247 [LF] DENON logo; DP-62 turntable face; NAD meter faces (checked on 1920x1080_g5_710_Turntables) || visual #247 [LF] DENON logo; DP-62 turntable face; NAD meter faces (checked on 1920x1080_g5_710_Turntables) || visual #246 [LF] DENON logo; DP-400 turntable face (checked on 1920x1080_g5_710_Turntables) || visual #246 [LF] DENON logo; DP-400 turntable face (checked on 1920x1080_g5_710_Turntables) || visual #246 [LF] DENON logo; DP-400 turntable face (checked on 1920x1080_g5_710_Turntables) || visual #255 [LF] ""reloop"" logo; RP-7000 turntable face (checked on 1920x1080_g5_710_Turntables) || visual #255 [LF] ""reloop"" logo; RP-7000 turntable face (checked on 1920x1080_g5_710_Turntables) || visual #255 [LF] ""reloop"" logo; RP-7000 turntable face (checked on 1920x1080_g5_710_Turntables) || visual #258 [LF] THORENS logos on meters and plinth (checked on 1920x1080_g5_710_Turntables) || visual #258 [LF] THORENS logos on meters and plinth (checked on 1920x1080_g5_710_Turntables) || visual #258 [LF] THORENS logos on meters and plinth (checked on 1920x1080_g5_710_Turntables) || visual #244 [LF] AMG turntable product face, AMG logo small (checked on 1920x1080_g5_710_Turntables) || visual #244 [LF] AMG turntable product face, AMG logo small (checked on 1920x1080_g5_710_Turntables) || visual #031 [LF] Technics SL-1200 product face, Technics wordmark (checked on 1920x1080_g5_710_Turntables) || visual #031 [LF] Technics SL-1200 product face, Technics wordmark (checked on 1920x1080_g5_710_Turntables) || visual #031 [LF] Technics SL-1200 product face, Technics wordmark (checked on 1920x1080_g5_710_Turntables) || visual #249 [F] Esoteric Grandioso T1 turntable photo; no legible logo at preview scale (checked on 1920x1080_g5_710_Turntables) || visual #245 [LF] Crosley turntable product photo, CROSLEY logo small (checked on 1920x1080_g5_710_Turntables) || visual #245 [LF] Crosley turntable product photo, CROSLEY logo small (checked on 1920x1080_g5_710_Turntables) || visual #245 [LF] Crosley turntable product photo, CROSLEY logo small (checked on 1920x1080_g5_710_Turntables) || visual #250 [LF] KORG logo, ""handytraxx play""; product face (checked on 1920x1080_g5_710_Turntables) || visual #250 [LF] KORG logo, ""handytraxx play""; product face (checked on 1920x1080_g5_710_Turntables) || visual #250 [LF] KORG logo, ""handytraxx play""; product face (checked on 1920x1080_g5_710_Turntables) || visual #257 [LF] TechDAS logo; Air Force turntable face (checked on 1920x1080_g5_710_Turntables) || visual #257 [LF] TechDAS logo; Air Force turntable face (checked on 1920x1080_g5_710_Turntables) || visual #257 [LF] TechDAS logo; Air Force turntable face (checked on 1920x1080_g5_710_Turntables) || visual #254 [LF] ""serato"" and ""rekordbox"" logos on Pioneer DJ turntable (checked on 1920x1080_g5_710_Turntables) || visual #254 [LF] ""serato"" and ""rekordbox"" logos on Pioneer DJ turntable (checked on 1920x1080_g5_710_Turntables) || visual #248 [F] Gramovox horn turntable product photo; no legible logo (checked on 1920x1080_g5_710_Turntables) || visual #248 [F] Gramovox horn turntable product photo; no legible logo (checked on 1920x1080_g5_710_Turntables) || visual #248 [F] Gramovox horn turntable product photo; no legible logo (checked on 1920x1080_g5_710_Turntables) || visual #256 [LF] SME logo; SME 60 turntable face; Volumio wordmark (checked on 1920x1080_g5_710_Turntables) || visual #256 [LF] SME logo; SME 60 turntable face; Volumio wordmark (checked on 1920x1080_g5_710_Turntables) || visual #256 [LF] SME logo; SME 60 turntable face; Volumio wordmark (checked on 1920x1080_g5_710_Turntables)"
foonerd/peppy_templates@f80c166a,1920x1080,1920x1080_g5_711_Tape_Recorder,meter (template_peppy); 20 skin(s),51410150,"none stated (no README/LICENSE/COPYING/txt besides meters.txt in zip; meters.txt has no licence comment; per-size README in repo has none); repo LICENSE MIT ""Copyright (c) 2025 Just a nerd""; repo README: ""Individual templates may have their own licenses. See each template's README.""","not stated in zip; git commit author(s): Gelo5template, foonerd (first: foonerd)",Gelo5 work (G5 prefix on every section),"[151G5_Akai77 black] brand: Akai (logo visible) || [152G5_Akai77_silver] brand: Akai (logo visible) || [153G5_Studer A810] brand: Studer (logo visible) || [154G5_PioneerRT707_silver] brand: Pioneer (product face visible) || [155G5_Antelope Reel] brand: Antelope (?) (logo visible) || [156G5_Otari Reel] brand: Otari (logo visible) || [157G5_Revox B77] brand: Revox (logo visible) || [158G5_Tascam Rec] brand: Tascam (logo visible) || [159G5_Technics Rec] brand: Technics (logo visible) || [159G5_Metaxas Rec] generic (real product photo, maker not identified) || [210G5_Sony TC730] brand: Sony (logo visible) || [211G5_Akai GX635] brand: Akai (logo visible) || [212G5_TapeAK] generic (real product photo, maker not identified) || [213G5_Fostex Rec] brand: Fostex (logo visible) || [214G5_TapeAMP] generic (real product photo, maker not identified) || [215G5_Koncert M3401] brand: Koncert (product face visible) || [216G5_Akai PRO1000] brand: Akai (logo visible); Bocatech (?) (logo visible, not in name) || [217G5_MION24] brand: MION (?) (product face visible) || [218G5_Teac X2000] brand: TEAC (logo visible) || [219G5_Tandberg OLD] brand: Tandberg (logo visible)","visual #260 [LF] AKAI logo; GX-77 reel-to-reel face (checked on 1920x1080_g5_711_Tape_Recorder) || visual #261 [LF] AKAI logo; GX-77 reel-to-reel face (checked on 1920x1080_g5_711_Tape_Recorder) || visual #273 [LF] STUDER logo; A810 face (checked on 1920x1080_g5_711_Tape_Recorder) || visual #270 [LF] PIONEER RT-707 reel-to-reel face (checked on 1920x1080_g5_711_Tape_Recorder) || visual #264 [N] ""Antelope Reel to Reel"" script; plugin-UI style; maker unclear (checked on 1920x1080_g5_711_Tape_Recorder) || visual #269 [LF] OTARI logo; reel-to-reel face (checked on 1920x1080_g5_711_Tape_Recorder) || visual #271 [LF] ReVox B77 MK II logo; product face (checked on 1920x1080_g5_711_Tape_Recorder) || visual #277 [LF] TASCAM logo; reel-to-reel face (checked on 1920x1080_g5_711_Tape_Recorder) || visual #279 [LF] Technics RS-1500-style reel-to-reel face, Technics wordmark small (checked on 1920x1080_g5_711_Tape_Recorder) || visual #267 [F] Metaxas-style reel recorder; no legible logo (checked on 1920x1080_g5_711_Tape_Recorder) || visual #272 [LF] SONY logo; TC-730 reel-to-reel face (checked on 1920x1080_g5_711_Tape_Recorder) || visual #262 [LF] AKAI logos on meters; GX-635 face (checked on 1920x1080_g5_711_Tape_Recorder) || visual #275 [F] reel-to-reel/amp photo; no legible logo (checked on 1920x1080_g5_711_Tape_Recorder) || visual #265 [LF] Fostex logo; reel-to-reel face (checked on 1920x1080_g5_711_Tape_Recorder) || visual #276 [F] reel deck graphic; no legible logo (checked on 1920x1080_g5_711_Tape_Recorder) || visual #266 [LF] Koncert M3401 reel-to-reel photo; wordmark small (checked on 1920x1080_g5_711_Tape_Recorder) || visual #263 [LF] AKAI logo; ""BOCATECH INC."" meters (checked on 1920x1080_g5_711_Tape_Recorder) || visual #268 [F] reel-to-reel photo; no legible logo (checked on 1920x1080_g5_711_Tape_Recorder) || visual #278 [LF] TEAC logo; X-2000 reel-to-reel face (checked on 1920x1080_g5_711_Tape_Recorder) || visual #274 [LF] Tandberg reel-to-reel photo, TANDBERG wordmark (checked on 1920x1080_g5_711_Tape_Recorder)"
foonerd/peppy_templates@f80c166a,1920x1080,1920x1080_g5_712_Cassette,meter (template_peppy); 15 skin(s),36036655,"none stated (no README/LICENSE/COPYING/txt besides meters.txt in zip; meters.txt has no licence comment; per-size README in repo has none); repo LICENSE MIT ""Copyright (c) 2025 Just a nerd""; repo README: ""Individual templates may have their own licenses. See each template's README.""","not stated in zip; git commit author(s): Gelo5template, foonerd (first: Gelo5template)",Gelo5 work (G5 prefix on every section),"[161G5_Pioneer Cassette] brand: Pioneer (logo visible) || [162G5_TDK cassette] brand: TDK (logo visible) || [163G5_TEAC cassette] brand: TEAC (logo visible) || [164G5_Maxell Cassette] brand: Maxell (logo visible) || [165G5_BASF Free] brand: BASF (logo visible) || [166G5_Cassette_Circular] generic (real product photo, maker not identified) || [167G5_Cassette_Linear] brand: BASF (logo visible, not in name) || [168G5_Philips Cassette] brand: Philips (product face visible) || [169G5_Denon DR650] brand: Denon (logo visible) || [170G5_SonyK770 cassette] brand: Sony (logo visible) || [240G5_MION24C] brand: MION (?) (product face visible) || [241G5_Kenwood cassette] brand: Kenwood (product face visible) || [242G5_Sharp] brand: Sharp (logo visible) || [243G5_Sansui Cassette] brand: Sansui (logo visible) || [244G5_Pioneer CT_F1250] brand: Pioneer (product face visible)","visual #288 [L] ""PIONEER N1-60"" cassette label with Pioneer logo (checked on 1920x1080_g5_712_Cassette) || visual #292 [L] ""TDK D"" cassette label with TDK logo (checked on 1920x1080_g5_712_Cassette) || visual #205 [LF] TEAC W-1200 cassette deck face, TEAC logo (checked on 1920x1080_g5_703_meters) || visual #285 [L] ""maxell XLII 90"" cassette label; maxell logos on meters (checked on 1920x1080_g5_712_Cassette) || visual #280 [L] ""BASF CHROME SUPER II 60"" cassette label (checked on 1920x1080_g5_712_Cassette) || visual #281 [F] cassette labelled ""FERRO COLOR"" (real tape product look); maker not named (checked on 1920x1080_g5_712_Cassette) || visual #282 [F] BASF LH-style cassette label (""C60 ... LH"", ""unbespielt""); maker not named (checked on 1920x1080_g5_712_Cassette) || visual #287 [F] Philips-style cassette deck face; logo not legible at preview scale (checked on 1920x1080_g5_712_Cassette) || visual #283 [LF] DENON logo; DR-650-style cassette deck face (checked on 1920x1080_g5_712_Cassette) || visual #291 [LF] SONY logos; TC-K770ES cassette deck face (checked on 1920x1080_g5_712_Cassette) || visual #286 [F] reel-to-reel photo; no legible logo (checked on 1920x1080_g5_712_Cassette) || visual #284 [F] cassette-deck photo; no legible logo (checked on 1920x1080_g5_712_Cassette) || visual #108 [F] Sharp cassette deck face (""Auto Program Locate Device""); no legible Sharp logo (checked on 1920x1080_g5_712_Cassette) || visual #290 [LF] Sansui SC-5330 cassette deck face, Sansui logo (checked on 1920x1080_g5_712_Cassette) || visual #289 [LF] PIONEER CT-F1250 cassette deck face (checked on 1920x1080_g5_712_Cassette)"
foonerd/peppy_templates@f80c166a,1920x1080,1920x1080_g5_713_CD,meter (template_peppy); 16 skin(s),32467267,"none stated (no README/LICENSE/COPYING/txt besides meters.txt in zip; meters.txt has no licence comment; per-size README in repo has none); repo LICENSE MIT ""Copyright (c) 2025 Just a nerd""; repo README: ""Individual templates may have their own licenses. See each template's README.""",not stated in zip; git commit author(s): Gelo5template (first: Gelo5template),Gelo5 work (G5 prefix on every section),"[171G5_Sony557 Full] brand: Sony (logo visible) || [172G5_Sony557 Cust] brand: Sony (logo visible) || [173G5_CD Player Full] generic || [174G5_CD Player Cust] generic || [175G5_Emerson Full] brand: Emerson (logo visible); Bluetooth logo (logo visible, not in name) || [176G5_Emerson Cust] brand: Emerson (logo visible); Bluetooth logo (logo visible, not in name) || [177G5_Dunu Cust] brand: Dunu (logo visible); Volumio (logo visible, not in name) || [178G5_Thinkya Cust] brand: Thinkya (logo visible) || [179G5_Shanling Cust] brand: Shanling (product face visible); Hitachi (product face visible, not in name) || [180G5_Syitren Cust] brand: Syitren (product face visible) || [260G5_CD Black] brand: Volumio (logo visible, not in name) || [261G5_CD HOTT] generic (real product photo, maker not identified) || [262G5_Jadis] brand: Jadis (logo visible) || [262G5_02_Jadis] brand: Jadis (logo visible) || [263G5_Emerson MS3] brand: Emerson (logo visible) || [263G5_02_Emerson MS3] brand: Emerson (logo visible)","visual #304 [LF] SONY logos; CDP-557ESD product face (checked on 1920x1080_g5_713_CD) || visual #303 [LF] SONY logos; CDP-557ESD product face (checked on 1920x1080_g5_713_CD) || visual #296 [G]  (checked on 1920x1080_g5_713_CD) || visual #295 [G]  (checked on 1920x1080_g5_713_CD) || visual #299 [LF] ""Emerson"" logo, Bluetooth logo; boombox face (checked on 1920x1080_g5_713_CD) || visual #298 [LF] ""Emerson"" logo, Bluetooth logo; boombox face (checked on 1920x1080_g5_713_CD) || visual #297 [LF] ""DUNU"" logo; Volumio wordmark (checked on 1920x1080_g5_713_CD) || visual #306 [LF] ""THINKYA"" logo; CD player face (checked on 1920x1080_g5_713_CD) || visual #302 [LF] Shanling CD player photo; HITACHI meter faces (checked on 1920x1080_g5_713_CD) || visual #305 [F] Syitren-style CD player face; no legible logo (checked on 1920x1080_g5_713_CD) || visual #293 [F] turntable/amp graphic; Volumio wordmark faint (checked on 1920x1080_g5_713_CD) || visual #294 [F] CD player graphic; no legible logo (checked on 1920x1080_g5_713_CD) || visual #301 [LF] Jadis CD transport photo, Jadis logo (checked on 1920x1080_g5_713_CD) || visual #301 [LF] Jadis CD transport photo, Jadis logo (checked on 1920x1080_g5_713_CD) || visual #300 [LF] EMERSON logo; MS3 product face (checked on 1920x1080_g5_713_CD) || visual #300 [LF] EMERSON logo; MS3 product face (checked on 1920x1080_g5_713_CD)"
foonerd/peppy_templates@f80c166a,1920x1080,1920x1080_g5_721_ms,meter+spectrum (templates_peppy_spectrum); 1 skin(s),6282752,"none stated (no README/LICENSE/COPYING/txt besides meters.txt in zip; meters.txt has no licence comment; per-size README in repo has none); repo LICENSE MIT ""Copyright (c) 2025 Just a nerd""; repo README: ""Individual templates may have their own licenses. See each template's README.""",not stated in zip; git commit author(s): Gelo5template (first: Gelo5template),Gelo5 work (G5 prefix on every section),[121G5_Pioneer S+M] brand: Pioneer (product face visible),visual #131 [F] Pioneer PLX gold turntable face; logo not legible at preview scale (checked on 1920x1080_g5_721_ms)
foonerd/peppy_templates@f80c166a,1920x1080,1920x1080_g5_FanarTurntable,meter (template_peppy); 12 skin(s),25239426,"none stated (no README/LICENSE/COPYING/txt besides meters.txt in zip; meters.txt has no licence comment; per-size README in repo has none); repo LICENSE MIT ""Copyright (c) 2025 Just a nerd""; repo README: ""Individual templates may have their own licenses. See each template's README.""","not stated in zip; git commit author(s): Gelo5, Gelo5template (first: Gelo5template)",Gelo5 work (G5 prefix on every section),"[350G5_Denon DP62 Fanart] brand: Denon (logo visible); NAD (product face visible, not in name) || [351G5_Denon DP400 Fanart] brand: Denon (logo visible) || [352G5_Pioneer Gold Fanart] brand: Pioneer (logo visible) || [353G5_Technics Silver Fanart] brand: Technics (logo visible) || [354G5_Thorens Fanart] brand: Thorens (logo visible) || [355G5_Grandioso Fanart] brand: Esoteric (product face visible) || [356G5_Vertere Fanart] brand: Vertere (logo visible) || [357G5_McIntosh MTI100 Fanart] brand: McIntosh (logo visible) || [358G5_Naim Turn Fanart] brand: Naim (logo visible) || [359G5_Turn Black_Fanart] brand: Volumio (logo visible, not in name) || [360G5_Turn Big Fanart] generic || [361G5_Turn Big Fanart] generic","visual #308 [LF] DENON logo; DP-62 face; NAD meter faces (checked on 1920x1080_g5_FanarTurntable) || visual #307 [LF] DENON logo; DP-400 turntable face (checked on 1920x1080_g5_FanarTurntable) || visual #312 [LF] ""Pioneer DJ"" logo; PLX turntable face (checked on 1920x1080_g5_FanarTurntable) || visual #313 [LF] Technics SL-1200 face, Technics wordmark (checked on 1920x1080_g5_FanarTurntable) || visual #314 [LF] THORENS logos (checked on 1920x1080_g5_FanarTurntable) || visual #309 [F] Esoteric Grandioso turntable photo; no legible logo at preview scale (checked on 1920x1080_g5_FanarTurntable) || visual #316 [LF] VERTERE logos; turntable face (checked on 1920x1080_g5_FanarTurntable) || visual #310 [LF] McIntosh logo; MTI100 face (checked on 1920x1080_g5_FanarTurntable) || visual #311 [LF] Naim turntable face; naim logo small (checked on 1920x1080_g5_FanarTurntable) || visual #315 [F] turntable photo; Volumio wordmark faint (checked on 1920x1080_g5_FanarTurntable) || visual #430 [G]  (checked on 1920x1080_g5_FanarTurntable) || visual #430 [G]  (checked on 1920x1080_g5_FanarTurntable)"
foonerd/peppy_templates@f80c166a,1920x1080,1920x1080_g5_FanartCD,meter (template_peppy); 12 skin(s),20894094,"none stated (no README/LICENSE/COPYING/txt besides meters.txt in zip; meters.txt has no licence comment; per-size README in repo has none); repo LICENSE MIT ""Copyright (c) 2025 Just a nerd""; repo README: ""Individual templates may have their own licenses. See each template's README.""","not stated in zip; git commit author(s): Gelo5, Gelo5template (first: Gelo5template)",Gelo5 work (G5 prefix on every section),"[300G5_Shanling Fanart] brand: Shanling (product face visible); Hitachi (product face visible, not in name) || [301G5_Kenwood Fanart] brand: Kenwood (name only) || [302G5_McIntosh Fanart] brand: McIntosh (product face visible) || [303G5_Vertere Fanart] brand: Vertere (logo visible) || [304G5_Kenwood Ver_Fanart] brand: Kenwood (name only) || [305G5_LG_Syitren Fanart] brand: Syitren (name only) || [306G5_LG_Thinkya Fanart] brand: Thinkya (product face visible); Naim (product face visible, not in name) || [307G5_FreeCD Fanart] generic || [308G5_ONLY Fanart] generic || [309G5_Mion_Fanart] brand: MION (?) (product face visible) || [310G5_CD Big Fanart] generic || [311G5_CD2 Big Fanart] generic",visual #325 [F] Shanling CD player shape; HITACHI meter faces (checked on 1920x1080_g5_FanartCD) || visual #318 [G]  (checked on 1920x1080_g5_FanartCD) || visual #322 [F] McIntosh-style blue meters; no legible logo on this preview (checked on 1920x1080_g5_FanartCD) || visual #316 [LF] VERTERE logos; turntable face (checked on 1920x1080_g5_FanarTurntable) || visual #319 [G]  (checked on 1920x1080_g5_FanartCD) || visual #320 [F] CD player graphic; no legible logo (checked on 1920x1080_g5_FanartCD) || visual #321 [F] CD player graphic; Naim-style green meters; no legible logo (checked on 1920x1080_g5_FanartCD) || visual #317 [G]  (checked on 1920x1080_g5_FanartCD) || visual #324 [G]  (checked on 1920x1080_g5_FanartCD) || visual #323 [F] reel-to-reel cabinet photo; no legible logo (checked on 1920x1080_g5_FanartCD) || visual #432 [G]  (checked on 1920x1080_g5_FanartCD) || visual #431 [G]  (checked on 1920x1080_g5_FanartCD)
foonerd/peppy_templates@f80c166a,1920x1080,1920x1080_g5_FanartCass,meter (template_peppy); 12 skin(s),26915153,"none stated (no README/LICENSE/COPYING/txt besides meters.txt in zip; meters.txt has no licence comment; per-size README in repo has none); repo LICENSE MIT ""Copyright (c) 2025 Just a nerd""; repo README: ""Individual templates may have their own licenses. See each template's README.""","not stated in zip; git commit author(s): Gelo5, Gelo5template (first: Gelo5template)",Gelo5 work (G5 prefix on every section),"[370G5_Cassette_Lin Fanart] brand: BASF (logo visible, not in name) || [371G5_TEAC cass Fanart] brand: TEAC (logo visible) || [372G5_Maxell Cass Fanart] brand: Maxell (logo visible) || [373G5_BASF Free Fanart] brand: BASF (logo visible) || [374G5_Denon Cass Fanart] brand: Denon (logo visible) || [375G5_SonyK770 cass Fanart] brand: Sony (logo visible) || [376G5_MION24C Fanart] brand: MION (?) (product face visible) || [377G5_Kenwood cass Fanart] brand: Kenwood (product face visible) || [378G5_Sharp Cass Fanart] brand: Sharp (product face visible); Bocatech (?) (logo visible, not in name) || [379G5_Sansui Cass Fanart] brand: Sansui (product face visible) || [380G5_TDK Big Fanart] brand: TDK (name only) || [381G5_Maxell Big Fanart] brand: Maxell (name only)","visual #434 [F] BASF LH-style cassette label; maker not named (checked on 1920x1080_g5_FanartCass) || visual #444 [L] ""TEAC"" cassette label (checked on 1920x1080_g5_FanartCass) || visual #438 [L] ""maxell XLII 90"" cassette label; maxell on meters (checked on 1920x1080_g5_FanartCass) || visual #433 [L] ""BASF CHROME SUPER II 60"" cassette label (checked on 1920x1080_g5_FanartCass) || visual #435 [LF] DENON logo; cassette deck face (checked on 1920x1080_g5_FanartCass) || visual #442 [LF] SONY logo; TC-K770ES face (checked on 1920x1080_g5_FanartCass) || visual #439 [F] reel-to-reel photo; no legible logo (checked on 1920x1080_g5_FanartCass) || visual #436 [F] cassette-deck photo; no legible logo (checked on 1920x1080_g5_FanartCass) || visual #441 [F] Sharp-style cassette deck; ""BOCATECH INC."" meters (checked on 1920x1080_g5_FanartCass) || visual #440 [LF] Sansui SC-5330 cassette deck face (checked on 1920x1080_g5_FanartCass) || visual #443 [F] small cassette thumbnail; no legible logo (checked on 1920x1080_g5_FanartCass) || visual #437 [F] small cassette thumbnail; no legible logo (checked on 1920x1080_g5_FanartCass)"
foonerd/peppy_templates@f80c166a,1920x1080,1920x1080_g5_FanartTape,meter (template_peppy); 16 skin(s),45342001,"none stated (no README/LICENSE/COPYING/txt besides meters.txt in zip; meters.txt has no licence comment; per-size README in repo has none); repo LICENSE MIT ""Copyright (c) 2025 Just a nerd""; repo README: ""Individual templates may have their own licenses. See each template's README.""",not stated in zip; git commit author(s): Gelo5 (first: Gelo5),Gelo5 work (G5 prefix on every section),"[400G5_Akai77 black] brand: Akai (logo visible) || [401G5_Akai77_silver] brand: Akai (logo visible) || [402G5_Studer A810] brand: Studer (logo visible) || [403G5_PioneerRT707_silver] brand: Pioneer (product face visible) || [404G5_Antelope Reel] brand: Antelope (?) (logo visible) || [405G5_Otari Reel] brand: Otari (logo visible) || [406G5_Revox B77] brand: Revox (logo visible) || [407G5_Tascam Rec] brand: Tascam (logo visible) || [408G5_Technics Rec] brand: Technics (logo visible) || [409G5_Metaxas Rec] generic (real product photo, maker not identified) || [410G5_Sony TC730] brand: Sony (logo visible) || [411G5_Akai GX635] brand: Akai (logo visible) || [412G5_TapeAK] generic (real product photo, maker not identified) || [413G5_Koncert M3401] brand: Koncert (product face visible) || [414G5_MION24] brand: MION (?) (product face visible) || [415G5_Teac X2000] brand: TEAC (logo visible)","visual #260 [LF] AKAI logo; GX-77 reel-to-reel face (checked on 1920x1080_g5_711_Tape_Recorder) || visual #261 [LF] AKAI logo; GX-77 reel-to-reel face (checked on 1920x1080_g5_711_Tape_Recorder) || visual #273 [LF] STUDER logo; A810 face (checked on 1920x1080_g5_711_Tape_Recorder) || visual #270 [LF] PIONEER RT-707 reel-to-reel face (checked on 1920x1080_g5_711_Tape_Recorder) || visual #264 [N] ""Antelope Reel to Reel"" script; plugin-UI style; maker unclear (checked on 1920x1080_g5_711_Tape_Recorder) || visual #269 [LF] OTARI logo; reel-to-reel face (checked on 1920x1080_g5_711_Tape_Recorder) || visual #271 [LF] ReVox B77 MK II logo; product face (checked on 1920x1080_g5_711_Tape_Recorder) || visual #277 [LF] TASCAM logo; reel-to-reel face (checked on 1920x1080_g5_711_Tape_Recorder) || visual #279 [LF] Technics RS-1500-style reel-to-reel face, Technics wordmark small (checked on 1920x1080_g5_711_Tape_Recorder) || visual #267 [F] Metaxas-style reel recorder; no legible logo (checked on 1920x1080_g5_711_Tape_Recorder) || visual #272 [LF] SONY logo; TC-730 reel-to-reel face (checked on 1920x1080_g5_711_Tape_Recorder) || visual #262 [LF] AKAI logos on meters; GX-635 face (checked on 1920x1080_g5_711_Tape_Recorder) || visual #275 [F] reel-to-reel/amp photo; no legible logo (checked on 1920x1080_g5_711_Tape_Recorder) || visual #266 [LF] Koncert M3401 reel-to-reel photo; wordmark small (checked on 1920x1080_g5_711_Tape_Recorder) || visual #268 [F] reel-to-reel photo; no legible logo (checked on 1920x1080_g5_711_Tape_Recorder) || visual #278 [LF] TEAC logo; X-2000 reel-to-reel face (checked on 1920x1080_g5_711_Tape_Recorder)"
foonerd/peppy_templates@f80c166a,1920x1080,1920x1080_g5_RADIO,meter (template_peppy); 16 skin(s),35115055,"none stated (no README/LICENSE/COPYING/txt besides meters.txt in zip; meters.txt has no licence comment; per-size README in repo has none); repo LICENSE MIT ""Copyright (c) 2025 Just a nerd""; repo README: ""Individual templates may have their own licenses. See each template's README.""",not stated in zip; git commit author(s): Gelo5 (first: Gelo5),Gelo5 work (G5 prefix on every section),"[500G5_Meier] generic (real product photo, maker not identified) || [501G5_McIntosh FM] brand: McIntosh (logo visible) || [502G5_Retro] generic || [503G5_Albrecht] brand: Albrecht (logo visible) || [504G5_Marantz FM] brand: Marantz (logo visible) || [505G5_Technisat] brand: TechniSat (logo visible) || [506G5_Audizio FM] brand: Audizio (logo visible) || [507G5_Teufel] brand: Teufel (logo visible) || [508G5_Hyundai] brand: Hyundai (product face visible) || [509G5_Technisat Silver] brand: TechniSat (logo visible) || [510G5_Blaupunkt FM] brand: Blaupunkt (logo visible) || [511G5_Pure DAB] brand: Pure (logo visible) || [512G5_Imperial YT] brand: Imperial (logo visible) || [513G5_Roadstar] brand: Roadstar (logo visible) || [514G5_Auna FM] brand: Auna (logo visible); DAB+ logo (logo visible, not in name) || [515G5_Denver] brand: Denver (logo visible)","visual #454 [F] retro radio photo; no legible logo (checked on 1920x1080_g5_RADIO) || visual #453 [LF] McIntosh logo, ""MR88 AM/FM TUNER""; product face (checked on 1920x1080_g5_RADIO) || visual #055 [G]  (checked on 1920x1080_g5_RADIO) || visual #445 [LF] ""albrecht"" logo, ""Digitalradio DR 865""; product face (checked on 1920x1080_g5_RADIO) || visual #452 [LF] marantz logos; tuner/amp faces (checked on 1920x1080_g5_RADIO) || visual #457 [LF] ""TechniSat DIGITRADIO"" product face (checked on 1920x1080_g5_RADIO) || visual #446 [LF] ""audizio"" logo, ""SALERNO""; product face (checked on 1920x1080_g5_RADIO) || visual #459 [LF] ""Teufel"" logo; product face (checked on 1920x1080_g5_RADIO) || visual #450 [LF] Hyundai radio photo; logo small (checked on 1920x1080_g5_RADIO) || visual #458 [LF] ""TechniSat DIGITRADIO 574 IR"" product face (checked on 1920x1080_g5_RADIO) || visual #448 [LF] BLAUPUNKT logo; product face (checked on 1920x1080_g5_RADIO) || visual #455 [LF] ""PURE"" logo; DAB radio face (checked on 1920x1080_g5_RADIO) || visual #451 [LF] ""imperial DABMAN i170"" product face (checked on 1920x1080_g5_RADIO) || visual #456 [LF] Roadstar logo; product face (checked on 1920x1080_g5_RADIO) || visual #447 [LF] ""auna"" logo, DAB+ logo; product face (checked on 1920x1080_g5_RADIO) || visual #449 [LF] ""denver"" logo; product face (checked on 1920x1080_g5_RADIO)"
foonerd/peppy_templates@f80c166a,1920x1080,1920x1080_reel_tape,meter (template_peppy); 1 skin(s),4035216,"none stated (no README/LICENSE/COPYING/txt besides meters.txt in zip; meters.txt has no licence comment; per-size README in repo has none); repo LICENSE MIT ""Copyright (c) 2025 Just a nerd""; repo README: ""Individual templates may have their own licenses. See each template's README.""",not stated in zip; git commit author(s): Pakit S (first: Pakit S),Pakit S,"[1920x1080_ReelTape] brand: Revox (product face visible, not in name); Studer (product face visible, not in name)",visual #460 [F] Revox/Studer-style reel-to-reel photo; logo not legible at preview scale (checked on 1920x1080_reel_tape)
foonerd/peppy_templates@f80c166a,800x480,800x480_Linn_LP12,meter (template_peppy); 1 skin(s),766192,"none stated (no README/LICENSE/COPYING/txt besides meters.txt in zip; meters.txt has no licence comment; per-size README in repo has none); repo LICENSE MIT ""Copyright (c) 2025 Just a nerd""; repo README: ""Individual templates may have their own licenses. See each template's README.""",not stated in zip; git commit author(s): Wheaten (first: Wheaten),,[Linn-LP12] brand: Linn (logo visible),"visual #461 [LF] LINN logo, ""LP12""; turntable face (checked on 800x480_Linn_LP12)"
foonerd/peppy_templates@f80c166a,800x480,800x480_Pro-Ject_ACDC,meter (template_peppy); 1 skin(s),1109805,"none stated (no README/LICENSE/COPYING/txt besides meters.txt in zip; meters.txt has no licence comment; per-size README in repo has none); repo LICENSE MIT ""Copyright (c) 2025 Just a nerd""; repo README: ""Individual templates may have their own licenses. See each template's README.""",not stated in zip; git commit author(s): Wheaten (first: Wheaten),,"[Pro-Ject_ACDC] third-party IP/likeness: AC/DC band logo and album artwork (gold ""50"" vinyl, red ""PWR UP""-style neon); brand: AC/DC (logo visible); Pro-Ject (product face visible)","visual #462 [PLF] AC/DC band logo and album artwork (gold ""50"" vinyl, red ""PWR UP""-style neon); Pro-Ject turntable (checked on 800x480_Pro-Ject_ACDC)"
foonerd/peppy_templates@f80c166a,800x480,800x480_Pro-Ject_DarkSideOfTheMoon,meter (template_peppy); 1 skin(s),705431,"none stated (no README/LICENSE/COPYING/txt besides meters.txt in zip; meters.txt has no licence comment; per-size README in repo has none); repo LICENSE MIT ""Copyright (c) 2025 Just a nerd""; repo README: ""Individual templates may have their own licenses. See each template's README.""",not stated in zip; git commit author(s): Wheaten (first: Wheaten),,"[Pro-Ject_DarkSideOfTheMoon] third-party IP/likeness: Pink Floyd ""The Dark Side of the Moon"" prism artwork and album sleeve; brand: Pink Floyd (name only); Pro-Ject (product face visible)","visual #463 [PLF] Pink Floyd ""The Dark Side of the Moon"" prism artwork and album sleeve; Pro-Ject turntable (checked on 800x480_Pro-Ject_DarkSideOfTheMoon)"
foonerd/peppy_templates@f80c166a,800x480,800x480_Pro-Ject_Metallica,meter (template_peppy); 1 skin(s),787430,"none stated (no README/LICENSE/COPYING/txt besides meters.txt in zip; meters.txt has no licence comment; per-size README in repo has none); repo LICENSE MIT ""Copyright (c) 2025 Just a nerd""; repo README: ""Individual templates may have their own licenses. See each template's README.""",not stated in zip; git commit author(s): Wheaten (first: Wheaten),,"[Project-Metallica] third-party IP/likeness: Metallica band logo and ""Load"" album cover; brand: Metallica (logo visible); Pro-Ject (product face visible)","visual #464 [PLF] Metallica band logo and ""Load"" album cover; Pro-Ject turntable (checked on 800x480_Pro-Ject_Metallica)"
foonerd/peppy_templates@f80c166a,800x480,800x480_RB18_01,meter (template_peppy); 1 skin(s),557938,"none stated (no README/LICENSE/COPYING/txt besides meters.txt in zip; meters.txt has no licence comment; per-size README in repo has none); repo LICENSE MIT ""Copyright (c) 2025 Just a nerd""; repo README: ""Individual templates may have their own licenses. See each template's README.""",not stated in zip; git commit author(s): Wheaten (first: Wheaten),,[Redbull] brand: Red Bull Racing (product face visible),visual #465 [F] Red Bull Racing RB18 F1 steering wheel photo; no legible logo (checked on 800x480_RB18_01)
foonerd/peppy_templates@f80c166a,800x480,800x480_as200-1custom_12,meter+spectrum (templates_peppy_spectrum); 1 skin(s),1693062,"none stated (no README/LICENSE/COPYING/txt besides meters.txt in zip; meters.txt has no licence comment; per-size README in repo has none); repo LICENSE MIT ""Copyright (c) 2025 Just a nerd""; repo README: ""Individual templates may have their own licenses. See each template's README.""",not stated in zip; git commit author(s): foonerd (first: foonerd),"history begins at foonerd ""Restructure templates repo"" commit, original contributor not recorded in this repo",[AudioResearch-S200-1] brand: Audio Research (logo visible),"visual #466 [LF] ""audio research"" logo; product face (checked on 800x480_as200-1custom_12)"
foonerd/peppy_templates@f80c166a,800x480,800x480_as200custom_11,meter+spectrum (templates_peppy_spectrum); 1 skin(s),1936575,"none stated (no README/LICENSE/COPYING/txt besides meters.txt in zip; meters.txt has no licence comment; per-size README in repo has none); repo LICENSE MIT ""Copyright (c) 2025 Just a nerd""; repo README: ""Individual templates may have their own licenses. See each template's README.""",not stated in zip; git commit author(s): foonerd (first: foonerd),"history begins at foonerd ""Restructure templates repo"" commit, original contributor not recorded in this repo",[AudioResearch-S200-2] brand: Audio Research (logo visible),"visual #467 [LF] ""audio research"" logo; product face (checked on 800x480_as200custom_11)"
foonerd/peppy_templates@f80c166a,800x480,800x480_crab_01,meter (template_peppy); 1 skin(s),975540,"none stated (no README/LICENSE/COPYING/txt besides meters.txt in zip; meters.txt has no licence comment; per-size README in repo has none); repo LICENSE MIT ""Copyright (c) 2025 Just a nerd""; repo README: ""Individual templates may have their own licenses. See each template's README.""",not stated in zip; git commit author(s): Wheaten (first: Wheaten),,[crab_01] generic,visual #468 [G] crab photograph (checked on 800x480_crab_01)
foonerd/peppy_templates@f80c166a,800x480,800x480_custom_01,meter (template_peppy); 1 skin(s),470070,"none stated (no README/LICENSE/COPYING/txt besides meters.txt in zip; meters.txt has no licence comment; per-size README in repo has none); repo LICENSE MIT ""Copyright (c) 2025 Just a nerd""; repo README: ""Individual templates may have their own licenses. See each template's README.""","not stated in zip; git commit author(s): Wheaten, foonerd (first: foonerd)",,"[vertical-turntable-blue] generic (real product photo, maker not identified)",visual #153 [F] real vertical turntable product photo; no legible logo (checked on 1280x800_vertical_blue)
foonerd/peppy_templates@f80c166a,800x480,800x480_custom_02,meter (template_peppy); 1 skin(s),843934,"none stated (no README/LICENSE/COPYING/txt besides meters.txt in zip; meters.txt has no licence comment; per-size README in repo has none); repo LICENSE MIT ""Copyright (c) 2025 Just a nerd""; repo README: ""Individual templates may have their own licenses. See each template's README.""","not stated in zip; git commit author(s): Wheaten, foonerd (first: foonerd)",,"[VTEBT-RecordPlayer] brand: Pro-Ject (product face visible, not in name)",visual #154 [F] Pro-Ject VT-E BT turntable photo; no legible logo (checked on 1280x720_custom_02)
foonerd/peppy_templates@f80c166a,800x480,800x480_custom_03,meter (template_peppy); 1 skin(s),523216,"none stated (no README/LICENSE/COPYING/txt besides meters.txt in zip; meters.txt has no licence comment; per-size README in repo has none); repo LICENSE MIT ""Copyright (c) 2025 Just a nerd""; repo README: ""Individual templates may have their own licenses. See each template's README.""","not stated in zip; git commit author(s): Wheaten, foonerd (first: foonerd)",,[Bang-Olufsen] brand: Bang & Olufsen (product face visible),visual #469 [F] Bang & Olufsen Beosound-style face; no legible logo (checked on 800x480_custom_03)
foonerd/peppy_templates@f80c166a,800x480,800x480_custom_04,meter (template_peppy); 1 skin(s),380050,"none stated (no README/LICENSE/COPYING/txt besides meters.txt in zip; meters.txt has no licence comment; per-size README in repo has none); repo LICENSE MIT ""Copyright (c) 2025 Just a nerd""; repo README: ""Individual templates may have their own licenses. See each template's README.""",not stated in zip; git commit author(s): Wheaten (first: Wheaten),,[black-grey-square] generic,visual #470 [G]  (checked on 800x480_custom_04)
foonerd/peppy_templates@f80c166a,800x480,800x480_custom_05,meter (template_peppy); 1 skin(s),304049,"none stated (no README/LICENSE/COPYING/txt besides meters.txt in zip; meters.txt has no licence comment; per-size README in repo has none); repo LICENSE MIT ""Copyright (c) 2025 Just a nerd""; repo README: ""Individual templates may have their own licenses. See each template's README.""",not stated in zip; git commit author(s): Wheaten (first: Wheaten),,[black-blue-square] generic,visual #011 [G]  (checked on 1280x400_black_blue_square)
foonerd/peppy_templates@f80c166a,800x480,800x480_custom_06,meter (template_peppy); 1 skin(s),1163129,"none stated (no README/LICENSE/COPYING/txt besides meters.txt in zip; meters.txt has no licence comment; per-size README in repo has none); repo LICENSE MIT ""Copyright (c) 2025 Just a nerd""; repo README: ""Individual templates may have their own licenses. See each template's README.""",not stated in zip; git commit author(s): Wheaten (first: Wheaten),,"[RecordPlayer] brand: Technics (product face visible, not in name)",visual #155 [F] Technics-style direct-drive turntable photo; no legible logo (checked on 1280x720_custom_06)
foonerd/peppy_templates@f80c166a,800x480,800x480_custom_07,meter (template_peppy); 1 skin(s),603544,"none stated (no README/LICENSE/COPYING/txt besides meters.txt in zip; meters.txt has no licence comment; per-size README in repo has none); repo LICENSE MIT ""Copyright (c) 2025 Just a nerd""; repo README: ""Individual templates may have their own licenses. See each template's README.""",not stated in zip; git commit author(s): Wheaten (first: Wheaten),,[Esoteric-T1] brand: Esoteric (product face visible),visual #471 [F] Esoteric Grandioso T1 photo; no legible logo (checked on 800x480_custom_07)
foonerd/peppy_templates@f80c166a,800x480,800x480_custom_08,meter (template_peppy); 1 skin(s),323734,"none stated (no README/LICENSE/COPYING/txt besides meters.txt in zip; meters.txt has no licence comment; per-size README in repo has none); repo LICENSE MIT ""Copyright (c) 2025 Just a nerd""; repo README: ""Individual templates may have their own licenses. See each template's README.""",not stated in zip; git commit author(s): Wheaten (first: Wheaten),,[BrystonBI200] brand: Bryston (logo visible),"visual #472 [LF] ""BRYSTON"" logo; BI-200 product face (checked on 800x480_custom_08)"
foonerd/peppy_templates@f80c166a,800x480,800x480_custom_09,meter (template_peppy); 1 skin(s),681769,"none stated (no README/LICENSE/COPYING/txt besides meters.txt in zip; meters.txt has no licence comment; per-size README in repo has none); repo LICENSE MIT ""Copyright (c) 2025 Just a nerd""; repo README: ""Individual templates may have their own licenses. See each template's README.""",not stated in zip; git commit author(s): Wheaten (first: Wheaten),,"[cassettedeck-2] brand: Yamaha (logo visible, not in name)",visual #473 [LF] YAMAHA logo; cassette deck face (checked on 800x480_custom_09)
foonerd/peppy_templates@f80c166a,800x480,800x480_custom_10,meter (template_peppy); 1 skin(s),1571243,"none stated (no README/LICENSE/COPYING/txt besides meters.txt in zip; meters.txt has no licence comment; per-size README in repo has none); repo LICENSE MIT ""Copyright (c) 2025 Just a nerd""; repo README: ""Individual templates may have their own licenses. See each template's README.""",not stated in zip; git commit author(s): Wheaten (first: Wheaten),,"[cassettedeck-3] brand: Akai (logo visible, not in name)",visual #474 [LF] AKAI logos; amplifier/tuner/cassette faces (checked on 800x480_custom_10)
foonerd/peppy_templates@f80c166a,800x480,800x480_custom_13,meter (template_peppy); 1 skin(s),825595,"none stated (no README/LICENSE/COPYING/txt besides meters.txt in zip; meters.txt has no licence comment; per-size README in repo has none); repo LICENSE MIT ""Copyright (c) 2025 Just a nerd""; repo README: ""Individual templates may have their own licenses. See each template's README.""",not stated in zip; git commit author(s): Wheaten (first: Wheaten),,[Volumio] brand: Volumio (product face visible),visual #350 [LF] Volumio Primo Plus / Preciso / Integro product faces (checked on 1280x800_volumio-HW)
foonerd/peppy_templates@f80c166a,800x480,800x480_custom_14,meter (template_peppy); 1 skin(s),1265606,"none stated (no README/LICENSE/COPYING/txt besides meters.txt in zip; meters.txt has no licence comment; per-size README in repo has none); repo LICENSE MIT ""Copyright (c) 2025 Just a nerd""; repo README: ""Individual templates may have their own licenses. See each template's README.""",not stated in zip; git commit author(s): Wheaten (first: Wheaten),,"[BandRecorder-1] generic (real product photo, maker not identified)",visual #475 [F] vintage TV sets and reel-to-reel photo; no legible logo (checked on 800x480_custom_14)
foonerd/peppy_templates@f80c166a,800x480,800x480_dan_dagostimo_mlife,meter (template_peppy); 1 skin(s),857054,"none stated (no README/LICENSE/COPYING/txt besides meters.txt in zip; meters.txt has no licence comment; per-size README in repo has none); repo LICENSE MIT ""Copyright (c) 2025 Just a nerd""; repo README: ""Individual templates may have their own licenses. See each template's README.""",not stated in zip; git commit author(s): Wheaten (first: Wheaten),,[dan_dagostino_mlife] brand: Dan D'Agostino (logo visible),"visual #476 [LF] Dan D'Agostino product photo, ""DAN D'AGOSTINO"" text (checked on 800x480_dan_dagostimo_mlife)"
foonerd/peppy_templates@f80c166a,800x480,800x480_dan_dagostino_mlife,meter+spectrum (templates_peppy_spectrum); 1 skin(s),895140,"none stated (no README/LICENSE/COPYING/txt besides meters.txt in zip; meters.txt has no licence comment; per-size README in repo has none); repo LICENSE MIT ""Copyright (c) 2025 Just a nerd""; repo README: ""Individual templates may have their own licenses. See each template's README.""",not stated in zip; git commit author(s): Wheaten (first: Wheaten),,[dan_dagostino_mlife] brand: Dan D'Agostino (logo visible),"visual #476 [LF] Dan D'Agostino product photo, ""DAN D'AGOSTINO"" text (checked on 800x480_dan_dagostimo_mlife)"
foonerd/peppy_templates@f80c166a,800x480,800x480_dandagostino_1,meter (template_peppy); 1 skin(s),818188,"none stated (no README/LICENSE/COPYING/txt besides meters.txt in zip; meters.txt has no licence comment; per-size README in repo has none); repo LICENSE MIT ""Copyright (c) 2025 Just a nerd""; repo README: ""Individual templates may have their own licenses. See each template's README.""",not stated in zip; git commit author(s): Wheaten (first: Wheaten),,[dan-dagostino] brand: Dan D'Agostino (logo visible),"visual #326 [LF] Dan D'Agostino product photo, ""DAN D'AGOSTINO"" text (checked on 1280x800_dan_dagostimo_momentum_c2)"
foonerd/peppy_templates@f80c166a,800x480,800x480_g5_1020_sm,meter+spectrum (templates_peppy_spectrum); 10 skin(s),6095247,"none stated (no README/LICENSE/COPYING/txt besides meters.txt in zip; meters.txt has no licence comment; per-size README in repo has none); repo LICENSE MIT ""Copyright (c) 2025 Just a nerd""; repo README: ""Individual templates may have their own licenses. See each template's README.""",not stated in zip; git commit author(s): Gelo5template (first: Gelo5template),Gelo5 work (G5 prefix on every section),[101G5_475A Oscil S+M] brand: Tektronix (product face visible) || [102G5_Free S+M] generic || [103G5_Kenwood Spectrum] brand: Kenwood (logo visible) || [104G5_Kenwood Rev S+M] brand: Kenwood (product face visible) || [105G5_OldPipe Spectrum] generic || [106G5_Marschal Spectrum] brand: Marshall (logo visible) || [107G5_Marantz S+M] brand: Marantz (logo visible) || [108G5_Teletronix S+M] brand: Teletronix (logo visible) || [109G5_Corrector S+M] generic || [110G5_Sansui S+M] brand: Sansui (product face visible),"visual #327 [F] Tektronix 475A oscilloscope photo; logo not legible at preview scale (checked on 1280x800_g5_410_ms) || visual #328 [G]  (checked on 1920x1080_20g5) || visual #121 [LF] ""KENWOOD STEREO GRAPHIC EQUALIZER KGC-700"" (checked on 1920x1080_20g5) || visual #329 [F] Kenwood-style amplifier face; no legible logo (checked on 1280x800_g5_410_ms) || visual #331 [G]  (checked on 1920x1080_20g5) || visual #330 [LF] Marshall amplifier face, Marshall script logos (checked on 1920x1080_20g5) || visual #123 [LF] Marantz logo; product faces (checked on 1920x1080_20g5) || visual #134 [L] ""TELETRONIX ENGINEERING CO"" on meter faces (checked on 1280x800_g5_410_ms) || visual #477 [G]  (checked on 800x480_g5_1020_sm) || visual #427 [F] Sansui-style faces; logo not legible at preview scale (checked on 1920x1080_20g5)"
foonerd/peppy_templates@f80c166a,800x480,800x480_g5_711_Tape_Recorder,meter (template_peppy); 20 skin(s),13221747,"none stated (no README/LICENSE/COPYING/txt besides meters.txt in zip; meters.txt has no licence comment; per-size README in repo has none); repo LICENSE MIT ""Copyright (c) 2025 Just a nerd""; repo README: ""Individual templates may have their own licenses. See each template's README.""",not stated in zip; git commit author(s): Gelo5template (first: Gelo5template),Gelo5 work (G5 prefix on every section),"[151G5_Akai77 black] brand: Akai (logo visible) || [152G5_Akai77_silver] brand: Akai (logo visible) || [153G5_Studer A810] brand: Studer (logo visible) || [154G5_PioneerRT707_silver] brand: Pioneer (product face visible) || [155G5_Antelope Reel] brand: Antelope (?) (logo visible) || [156G5_Otari Reel] brand: Otari (logo visible) || [157G5_Revox B77] brand: Revox (logo visible) || [158G5_Tascam Rec] brand: Tascam (logo visible) || [159G5_Technics Rec] brand: Technics (logo visible) || [159G5_Metaxas Rec] generic (real product photo, maker not identified) || [210G5_Sony TC730] brand: Sony (logo visible) || [211G5_Akai GX635] brand: Akai (logo visible) || [212G5_TapeAK] generic (real product photo, maker not identified) || [213G5_Fostex Rec] brand: Fostex (logo visible) || [214G5_TapeAMP] generic (real product photo, maker not identified) || [215G5_Koncert M3401] brand: Koncert (product face visible) || [216G5_Akai PRO1000] brand: Akai (logo visible); Bocatech (?) (logo visible, not in name) || [217G5_MION24] brand: MION (?) (product face visible) || [218G5_Teac X2000] brand: TEAC (logo visible) || [219G5_Tandberg OLD] brand: Tandberg (logo visible)","visual #260 [LF] AKAI logo; GX-77 reel-to-reel face (checked on 1920x1080_g5_711_Tape_Recorder) || visual #261 [LF] AKAI logo; GX-77 reel-to-reel face (checked on 1920x1080_g5_711_Tape_Recorder) || visual #273 [LF] STUDER logo; A810 face (checked on 1920x1080_g5_711_Tape_Recorder) || visual #270 [LF] PIONEER RT-707 reel-to-reel face (checked on 1920x1080_g5_711_Tape_Recorder) || visual #264 [N] ""Antelope Reel to Reel"" script; plugin-UI style; maker unclear (checked on 1920x1080_g5_711_Tape_Recorder) || visual #269 [LF] OTARI logo; reel-to-reel face (checked on 1920x1080_g5_711_Tape_Recorder) || visual #271 [LF] ReVox B77 MK II logo; product face (checked on 1920x1080_g5_711_Tape_Recorder) || visual #277 [LF] TASCAM logo; reel-to-reel face (checked on 1920x1080_g5_711_Tape_Recorder) || visual #279 [LF] Technics RS-1500-style reel-to-reel face, Technics wordmark small (checked on 1920x1080_g5_711_Tape_Recorder) || visual #267 [F] Metaxas-style reel recorder; no legible logo (checked on 1920x1080_g5_711_Tape_Recorder) || visual #272 [LF] SONY logo; TC-730 reel-to-reel face (checked on 1920x1080_g5_711_Tape_Recorder) || visual #262 [LF] AKAI logos on meters; GX-635 face (checked on 1920x1080_g5_711_Tape_Recorder) || visual #275 [F] reel-to-reel/amp photo; no legible logo (checked on 1920x1080_g5_711_Tape_Recorder) || visual #265 [LF] Fostex logo; reel-to-reel face (checked on 1920x1080_g5_711_Tape_Recorder) || visual #276 [F] reel deck graphic; no legible logo (checked on 1920x1080_g5_711_Tape_Recorder) || visual #266 [LF] Koncert M3401 reel-to-reel photo; wordmark small (checked on 1920x1080_g5_711_Tape_Recorder) || visual #263 [LF] AKAI logo; ""BOCATECH INC."" meters (checked on 1920x1080_g5_711_Tape_Recorder) || visual #268 [F] reel-to-reel photo; no legible logo (checked on 1920x1080_g5_711_Tape_Recorder) || visual #278 [LF] TEAC logo; X-2000 reel-to-reel face (checked on 1920x1080_g5_711_Tape_Recorder) || visual #274 [LF] Tandberg reel-to-reel photo, TANDBERG wordmark (checked on 1920x1080_g5_711_Tape_Recorder)"
foonerd/peppy_templates@f80c166a,800x480,800x480_g5_712_Cassette,meter (template_peppy); 15 skin(s),12347605,"none stated (no README/LICENSE/COPYING/txt besides meters.txt in zip; meters.txt has no licence comment; per-size README in repo has none); repo LICENSE MIT ""Copyright (c) 2025 Just a nerd""; repo README: ""Individual templates may have their own licenses. See each template's README.""",not stated in zip; git commit author(s): Gelo5template (first: Gelo5template),Gelo5 work (G5 prefix on every section),"[161G5_Pioneer Cassette] brand: Pioneer (logo visible) || [162G5_TDK cassette] brand: TDK (logo visible) || [163G5_TEAC cassette] brand: TEAC (logo visible) || [164G5_Maxell Cassette] brand: Maxell (logo visible) || [165G5_BASF Free] brand: BASF (logo visible) || [166G5_Cassette_Circular] generic (real product photo, maker not identified) || [167G5_Cassette_Linear] brand: BASF (logo visible, not in name) || [168G5_Philips Cassette] brand: Philips (product face visible) || [169G5_Denon DR650] brand: Denon (logo visible) || [170G5_SonyK770 cassette] brand: Sony (logo visible) || [240G5_MION24C] brand: MION (?) (product face visible) || [241G5_Kenwood cassette] brand: Kenwood (product face visible) || [242G5_Sharp] brand: Sharp (logo visible) || [243G5_Sansui Cassette] brand: Sansui (logo visible) || [244G5_Pioneer CT_F1250] brand: Pioneer (product face visible)","visual #288 [L] ""PIONEER N1-60"" cassette label with Pioneer logo (checked on 1920x1080_g5_712_Cassette) || visual #292 [L] ""TDK D"" cassette label with TDK logo (checked on 1920x1080_g5_712_Cassette) || visual #205 [LF] TEAC W-1200 cassette deck face, TEAC logo (checked on 1920x1080_g5_703_meters) || visual #285 [L] ""maxell XLII 90"" cassette label; maxell logos on meters (checked on 1920x1080_g5_712_Cassette) || visual #280 [L] ""BASF CHROME SUPER II 60"" cassette label (checked on 1920x1080_g5_712_Cassette) || visual #281 [F] cassette labelled ""FERRO COLOR"" (real tape product look); maker not named (checked on 1920x1080_g5_712_Cassette) || visual #282 [F] BASF LH-style cassette label (""C60 ... LH"", ""unbespielt""); maker not named (checked on 1920x1080_g5_712_Cassette) || visual #287 [F] Philips-style cassette deck face; logo not legible at preview scale (checked on 1920x1080_g5_712_Cassette) || visual #283 [LF] DENON logo; DR-650-style cassette deck face (checked on 1920x1080_g5_712_Cassette) || visual #291 [LF] SONY logos; TC-K770ES cassette deck face (checked on 1920x1080_g5_712_Cassette) || visual #286 [F] reel-to-reel photo; no legible logo (checked on 1920x1080_g5_712_Cassette) || visual #284 [F] cassette-deck photo; no legible logo (checked on 1920x1080_g5_712_Cassette) || visual #108 [F] Sharp cassette deck face (""Auto Program Locate Device""); no legible Sharp logo (checked on 1920x1080_g5_712_Cassette) || visual #290 [LF] Sansui SC-5330 cassette deck face, Sansui logo (checked on 1920x1080_g5_712_Cassette) || visual #289 [LF] PIONEER CT-F1250 cassette deck face (checked on 1920x1080_g5_712_Cassette)"
foonerd/peppy_templates@f80c166a,800x480,800x480_g5_713_CD,meter (template_peppy); 16 skin(s),7439694,"none stated (no README/LICENSE/COPYING/txt besides meters.txt in zip; meters.txt has no licence comment; per-size README in repo has none); repo LICENSE MIT ""Copyright (c) 2025 Just a nerd""; repo README: ""Individual templates may have their own licenses. See each template's README.""",not stated in zip; git commit author(s): Gelo5template (first: Gelo5template),Gelo5 work (G5 prefix on every section),"[171G5_Sony557 Full] brand: Sony (logo visible) || [172G5_Sony557 Cust] brand: Sony (logo visible) || [173G5_CD Player Full] generic || [174G5_CD Player Cust] generic || [175G5_Emerson Full] brand: Emerson (logo visible); Bluetooth logo (logo visible, not in name) || [176G5_Emerson Cust] brand: Emerson (logo visible); Bluetooth logo (logo visible, not in name) || [177G5_Dunu Cust] brand: Dunu (logo visible); Volumio (logo visible, not in name) || [178G5_Thinkya Cust] brand: Thinkya (logo visible) || [179G5_Shanling Cust] brand: Shanling (product face visible); Hitachi (product face visible, not in name) || [180G5_Syitren Cust] brand: Syitren (product face visible) || [260G5_CD Black] brand: Volumio (logo visible, not in name) || [261G5_CD HOTT] generic (real product photo, maker not identified) || [262G5_Jadis] brand: Jadis (logo visible) || [262G5_02_Jadis] brand: Jadis (logo visible) || [263G5_Emerson MS3] brand: Emerson (logo visible) || [263G5_02_Emerson MS3] brand: Emerson (logo visible)","visual #304 [LF] SONY logos; CDP-557ESD product face (checked on 1920x1080_g5_713_CD) || visual #303 [LF] SONY logos; CDP-557ESD product face (checked on 1920x1080_g5_713_CD) || visual #296 [G]  (checked on 1920x1080_g5_713_CD) || visual #295 [G]  (checked on 1920x1080_g5_713_CD) || visual #299 [LF] ""Emerson"" logo, Bluetooth logo; boombox face (checked on 1920x1080_g5_713_CD) || visual #298 [LF] ""Emerson"" logo, Bluetooth logo; boombox face (checked on 1920x1080_g5_713_CD) || visual #297 [LF] ""DUNU"" logo; Volumio wordmark (checked on 1920x1080_g5_713_CD) || visual #306 [LF] ""THINKYA"" logo; CD player face (checked on 1920x1080_g5_713_CD) || visual #302 [LF] Shanling CD player photo; HITACHI meter faces (checked on 1920x1080_g5_713_CD) || visual #305 [F] Syitren-style CD player face; no legible logo (checked on 1920x1080_g5_713_CD) || visual #293 [F] turntable/amp graphic; Volumio wordmark faint (checked on 1920x1080_g5_713_CD) || visual #294 [F] CD player graphic; no legible logo (checked on 1920x1080_g5_713_CD) || visual #301 [LF] Jadis CD transport photo, Jadis logo (checked on 1920x1080_g5_713_CD) || visual #301 [LF] Jadis CD transport photo, Jadis logo (checked on 1920x1080_g5_713_CD) || visual #300 [LF] EMERSON logo; MS3 product face (checked on 1920x1080_g5_713_CD) || visual #300 [LF] EMERSON logo; MS3 product face (checked on 1920x1080_g5_713_CD)"
foonerd/peppy_templates@f80c166a,800x480,800x480_go_fishing_01,meter (template_peppy); 1 skin(s),480887,"none stated (no README/LICENSE/COPYING/txt besides meters.txt in zip; meters.txt has no licence comment; per-size README in repo has none); repo LICENSE MIT ""Copyright (c) 2025 Just a nerd""; repo README: ""Individual templates may have their own licenses. See each template's README.""",not stated in zip; git commit author(s): Wheaten (first: Wheaten),,[go_fishing] generic,visual #478 [G] cartoon fishing scene (checked on 800x480_go_fishing_01)
foonerd/peppy_templates@f80c166a,800x480,800x480_minions_01,meter (template_peppy); 1 skin(s),875154,"none stated (no README/LICENSE/COPYING/txt besides meters.txt in zip; meters.txt has no licence comment; per-size README in repo has none); repo LICENSE MIT ""Copyright (c) 2025 Just a nerd""; repo README: ""Individual templates may have their own licenses. See each template's README.""",not stated in zip; git commit author(s): Wheaten (first: Wheaten),,[minions_01] third-party IP/likeness: Minions characters (Illumination/Universal) as the needle image; brand: Minions (Illumination) (product face visible),visual #479 [P] Minions characters (Illumination/Universal) as the needle image; sky background (checked on 800x480_minions_01)
foonerd/peppy_templates@f80c166a,800x480,800x480_pro-ject_VTEBT,meter (template_peppy); 1 skin(s),1077304,"none stated (no README/LICENSE/COPYING/txt besides meters.txt in zip; meters.txt has no licence comment; per-size README in repo has none); repo LICENSE MIT ""Copyright (c) 2025 Just a nerd""; repo README: ""Individual templates may have their own licenses. See each template's README.""",not stated in zip; git commit author(s): Wheaten (first: Wheaten),,[Pro-ject_VTEBT] brand: Pro-Ject (product face visible),visual #480 [F] Pro-Ject VT-E BT turntable photo; no legible logo (checked on 800x480_pro-ject_VTEBT)
foonerd/peppy_templates@f80c166a,800x480,800x480_quad_platina,meter (template_peppy); 1 skin(s),427504,"none stated (no README/LICENSE/COPYING/txt besides meters.txt in zip; meters.txt has no licence comment; per-size README in repo has none); repo LICENSE MIT ""Copyright (c) 2025 Just a nerd""; repo README: ""Individual templates may have their own licenses. See each template's README.""",not stated in zip; git commit author(s): Wheaten (first: Wheaten),,[quad_platina] brand: Quad (product face visible),visual #481 [F] Quad Platinum-series amplifier face; no legible logo (checked on 800x480_quad_platina)
foonerd/peppy_templates@f80c166a,800x480,800x480_south_park,meter (template_peppy); 1 skin(s),1270356,"none stated (no README/LICENSE/COPYING/txt besides meters.txt in zip; meters.txt has no licence comment; per-size README in repo has none); repo LICENSE MIT ""Copyright (c) 2025 Just a nerd""; repo README: ""Individual templates may have their own licenses. See each template's README.""",not stated in zip; git commit author(s): Wheaten (first: Wheaten),,[southpark] third-party IP/likeness: South Park characters and scene (Comedy Central / South Park Studios); brand: South Park (name only),visual #482 [P] South Park characters and scene (Comedy Central / South Park Studios) (checked on 800x480_south_park)
foonerd/peppy_templates@f80c166a,800x480,800x480_south_park_2,meter (template_peppy); 1 skin(s),265984,"none stated (no README/LICENSE/COPYING/txt besides meters.txt in zip; meters.txt has no licence comment; per-size README in repo has none); repo LICENSE MIT ""Copyright (c) 2025 Just a nerd""; repo README: ""Individual templates may have their own licenses. See each template's README.""",not stated in zip; git commit author(s): Wheaten (first: Wheaten),,"[southpark2] third-party IP/likeness: South Park characters (Cartman, Kyle, Stan, Kenny); brand: South Park (name only)","visual #483 [P] South Park characters (Cartman, Kyle, Stan, Kenny) (checked on 800x480_south_park_2)"
Gelo5 / project-owner/PeppyMeter.doc release 2024.03.02,1280x400,01G5_Naim,circular skin in Gelo5_1280x400.120skins.zip; folder(s): templates/1280x400_Gelo5 00-99 Skin_200; templates/1280x400_Gelo5 01-20 Skin_201,387463,none stated in zip; hosting repo project-owner/PeppyMeter.doc is GPL-3.0 (LICENSE file); wiki states no terms for the skins,"Gelo5 - wiki: ""custom meters created by Grzegorz Pietrzak (user Gelo5 on Volumio forum)""; release uploaded by project-owner",,brand: Naim (logo visible),visual #025 [L] Naim logo (checked on 1280x400_g5_201_meters)
Gelo5 / project-owner/PeppyMeter.doc release 2024.03.02,1280x400,02G5_Naim 2,circular skin in Gelo5_1280x400.120skins.zip; folder(s): templates/1280x400_Gelo5 00-99 Skin_200; templates/1280x400_Gelo5 01-20 Skin_201,440605,none stated in zip; hosting repo project-owner/PeppyMeter.doc is GPL-3.0 (LICENSE file); wiki states no terms for the skins,"Gelo5 - wiki: ""custom meters created by Grzegorz Pietrzak (user Gelo5 on Volumio forum)""; release uploaded by project-owner",,brand: Naim (logo visible),visual #026 [L] Naim logo (checked on 1920x1080_g5_701_meters)
Gelo5 / project-owner/PeppyMeter.doc release 2024.03.02,1280x400,03G5_McIntosh,circular skin in Gelo5_1280x400.120skins.zip; folder(s): templates/1280x400_Gelo5 00-99 Skin_200; templates/1280x400_Gelo5 01-20 Skin_201,481050,none stated in zip; hosting repo project-owner/PeppyMeter.doc is GPL-3.0 (LICENSE file); wiki states no terms for the skins,"Gelo5 - wiki: ""custom meters created by Grzegorz Pietrzak (user Gelo5 on Volumio forum)""; release uploaded by project-owner",,"brand: McIntosh (logo visible); Volumio (logo visible, not in name)",visual #024 [LF] McIntosh logo; product face; Volumio wordmark (checked on 1920x1080_g5_701_meters)
Gelo5 / project-owner/PeppyMeter.doc release 2024.03.02,1280x400,04G5_Accuphase,circular skin in Gelo5_1280x400.120skins.zip; folder(s): templates/1280x400_Gelo5 00-99 Skin_200; templates/1280x400_Gelo5 01-20 Skin_201,533706,none stated in zip; hosting repo project-owner/PeppyMeter.doc is GPL-3.0 (LICENSE file); wiki states no terms for the skins,"Gelo5 - wiki: ""custom meters created by Grzegorz Pietrzak (user Gelo5 on Volumio forum)""; release uploaded by project-owner",,"brand: Accuphase (logo visible); Volumio (logo visible, not in name)",visual #018 [LF] Accuphase logo on product face; also Volumio wordmark (checked on 1920x1080_g5_701_meters)
Gelo5 / project-owner/PeppyMeter.doc release 2024.03.02,1280x400,05G5_Luxman,circular skin in Gelo5_1280x400.120skins.zip; folder(s): templates/1280x400_Gelo5 00-99 Skin_200; templates/1280x400_Gelo5 01-20 Skin_201,635600,none stated in zip; hosting repo project-owner/PeppyMeter.doc is GPL-3.0 (LICENSE file); wiki states no terms for the skins,"Gelo5 - wiki: ""custom meters created by Grzegorz Pietrzak (user Gelo5 on Volumio forum)""; release uploaded by project-owner",,brand: Luxman (logo visible),visual #023 [LF] Luxman logo; product face (checked on 1280x400_g5_201_meters)
Gelo5 / project-owner/PeppyMeter.doc release 2024.03.02,1280x400,06G5_Technics TX30,circular skin in Gelo5_1280x400.120skins.zip; folder(s): templates/1280x400_Gelo5 00-99 Skin_200; templates/1280x400_Gelo5 01-20 Skin_201,808078,none stated in zip; hosting repo project-owner/PeppyMeter.doc is GPL-3.0 (LICENSE file); wiki states no terms for the skins,"Gelo5 - wiki: ""custom meters created by Grzegorz Pietrzak (user Gelo5 on Volumio forum)""; release uploaded by project-owner",,brand: Technics (logo visible),"visual #032 [LF] Technics SA-TX30 receiver face, Technics wordmark (checked on 1280x400_g5_201_meters)"
Gelo5 / project-owner/PeppyMeter.doc release 2024.03.02,1280x400,07G5_Technics_silver,circular skin in Gelo5_1280x400.120skins.zip; folder(s): templates/1280x400_Gelo5 00-99 Skin_200; templates/1280x400_Gelo5 01-20 Skin_201,251914,none stated in zip; hosting repo project-owner/PeppyMeter.doc is GPL-3.0 (LICENSE file); wiki states no terms for the skins,"Gelo5 - wiki: ""custom meters created by Grzegorz Pietrzak (user Gelo5 on Volumio forum)""; release uploaded by project-owner",,brand: Technics (logo visible),"visual #031 [LF] Technics SL-1200 product face, Technics wordmark (checked on 1920x1080_g5_710_Turntables)"
Gelo5 / project-owner/PeppyMeter.doc release 2024.03.02,1280x400,08G5_Technics_Black,circular skin in Gelo5_1280x400.120skins.zip; folder(s): templates/1280x400_Gelo5 00-99 Skin_200; templates/1280x400_Gelo5 01-20 Skin_201,202126,none stated in zip; hosting repo project-owner/PeppyMeter.doc is GPL-3.0 (LICENSE file); wiki states no terms for the skins,"Gelo5 - wiki: ""custom meters created by Grzegorz Pietrzak (user Gelo5 on Volumio forum)""; release uploaded by project-owner",,brand: Technics (name only),visual #030 [N] no legible logo at preview scale (checked on 1280x400_g5_201_meters)
Gelo5 / project-owner/PeppyMeter.doc release 2024.03.02,1280x400,09G5_Advence,circular skin in Gelo5_1280x400.120skins.zip; folder(s): templates/1280x400_Gelo5 00-99 Skin_200; templates/1280x400_Gelo5 01-20 Skin_201,427379,none stated in zip; hosting repo project-owner/PeppyMeter.doc is GPL-3.0 (LICENSE file); wiki states no terms for the skins,"Gelo5 - wiki: ""custom meters created by Grzegorz Pietrzak (user Gelo5 on Volumio forum)""; release uploaded by project-owner",,brand: Advance Acoustic (logo visible),visual #020 [LF] Advance Acoustic logo; product face (checked on 1280x800_g5_422_meters)
Gelo5 / project-owner/PeppyMeter.doc release 2024.03.02,1280x400,10G5_Advance2,circular skin in Gelo5_1280x400.120skins.zip; folder(s): templates/1280x400_Gelo5 00-99 Skin_200; templates/1280x400_Gelo5 01-20 Skin_201,126775,none stated in zip; hosting repo project-owner/PeppyMeter.doc is GPL-3.0 (LICENSE file); wiki states no terms for the skins,"Gelo5 - wiki: ""custom meters created by Grzegorz Pietrzak (user Gelo5 on Volumio forum)""; release uploaded by project-owner",,brand: Advance Acoustic (logo visible),visual #019 [L] Advance Acoustic logo (checked on 1280x400_g5_201_meters)
Gelo5 / project-owner/PeppyMeter.doc release 2024.03.02,1280x400,11G5_Adv_X220,circular skin in Gelo5_1280x400.120skins.zip; folder(s): templates/1280x400_Gelo5 00-99 Skin_200; templates/1280x400_Gelo5 01-20 Skin_201,762079,none stated in zip; hosting repo project-owner/PeppyMeter.doc is GPL-3.0 (LICENSE file); wiki states no terms for the skins,"Gelo5 - wiki: ""custom meters created by Grzegorz Pietrzak (user Gelo5 on Volumio forum)""; release uploaded by project-owner",,"brand: Advance Acoustic (logo visible, not in name)","visual #021 [L] Advance Acoustic logo, X-i220 (checked on 1280x400_g5_201_meters)"
Gelo5 / project-owner/PeppyMeter.doc release 2024.03.02,1280x400,12G5_Sony TA-N77,circular skin in Gelo5_1280x400.120skins.zip; folder(s): templates/1280x400_Gelo5 00-99 Skin_200; templates/1280x400_Gelo5 01-20 Skin_201,789236,none stated in zip; hosting repo project-owner/PeppyMeter.doc is GPL-3.0 (LICENSE file); wiki states no terms for the skins,"Gelo5 - wiki: ""custom meters created by Grzegorz Pietrzak (user Gelo5 on Volumio forum)""; release uploaded by project-owner",,brand: Sony (logo visible),"visual #028 [LF] Sony logo, TA-N77ES; product face (checked on 1920x1080_g5_705_meters)"
Gelo5 / project-owner/PeppyMeter.doc release 2024.03.02,1280x400,13G5_Onkyo 5570,circular skin in Gelo5_1280x400.120skins.zip; folder(s): templates/1280x400_Gelo5 00-99 Skin_200; templates/1280x400_Gelo5 01-20 Skin_201,602393,none stated in zip; hosting repo project-owner/PeppyMeter.doc is GPL-3.0 (LICENSE file); wiki states no terms for the skins,"Gelo5 - wiki: ""custom meters created by Grzegorz Pietrzak (user Gelo5 on Volumio forum)""; release uploaded by project-owner",,brand: Onkyo (logo visible),visual #027 [LF] Onkyo logo; product face (checked on 1280x400_g5_201_meters)
Gelo5 / project-owner/PeppyMeter.doc release 2024.03.02,1280x400,14G5_Krell KAS,circular skin in Gelo5_1280x400.120skins.zip; folder(s): templates/1280x400_Gelo5 00-99 Skin_200; templates/1280x400_Gelo5 01-20 Skin_201,860770,none stated in zip; hosting repo project-owner/PeppyMeter.doc is GPL-3.0 (LICENSE file); wiki states no terms for the skins,"Gelo5 - wiki: ""custom meters created by Grzegorz Pietrzak (user Gelo5 on Volumio forum)""; release uploaded by project-owner",,brand: Krell (logo visible),visual #022 [LF] Krell logo; product face (checked on 1280x400_g5_201_meters)
Gelo5 / project-owner/PeppyMeter.doc release 2024.03.02,1280x400,15G5_T+A 3000HV,circular skin in Gelo5_1280x400.120skins.zip; folder(s): templates/1280x400_Gelo5 00-99 Skin_200; templates/1280x400_Gelo5 01-20 Skin_201,538111,none stated in zip; hosting repo project-owner/PeppyMeter.doc is GPL-3.0 (LICENSE file); wiki states no terms for the skins,"Gelo5 - wiki: ""custom meters created by Grzegorz Pietrzak (user Gelo5 on Volumio forum)""; release uploaded by project-owner",,brand: T+A (logo visible),visual #029 [L] T+A logo (checked on 1280x400_g5_201_meters)
Gelo5 / project-owner/PeppyMeter.doc release 2024.03.02,1280x400,16G5_Turnable Black B,circular skin in Gelo5_1280x400.120skins.zip; folder(s): templates/1280x400_Gelo5 00-99 Skin_200; templates/1280x400_Gelo5 01-20 Skin_201,546784,none stated in zip; hosting repo project-owner/PeppyMeter.doc is GPL-3.0 (LICENSE file); wiki states no terms for the skins,"Gelo5 - wiki: ""custom meters created by Grzegorz Pietrzak (user Gelo5 on Volumio forum)""; release uploaded by project-owner",,"generic (real product photo, maker not identified)",visual #034 [F] turntable photo; no legible logo (checked on 1280x400_g5_201_meters)
Gelo5 / project-owner/PeppyMeter.doc release 2024.03.02,1280x400,17G5_TurnOld,circular skin in Gelo5_1280x400.120skins.zip; folder(s): templates/1280x400_Gelo5 00-99 Skin_200; templates/1280x400_Gelo5 01-20 Skin_201,965113,none stated in zip; hosting repo project-owner/PeppyMeter.doc is GPL-3.0 (LICENSE file); wiki states no terms for the skins,"Gelo5 - wiki: ""custom meters created by Grzegorz Pietrzak (user Gelo5 on Volumio forum)""; release uploaded by project-owner",,generic,visual #037 [G]  (checked on 1280x400_g5_201_meters)
Gelo5 / project-owner/PeppyMeter.doc release 2024.03.02,1280x400,18G5_Turnable Black,circular skin in Gelo5_1280x400.120skins.zip; folder(s): templates/1280x400_Gelo5 00-99 Skin_200; templates/1280x400_Gelo5 01-20 Skin_201,472812,none stated in zip; hosting repo project-owner/PeppyMeter.doc is GPL-3.0 (LICENSE file); wiki states no terms for the skins,"Gelo5 - wiki: ""custom meters created by Grzegorz Pietrzak (user Gelo5 on Volumio forum)""; release uploaded by project-owner",,generic,visual #033 [G]  (checked on 1280x400_g5_201_meters)
Gelo5 / project-owner/PeppyMeter.doc release 2024.03.02,1280x400,19G5_Turnable Green,circular skin in Gelo5_1280x400.120skins.zip; folder(s): templates/1280x400_Gelo5 00-99 Skin_200; templates/1280x400_Gelo5 01-20 Skin_201,497820,none stated in zip; hosting repo project-owner/PeppyMeter.doc is GPL-3.0 (LICENSE file); wiki states no terms for the skins,"Gelo5 - wiki: ""custom meters created by Grzegorz Pietrzak (user Gelo5 on Volumio forum)""; release uploaded by project-owner",,"generic (real product photo, maker not identified)",visual #036 [F] turntable photo; no legible logo (checked on 1280x400_g5_201_meters)
Gelo5 / project-owner/PeppyMeter.doc release 2024.03.02,1280x400,20G5_Turnable Blue,circular skin in Gelo5_1280x400.120skins.zip; folder(s): templates/1280x400_Gelo5 00-99 Skin_200; templates/1280x400_Gelo5 01-20 Skin_201,665896,none stated in zip; hosting repo project-owner/PeppyMeter.doc is GPL-3.0 (LICENSE file); wiki states no terms for the skins,"Gelo5 - wiki: ""custom meters created by Grzegorz Pietrzak (user Gelo5 on Volumio forum)""; release uploaded by project-owner",,"generic (real product photo, maker not identified)",visual #035 [F] turntable photo; no legible logo (checked on 1280x400_g5_201_meters)
Gelo5 / project-owner/PeppyMeter.doc release 2024.03.02,1280x400,21G5_Audio Research,circular skin in Gelo5_1280x400.120skins.zip; folder(s): templates/1280x400_Gelo5 00-99 Skin_200; templates/1280x400_Gelo5 21-40 Skin_202,993652,none stated in zip; hosting repo project-owner/PeppyMeter.doc is GPL-3.0 (LICENSE file); wiki states no terms for the skins,"Gelo5 - wiki: ""custom meters created by Grzegorz Pietrzak (user Gelo5 on Volumio forum)""; release uploaded by project-owner",,brand: Audio Research (logo visible),"visual #039 [LF] Audio Research product face, audio research wordmark (checked on 1920x1080_g5_701_meters)"
Gelo5 / project-owner/PeppyMeter.doc release 2024.03.02,1280x400,22G5_BlackBlur,circular skin in Gelo5_1280x400.120skins.zip; folder(s): templates/1280x400_Gelo5 00-99 Skin_200; templates/1280x400_Gelo5 21-40 Skin_202,975068,none stated in zip; hosting repo project-owner/PeppyMeter.doc is GPL-3.0 (LICENSE file); wiki states no terms for the skins,"Gelo5 - wiki: ""custom meters created by Grzegorz Pietrzak (user Gelo5 on Volumio forum)""; release uploaded by project-owner",,generic,visual #040 [G]  (checked on 1920x1080_g5_705_meters)
Gelo5 / project-owner/PeppyMeter.doc release 2024.03.02,1280x400,23G5_BlueSea_Black,circular skin in Gelo5_1280x400.120skins.zip; folder(s): templates/1280x400_Gelo5 00-99 Skin_200; templates/1280x400_Gelo5 21-40 Skin_202,423384,none stated in zip; hosting repo project-owner/PeppyMeter.doc is GPL-3.0 (LICENSE file); wiki states no terms for the skins,"Gelo5 - wiki: ""custom meters created by Grzegorz Pietrzak (user Gelo5 on Volumio forum)""; release uploaded by project-owner",,brand: Blue Sea Systems (name only),visual #041 [G]  (checked on 1920x1080_g5_704_meters)
Gelo5 / project-owner/PeppyMeter.doc release 2024.03.02,1280x400,24G5_Bocatech,circular skin in Gelo5_1280x400.120skins.zip; folder(s): templates/1280x400_Gelo5 00-99 Skin_200; templates/1280x400_Gelo5 21-40 Skin_202,697906,none stated in zip; hosting repo project-owner/PeppyMeter.doc is GPL-3.0 (LICENSE file); wiki states no terms for the skins,"Gelo5 - wiki: ""custom meters created by Grzegorz Pietrzak (user Gelo5 on Volumio forum)""; release uploaded by project-owner",,brand: Bocatech (?) (logo visible),"visual #042 [L] ""BOCATECH INC."" printed on meter face (checked on 1280x400_g5_202_meters)"
Gelo5 / project-owner/PeppyMeter.doc release 2024.03.02,1280x400,25G5_Classe,circular skin in Gelo5_1280x400.120skins.zip; folder(s): templates/1280x400_Gelo5 00-99 Skin_200; templates/1280x400_Gelo5 21-40 Skin_202,768648,none stated in zip; hosting repo project-owner/PeppyMeter.doc is GPL-3.0 (LICENSE file); wiki states no terms for the skins,"Gelo5 - wiki: ""custom meters created by Grzegorz Pietrzak (user Gelo5 on Volumio forum)""; release uploaded by project-owner",,brand: Classé (logo visible),visual #044 [LF] Classe wordmark on product face (checked on 1280x400_g5_202_meters)
Gelo5 / project-owner/PeppyMeter.doc release 2024.03.02,1280x400,26G5_Dagostino,circular skin in Gelo5_1280x400.120skins.zip; folder(s): templates/1280x400_Gelo5 00-99 Skin_200; templates/1280x400_Gelo5 21-40 Skin_202,840068,none stated in zip; hosting repo project-owner/PeppyMeter.doc is GPL-3.0 (LICENSE file); wiki states no terms for the skins,"Gelo5 - wiki: ""custom meters created by Grzegorz Pietrzak (user Gelo5 on Volumio forum)""; release uploaded by project-owner",,brand: Dan D'Agostino (logo visible),visual #045 [L] D'Agostino script logo on meter faces (checked on 1280x400_g5_202_meters)
Gelo5 / project-owner/PeppyMeter.doc release 2024.03.02,1280x400,27G5_Kenwood Rev,circular skin in Gelo5_1280x400.120skins.zip; folder(s): templates/1280x400_Gelo5 00-99 Skin_200; templates/1280x400_Gelo5 21-40 Skin_202,677234,none stated in zip; hosting repo project-owner/PeppyMeter.doc is GPL-3.0 (LICENSE file); wiki states no terms for the skins,"Gelo5 - wiki: ""custom meters created by Grzegorz Pietrzak (user Gelo5 on Volumio forum)""; release uploaded by project-owner",,brand: Kenwood (product face visible),visual #046 [F] Kenwood-style amplifier face; no legible logo (checked on 1280x800_g5_420_meters)
Gelo5 / project-owner/PeppyMeter.doc release 2024.03.02,1280x400,28G5_Kenwood Single,linear skin in Gelo5_1280x400.120skins.zip; folder(s): templates/1280x400_Gelo5 00-99 Skin_200; templates/1280x400_Gelo5 21-40 Skin_202,379168,none stated in zip; hosting repo project-owner/PeppyMeter.doc is GPL-3.0 (LICENSE file); wiki states no terms for the skins,"Gelo5 - wiki: ""custom meters created by Grzegorz Pietrzak (user Gelo5 on Volumio forum)""; release uploaded by project-owner",,brand: Kenwood (name only),visual #047 [G]  (checked on 1280x400_g5_202_meters)
Gelo5 / project-owner/PeppyMeter.doc release 2024.03.02,1280x400,29G5_Klanghelm,circular skin in Gelo5_1280x400.120skins.zip; folder(s): templates/1280x400_Gelo5 00-99 Skin_200; templates/1280x400_Gelo5 21-40 Skin_202,1003382,none stated in zip; hosting repo project-owner/PeppyMeter.doc is GPL-3.0 (LICENSE file); wiki states no terms for the skins,"Gelo5 - wiki: ""custom meters created by Grzegorz Pietrzak (user Gelo5 on Volumio forum)""; release uploaded by project-owner",,"brand: Klanghelm (product face visible); Volumio (logo visible, not in name)",visual #048 [LF] Klanghelm VUMT plugin UI imitation; Volumio wordmark (checked on 1920x1080_g5_702_meters)
Gelo5 / project-owner/PeppyMeter.doc release 2024.03.02,1280x400,30G5_Caltec,circular skin in Gelo5_1280x400.120skins.zip; folder(s): templates/1280x400_Gelo5 00-99 Skin_200; templates/1280x400_Gelo5 21-40 Skin_202,452209,none stated in zip; hosting repo project-owner/PeppyMeter.doc is GPL-3.0 (LICENSE file); wiki states no terms for the skins,"Gelo5 - wiki: ""custom meters created by Grzegorz Pietrzak (user Gelo5 on Volumio forum)""; release uploaded by project-owner",,brand: Altec (logo visible),"visual #043 [L] ""CALTECC"" printed on meter face (checked on 1280x400_g5_202_meters)"
Gelo5 / project-owner/PeppyMeter.doc release 2024.03.02,1280x400,31G5_Alvin,circular skin in Gelo5_1280x400.120skins.zip; folder(s): templates/1280x400_Gelo5 00-99 Skin_200; templates/1280x400_Gelo5 21-40 Skin_202,1208751,none stated in zip; hosting repo project-owner/PeppyMeter.doc is GPL-3.0 (LICENSE file); wiki states no terms for the skins,"Gelo5 - wiki: ""custom meters created by Grzegorz Pietrzak (user Gelo5 on Volumio forum)""; release uploaded by project-owner",,generic,visual #038 [G]  (checked on 1280x400_g5_202_meters)
Gelo5 / project-owner/PeppyMeter.doc release 2024.03.02,1280x400,32G5_Magnetcord,circular skin in Gelo5_1280x400.120skins.zip; folder(s): templates/1280x400_Gelo5 00-99 Skin_200; templates/1280x400_Gelo5 21-40 Skin_202,1013816,none stated in zip; hosting repo project-owner/PeppyMeter.doc is GPL-3.0 (LICENSE file); wiki states no terms for the skins,"Gelo5 - wiki: ""custom meters created by Grzegorz Pietrzak (user Gelo5 on Volumio forum)""; release uploaded by project-owner",,brand: Magnecord (logo visible),visual #049 [L] Magnecord script logo on meter faces (checked on 1280x400_g5_202_meters)
Gelo5 / project-owner/PeppyMeter.doc release 2024.03.02,1280x400,33G5_NAD C3050,circular skin in Gelo5_1280x400.120skins.zip; folder(s): templates/1280x400_Gelo5 00-99 Skin_200; templates/1280x400_Gelo5 21-40 Skin_202,678656,none stated in zip; hosting repo project-owner/PeppyMeter.doc is GPL-3.0 (LICENSE file); wiki states no terms for the skins,"Gelo5 - wiki: ""custom meters created by Grzegorz Pietrzak (user Gelo5 on Volumio forum)""; release uploaded by project-owner",,brand: NAD (logo visible),"visual #050 [LF] NAD ""New Acoustic Dimension"" on meters; NAD product face (checked on 1280x800_g5_420_meters)"
Gelo5 / project-owner/PeppyMeter.doc release 2024.03.02,1280x400,34G5_Onvi,circular skin in Gelo5_1280x400.120skins.zip; folder(s): templates/1280x400_Gelo5 00-99 Skin_200; templates/1280x400_Gelo5 21-40 Skin_202,510142,none stated in zip; hosting repo project-owner/PeppyMeter.doc is GPL-3.0 (LICENSE file); wiki states no terms for the skins,"Gelo5 - wiki: ""custom meters created by Grzegorz Pietrzak (user Gelo5 on Volumio forum)""; release uploaded by project-owner",,generic,visual #052 [G]  (checked on 1280x400_g5_202_meters)
Gelo5 / project-owner/PeppyMeter.doc release 2024.03.02,1280x400,35G5_Onvi centre,circular skin in Gelo5_1280x400.120skins.zip; folder(s): templates/1280x400_Gelo5 00-99 Skin_200; templates/1280x400_Gelo5 21-40 Skin_202,486597,none stated in zip; hosting repo project-owner/PeppyMeter.doc is GPL-3.0 (LICENSE file); wiki states no terms for the skins,"Gelo5 - wiki: ""custom meters created by Grzegorz Pietrzak (user Gelo5 on Volumio forum)""; release uploaded by project-owner",,generic,visual #053 [G]  (checked on 1280x400_g5_202_meters)
Gelo5 / project-owner/PeppyMeter.doc release 2024.03.02,1280x400,36G5_Old Braun,circular skin in Gelo5_1280x400.120skins.zip; folder(s): templates/1280x400_Gelo5 00-99 Skin_200; templates/1280x400_Gelo5 21-40 Skin_202,1046966,none stated in zip; hosting repo project-owner/PeppyMeter.doc is GPL-3.0 (LICENSE file); wiki states no terms for the skins,"Gelo5 - wiki: ""custom meters created by Grzegorz Pietrzak (user Gelo5 on Volumio forum)""; release uploaded by project-owner",,generic,visual #051 [N] no legible Braun logo at preview scale (checked on 1280x400_g5_202_meters)
Gelo5 / project-owner/PeppyMeter.doc release 2024.03.02,1280x400,37G5_PeppyP Bang,circular skin in Gelo5_1280x400.120skins.zip; folder(s): templates/1280x400_Gelo5 00-99 Skin_200; templates/1280x400_Gelo5 21-40 Skin_202,230218,none stated in zip; hosting repo project-owner/PeppyMeter.doc is GPL-3.0 (LICENSE file); wiki states no terms for the skins,"Gelo5 - wiki: ""custom meters created by Grzegorz Pietrzak (user Gelo5 on Volumio forum)""; release uploaded by project-owner",,generic,visual #054 [G]  (checked on 1280x400_g5_202_meters)
Gelo5 / project-owner/PeppyMeter.doc release 2024.03.02,1280x400,38G5_WestonHouse,circular skin in Gelo5_1280x400.120skins.zip; folder(s): templates/1280x400_Gelo5 00-99 Skin_200; templates/1280x400_Gelo5 21-40 Skin_202,623821,none stated in zip; hosting repo project-owner/PeppyMeter.doc is GPL-3.0 (LICENSE file); wiki states no terms for the skins,"Gelo5 - wiki: ""custom meters created by Grzegorz Pietrzak (user Gelo5 on Volumio forum)""; release uploaded by project-owner",,brand: Westinghouse (logo visible),"visual #057 [L] ""WESTINGHOUSE"" on meter faces (checked on 1280x400_g5_202_meters)"
Gelo5 / project-owner/PeppyMeter.doc release 2024.03.02,1280x400,39G5_Weston,circular skin in Gelo5_1280x400.120skins.zip; folder(s): templates/1280x400_Gelo5 00-99 Skin_200; templates/1280x400_Gelo5 21-40 Skin_202,897831,none stated in zip; hosting repo project-owner/PeppyMeter.doc is GPL-3.0 (LICENSE file); wiki states no terms for the skins,"Gelo5 - wiki: ""custom meters created by Grzegorz Pietrzak (user Gelo5 on Volumio forum)""; release uploaded by project-owner",,brand: Weston (logo visible),"visual #056 [L] ""WESTON"" on meter faces (checked on 1280x400_g5_202_meters)"
Gelo5 / project-owner/PeppyMeter.doc release 2024.03.02,1280x400,40G5_Retro,circular skin in Gelo5_1280x400.120skins.zip; folder(s): templates/1280x400_Gelo5 00-99 Skin_200; templates/1280x400_Gelo5 21-40 Skin_202,777953,none stated in zip; hosting repo project-owner/PeppyMeter.doc is GPL-3.0 (LICENSE file); wiki states no terms for the skins,"Gelo5 - wiki: ""custom meters created by Grzegorz Pietrzak (user Gelo5 on Volumio forum)""; release uploaded by project-owner",,generic,visual #055 [G]  (checked on 1920x1080_g5_RADIO)
Gelo5 / project-owner/PeppyMeter.doc release 2024.03.02,1280x400,41G5_Abrahamsen,linear skin in Gelo5_1280x400.120skins.zip; folder(s): templates/1280x400_Gelo5 00-99 Skin_200; templates/1280x400_Gelo5 41-60 Skin_203,296223,none stated in zip; hosting repo project-owner/PeppyMeter.doc is GPL-3.0 (LICENSE file); wiki states no terms for the skins,"Gelo5 - wiki: ""custom meters created by Grzegorz Pietrzak (user Gelo5 on Volumio forum)""; release uploaded by project-owner",,"brand: Electrocompaniet (logo visible, not in name)",visual #058 [LF] Electrocompaniet wordmark and product face (named Abrahamsen) (checked on 1920x1080_g5_703_meters)
Gelo5 / project-owner/PeppyMeter.doc release 2024.03.02,1280x400,42G5_Casette Full,linear skin in Gelo5_1280x400.120skins.zip; folder(s): templates/1280x400_Gelo5 00-99 Skin_200; templates/1280x400_Gelo5 41-60 Skin_203,312110,none stated in zip; hosting repo project-owner/PeppyMeter.doc is GPL-3.0 (LICENSE file); wiki states no terms for the skins,"Gelo5 - wiki: ""custom meters created by Grzegorz Pietrzak (user Gelo5 on Volumio forum)""; release uploaded by project-owner",,"brand: Pioneer (logo visible, not in name)",visual #059 [LF] Pioneer logo on cassette deck face (checked on 1280x400_g5_203_meters)
Gelo5 / project-owner/PeppyMeter.doc release 2024.03.02,1280x400,43G5_Cayin,linear skin in Gelo5_1280x400.120skins.zip; folder(s): templates/1280x400_Gelo5 00-99 Skin_200; templates/1280x400_Gelo5 41-60 Skin_203,573448,none stated in zip; hosting repo project-owner/PeppyMeter.doc is GPL-3.0 (LICENSE file); wiki states no terms for the skins,"Gelo5 - wiki: ""custom meters created by Grzegorz Pietrzak (user Gelo5 on Volumio forum)""; release uploaded by project-owner",,brand: Cayin (logo visible),visual #060 [LF] Cayin script logo; product face (checked on 1280x400_g5_203_meters)
Gelo5 / project-owner/PeppyMeter.doc release 2024.03.02,1280x400,44G5_CD Cover,linear skin in Gelo5_1280x400.120skins.zip; folder(s): templates/1280x400_Gelo5 00-99 Skin_200; templates/1280x400_Gelo5 41-60 Skin_203,330519,none stated in zip; hosting repo project-owner/PeppyMeter.doc is GPL-3.0 (LICENSE file); wiki states no terms for the skins,"Gelo5 - wiki: ""custom meters created by Grzegorz Pietrzak (user Gelo5 on Volumio forum)""; release uploaded by project-owner",,generic,visual #061 [G]  (checked on 1280x400_g5_203_meters)
Gelo5 / project-owner/PeppyMeter.doc release 2024.03.02,1280x400,45G5_SACD Cover,linear skin in Gelo5_1280x400.120skins.zip; folder(s): templates/1280x400_Gelo5 00-99 Skin_200; templates/1280x400_Gelo5 41-60 Skin_203,361283,none stated in zip; hosting repo project-owner/PeppyMeter.doc is GPL-3.0 (LICENSE file); wiki states no terms for the skins,"Gelo5 - wiki: ""custom meters created by Grzegorz Pietrzak (user Gelo5 on Volumio forum)""; release uploaded by project-owner",,brand: SACD logo (logo visible),"visual #073 [L] Super Audio CD ""HYBRID STEREO"" logo on disc case (checked on 1280x400_g5_203_meters)"
Gelo5 / project-owner/PeppyMeter.doc release 2024.03.02,1280x400,46G5_Disco,linear skin in Gelo5_1280x400.120skins.zip; folder(s): templates/1280x400_Gelo5 00-99 Skin_200; templates/1280x400_Gelo5 41-60 Skin_203,621831,none stated in zip; hosting repo project-owner/PeppyMeter.doc is GPL-3.0 (LICENSE file); wiki states no terms for the skins,"Gelo5 - wiki: ""custom meters created by Grzegorz Pietrzak (user Gelo5 on Volumio forum)""; release uploaded by project-owner",,generic,visual #062 [G]  (checked on 1280x400_g5_203_meters)
Gelo5 / project-owner/PeppyMeter.doc release 2024.03.02,1280x400,47G5_Dorrough Vertical,linear skin in Gelo5_1280x400.120skins.zip; folder(s): templates/1280x400_Gelo5 00-99 Skin_200; templates/1280x400_Gelo5 41-60 Skin_203,525702,none stated in zip; hosting repo project-owner/PeppyMeter.doc is GPL-3.0 (LICENSE file); wiki states no terms for the skins,"Gelo5 - wiki: ""custom meters created by Grzegorz Pietrzak (user Gelo5 on Volumio forum)""; release uploaded by project-owner",,brand: Dorrough (logo visible),visual #065 [L] Dorrough logos on meters (checked on 1920x1080_g5_703_meters)
Gelo5 / project-owner/PeppyMeter.doc release 2024.03.02,1280x400,48G5_Dorrough crooked,linear skin in Gelo5_1280x400.120skins.zip; folder(s): templates/1280x400_Gelo5 00-99 Skin_200; templates/1280x400_Gelo5 41-60 Skin_203,171577,none stated in zip; hosting repo project-owner/PeppyMeter.doc is GPL-3.0 (LICENSE file); wiki states no terms for the skins,"Gelo5 - wiki: ""custom meters created by Grzegorz Pietrzak (user Gelo5 on Volumio forum)""; release uploaded by project-owner",,brand: Dorrough (logo visible),"visual #063 [L] Dorrough script logo, ""Made in U.S.A. MODEL 40-A2"" (checked on 1280x400_g5_203_meters)"
Gelo5 / project-owner/PeppyMeter.doc release 2024.03.02,1280x400,49G5_Dorrought horizon,linear skin in Gelo5_1280x400.120skins.zip; folder(s): templates/1280x400_Gelo5 00-99 Skin_200; templates/1280x400_Gelo5 41-60 Skin_203,360372,none stated in zip; hosting repo project-owner/PeppyMeter.doc is GPL-3.0 (LICENSE file); wiki states no terms for the skins,"Gelo5 - wiki: ""custom meters created by Grzegorz Pietrzak (user Gelo5 on Volumio forum)""; release uploaded by project-owner",,brand: Dorrough (logo visible),"visual #064 [L] Dorrough logo, ""MODEL 280-D USA"" (checked on 1280x400_g5_203_meters)"
Gelo5 / project-owner/PeppyMeter.doc release 2024.03.02,1280x400,50G5_Led Strips,linear skin in Gelo5_1280x400.120skins.zip; folder(s): templates/1280x400_Gelo5 00-99 Skin_200; templates/1280x400_Gelo5 41-60 Skin_203,686724,none stated in zip; hosting repo project-owner/PeppyMeter.doc is GPL-3.0 (LICENSE file); wiki states no terms for the skins,"Gelo5 - wiki: ""custom meters created by Grzegorz Pietrzak (user Gelo5 on Volumio forum)""; release uploaded by project-owner",,generic,visual #067 [G]  (checked on 1280x400_g5_203_meters)
Gelo5 / project-owner/PeppyMeter.doc release 2024.03.02,1280x400,51G5_Loudspeaker IN,linear skin in Gelo5_1280x400.120skins.zip; folder(s): templates/1280x400_Gelo5 00-99 Skin_200; templates/1280x400_Gelo5 41-60 Skin_203,295152,none stated in zip; hosting repo project-owner/PeppyMeter.doc is GPL-3.0 (LICENSE file); wiki states no terms for the skins,"Gelo5 - wiki: ""custom meters created by Grzegorz Pietrzak (user Gelo5 on Volumio forum)""; release uploaded by project-owner",,"brand: DS18 (logo visible, not in name)","visual #068 [L] speaker cones with ""DS18"" marking (car-audio brand), small (checked on 1280x400_g5_203_meters)"
Gelo5 / project-owner/PeppyMeter.doc release 2024.03.02,1280x400,52G5_MarantzCD,linear skin in Gelo5_1280x400.120skins.zip; folder(s): templates/1280x400_Gelo5 00-99 Skin_200; templates/1280x400_Gelo5 41-60 Skin_203,384246,none stated in zip; hosting repo project-owner/PeppyMeter.doc is GPL-3.0 (LICENSE file); wiki states no terms for the skins,"Gelo5 - wiki: ""custom meters created by Grzegorz Pietrzak (user Gelo5 on Volumio forum)""; release uploaded by project-owner",,brand: Marantz (logo visible),visual #069 [LF] Marantz wordmark; product face (checked on 1920x1080_g5_703_meters)
Gelo5 / project-owner/PeppyMeter.doc release 2024.03.02,1280x400,53G5_Sansui,linear skin in Gelo5_1280x400.120skins.zip; folder(s): templates/1280x400_Gelo5 00-99 Skin_200; templates/1280x400_Gelo5 41-60 Skin_203,574801,none stated in zip; hosting repo project-owner/PeppyMeter.doc is GPL-3.0 (LICENSE file); wiki states no terms for the skins,"Gelo5 - wiki: ""custom meters created by Grzegorz Pietrzak (user Gelo5 on Volumio forum)""; release uploaded by project-owner",,"brand: Sansui (logo visible); Volumio (logo visible, not in name)",visual #074 [LF] Sansui logo; product face; Volumio wordmark (checked on 1920x1080_g5_703_meters)
Gelo5 / project-owner/PeppyMeter.doc release 2024.03.02,1280x400,54G5_Unison Research,linear skin in Gelo5_1280x400.120skins.zip; folder(s): templates/1280x400_Gelo5 00-99 Skin_200; templates/1280x400_Gelo5 41-60 Skin_203,673443,none stated in zip; hosting repo project-owner/PeppyMeter.doc is GPL-3.0 (LICENSE file); wiki states no terms for the skins,"Gelo5 - wiki: ""custom meters created by Grzegorz Pietrzak (user Gelo5 on Volumio forum)""; release uploaded by project-owner",,brand: Unison Research (product face visible),visual #076 [F] Unison Research amplifier product photo; no legible logo (checked on 1920x1080_g5_705_meters)
Gelo5 / project-owner/PeppyMeter.doc release 2024.03.02,1280x400,55G5_Rose3 Line,linear skin in Gelo5_1280x400.120skins.zip; folder(s): templates/1280x400_Gelo5 00-99 Skin_200; templates/1280x400_Gelo5 41-60 Skin_203,343026,none stated in zip; hosting repo project-owner/PeppyMeter.doc is GPL-3.0 (LICENSE file); wiki states no terms for the skins,"Gelo5 - wiki: ""custom meters created by Grzegorz Pietrzak (user Gelo5 on Volumio forum)""; release uploaded by project-owner",,brand: HiFi Rose (name only),visual #070 [G]  (checked on 1280x400_g5_203_meters)
Gelo5 / project-owner/PeppyMeter.doc release 2024.03.02,1280x400,56G5_Rose IN,linear skin in Gelo5_1280x400.120skins.zip; folder(s): templates/1280x400_Gelo5 00-99 Skin_200; templates/1280x400_Gelo5 41-60 Skin_203,491047,none stated in zip; hosting repo project-owner/PeppyMeter.doc is GPL-3.0 (LICENSE file); wiki states no terms for the skins,"Gelo5 - wiki: ""custom meters created by Grzegorz Pietrzak (user Gelo5 on Volumio forum)""; release uploaded by project-owner",,brand: HiFi Rose (product face visible),visual #071 [F] HiFi Rose-style face with icon; no legible wordmark (checked on 1280x400_g5_203_meters)
Gelo5 / project-owner/PeppyMeter.doc release 2024.03.02,1280x400,57G5_Rose OUT,linear skin in Gelo5_1280x400.120skins.zip; folder(s): templates/1280x400_Gelo5 00-99 Skin_200; templates/1280x400_Gelo5 41-60 Skin_203,491035,none stated in zip; hosting repo project-owner/PeppyMeter.doc is GPL-3.0 (LICENSE file); wiki states no terms for the skins,"Gelo5 - wiki: ""custom meters created by Grzegorz Pietrzak (user Gelo5 on Volumio forum)""; release uploaded by project-owner",,brand: HiFi Rose (product face visible),visual #072 [F] HiFi Rose-style face with icon; no legible wordmark (checked on 1280x400_g5_203_meters)
Gelo5 / project-owner/PeppyMeter.doc release 2024.03.02,1280x400,58G5_TechnicsLed,linear skin in Gelo5_1280x400.120skins.zip; folder(s): templates/1280x400_Gelo5 00-99 Skin_200; templates/1280x400_Gelo5 41-60 Skin_203,42832,none stated in zip; hosting repo project-owner/PeppyMeter.doc is GPL-3.0 (LICENSE file); wiki states no terms for the skins,"Gelo5 - wiki: ""custom meters created by Grzegorz Pietrzak (user Gelo5 on Volumio forum)""; release uploaded by project-owner",,brand: Technics (name only),visual #075 [G]  (checked on 1280x400_g5_203_meters)
Gelo5 / project-owner/PeppyMeter.doc release 2024.03.02,1280x400,59G5_Winamp,linear skin in Gelo5_1280x400.120skins.zip; folder(s): templates/1280x400_Gelo5 00-99 Skin_200; templates/1280x400_Gelo5 41-60 Skin_203,284629,none stated in zip; hosting repo project-owner/PeppyMeter.doc is GPL-3.0 (LICENSE file); wiki states no terms for the skins,"Gelo5 - wiki: ""custom meters created by Grzegorz Pietrzak (user Gelo5 on Volumio forum)""; release uploaded by project-owner",,brand: Winamp (logo visible),"visual #077 [LF] Winamp UI imitation, ""WINAMP"" title (checked on 1280x400_g5_203_meters)"
Gelo5 / project-owner/PeppyMeter.doc release 2024.03.02,1280x400,60G5_Eher,linear skin in Gelo5_1280x400.120skins.zip; folder(s): templates/1280x400_Gelo5 00-99 Skin_200; templates/1280x400_Gelo5 41-60 Skin_203,1152599,none stated in zip; hosting repo project-owner/PeppyMeter.doc is GPL-3.0 (LICENSE file); wiki states no terms for the skins,"Gelo5 - wiki: ""custom meters created by Grzegorz Pietrzak (user Gelo5 on Volumio forum)""; release uploaded by project-owner",,"brand: Reher (?) (logo visible, not in name)","visual #066 [L] wordmark on meter faces (reads ""REHER""/""EHER"", unverified) (checked on 1280x400_g5_203_meters)"
Gelo5 / project-owner/PeppyMeter.doc release 2024.03.02,1280x400,61G5_Old Accuphase Only,circular skin in Gelo5_1280x400.120skins.zip; folder(s): templates/1280x400_Gelo5 00-99 Skin_200; templates/1280x400_Gelo5 61-80 Skin_204,371058,none stated in zip; hosting repo project-owner/PeppyMeter.doc is GPL-3.0 (LICENSE file); wiki states no terms for the skins,"Gelo5 - wiki: ""custom meters created by Grzegorz Pietrzak (user Gelo5 on Volumio forum)""; release uploaded by project-owner",,brand: Accuphase (logo visible),visual #094 [L] Accuphase script logo on meter faces (checked on 1280x400_g5_204_meters)
Gelo5 / project-owner/PeppyMeter.doc release 2024.03.02,1280x400,62G5_Caltec Blue,circular skin in Gelo5_1280x400.120skins.zip; folder(s): templates/1280x400_Gelo5 00-99 Skin_200; templates/1280x400_Gelo5 61-80 Skin_204,196706,none stated in zip; hosting repo project-owner/PeppyMeter.doc is GPL-3.0 (LICENSE file); wiki states no terms for the skins,"Gelo5 - wiki: ""custom meters created by Grzegorz Pietrzak (user Gelo5 on Volumio forum)""; release uploaded by project-owner",,brand: Altec (logo visible),"visual #080 [L] ""ALTEC"" on meter faces (Altec Lansing) (checked on 1280x400_g5_204_meters)"
Gelo5 / project-owner/PeppyMeter.doc release 2024.03.02,1280x400,63G5_Caltec Red,circular skin in Gelo5_1280x400.120skins.zip; folder(s): templates/1280x400_Gelo5 00-99 Skin_200; templates/1280x400_Gelo5 61-80 Skin_204,81853,none stated in zip; hosting repo project-owner/PeppyMeter.doc is GPL-3.0 (LICENSE file); wiki states no terms for the skins,"Gelo5 - wiki: ""custom meters created by Grzegorz Pietrzak (user Gelo5 on Volumio forum)""; release uploaded by project-owner",,brand: Altec (logo visible),"visual #081 [L] ""ALTEC"" on meter faces (Altec Lansing) (checked on 1280x400_g5_204_meters)"
Gelo5 / project-owner/PeppyMeter.doc release 2024.03.02,1280x400,64G5_Berlant Only,circular skin in Gelo5_1280x400.120skins.zip; folder(s): templates/1280x400_Gelo5 00-99 Skin_200; templates/1280x400_Gelo5 61-80 Skin_204,646103,none stated in zip; hosting repo project-owner/PeppyMeter.doc is GPL-3.0 (LICENSE file); wiki states no terms for the skins,"Gelo5 - wiki: ""custom meters created by Grzegorz Pietrzak (user Gelo5 on Volumio forum)""; release uploaded by project-owner",,brand: Berlant Concertone (logo visible),"visual #078 [L] ""Berlant Concertone"" logo on meter faces (checked on 1280x400_g5_204_meters)"
Gelo5 / project-owner/PeppyMeter.doc release 2024.03.02,1280x400,65G5_BlackBlur only meters,circular skin in Gelo5_1280x400.120skins.zip; folder(s): templates/1280x400_Gelo5 00-99 Skin_200; templates/1280x400_Gelo5 61-80 Skin_204,933877,none stated in zip; hosting repo project-owner/PeppyMeter.doc is GPL-3.0 (LICENSE file); wiki states no terms for the skins,"Gelo5 - wiki: ""custom meters created by Grzegorz Pietrzak (user Gelo5 on Volumio forum)""; release uploaded by project-owner",,"brand: Volumio (logo visible, not in name)",visual #079 [L] Volumio wordmark on meter faces (checked on 1280x400_g5_204_meters)
Gelo5 / project-owner/PeppyMeter.doc release 2024.03.02,1280x400,66G5_Dark Spotify Only meters,circular skin in Gelo5_1280x400.120skins.zip; folder(s): templates/1280x400_Gelo5 00-99 Skin_200; templates/1280x400_Gelo5 61-80 Skin_204,624829,none stated in zip; hosting repo project-owner/PeppyMeter.doc is GPL-3.0 (LICENSE file); wiki states no terms for the skins,"Gelo5 - wiki: ""custom meters created by Grzegorz Pietrzak (user Gelo5 on Volumio forum)""; release uploaded by project-owner",,brand: Spotify (logo visible),visual #484 [N] no Spotify logo visible (checked on Gelo5_1280x400.120skins)
Gelo5 / project-owner/PeppyMeter.doc release 2024.03.02,1280x400,67G5_Denon Only,circular skin in Gelo5_1280x400.120skins.zip; folder(s): templates/1280x400_Gelo5 00-99 Skin_200; templates/1280x400_Gelo5 61-80 Skin_204,604646,none stated in zip; hosting repo project-owner/PeppyMeter.doc is GPL-3.0 (LICENSE file); wiki states no terms for the skins,"Gelo5 - wiki: ""custom meters created by Grzegorz Pietrzak (user Gelo5 on Volumio forum)""; release uploaded by project-owner",,brand: Denon (logo visible),"visual #083 [L] ""DENON"" on meter faces (checked on 1280x400_g5_204_meters)"
Gelo5 / project-owner/PeppyMeter.doc release 2024.03.02,1280x400,68G5_Deviation Only,circular skin in Gelo5_1280x400.120skins.zip; folder(s): templates/1280x400_Gelo5 00-99 Skin_200; templates/1280x400_Gelo5 61-80 Skin_204,541239,none stated in zip; hosting repo project-owner/PeppyMeter.doc is GPL-3.0 (LICENSE file); wiki states no terms for the skins,"Gelo5 - wiki: ""custom meters created by Grzegorz Pietrzak (user Gelo5 on Volumio forum)""; release uploaded by project-owner",,generic,visual #084 [G]  (checked on 1280x400_g5_204_meters)
Gelo5 / project-owner/PeppyMeter.doc release 2024.03.02,1280x400,69G5_DF202 Only meters,circular skin in Gelo5_1280x400.120skins.zip; folder(s): templates/1280x400_Gelo5 00-99 Skin_200; templates/1280x400_Gelo5 61-80 Skin_204,424661,none stated in zip; hosting repo project-owner/PeppyMeter.doc is GPL-3.0 (LICENSE file); wiki states no terms for the skins,"Gelo5 - wiki: ""custom meters created by Grzegorz Pietrzak (user Gelo5 on Volumio forum)""; release uploaded by project-owner",,generic,visual #085 [G]  (checked on 1280x400_g5_204_meters)
Gelo5 / project-owner/PeppyMeter.doc release 2024.03.02,1280x400,70G5_Gemonti ONLY meters,linear skin in Gelo5_1280x400.120skins.zip; folder(s): templates/1280x400_Gelo5 00-99 Skin_200; templates/1280x400_Gelo5 61-80 Skin_204,557291,none stated in zip; hosting repo project-owner/PeppyMeter.doc is GPL-3.0 (LICENSE file); wiki states no terms for the skins,"Gelo5 - wiki: ""custom meters created by Grzegorz Pietrzak (user Gelo5 on Volumio forum)""; release uploaded by project-owner",,brand: Gemonti (?) (logo visible),"visual #086 [L] ""GEMONTI"" on meter faces (checked on 1280x400_g5_204_meters)"
Gelo5 / project-owner/PeppyMeter.doc release 2024.03.02,1280x400,71G5_Hartman Only,circular skin in Gelo5_1280x400.120skins.zip; folder(s): templates/1280x400_Gelo5 00-99 Skin_200; templates/1280x400_Gelo5 61-80 Skin_204,301828,none stated in zip; hosting repo project-owner/PeppyMeter.doc is GPL-3.0 (LICENSE file); wiki states no terms for the skins,"Gelo5 - wiki: ""custom meters created by Grzegorz Pietrzak (user Gelo5 on Volumio forum)""; release uploaded by project-owner",,brand: Hartmann & Braun (logo visible),"visual #087 [L] ""HARTMANN & BRAUN"" on meter faces (checked on 1280x400_g5_204_meters)"
Gelo5 / project-owner/PeppyMeter.doc release 2024.03.02,1280x400,72G5_Hitachi7500 ONLY meters,circular skin in Gelo5_1280x400.120skins.zip; folder(s): templates/1280x400_Gelo5 00-99 Skin_200; templates/1280x400_Gelo5 61-80 Skin_204,870425,none stated in zip; hosting repo project-owner/PeppyMeter.doc is GPL-3.0 (LICENSE file); wiki states no terms for the skins,"Gelo5 - wiki: ""custom meters created by Grzegorz Pietrzak (user Gelo5 on Volumio forum)""; release uploaded by project-owner",,brand: Hitachi (logo visible),"visual #088 [L] ""HITACHI"" on meter faces (checked on 1280x400_g5_204_meters)"
Gelo5 / project-owner/PeppyMeter.doc release 2024.03.02,1280x400,73G5_Hitachi7500 Purple,circular skin in Gelo5_1280x400.120skins.zip; folder(s): templates/1280x400_Gelo5 00-99 Skin_200; templates/1280x400_Gelo5 61-80 Skin_204,736526,none stated in zip; hosting repo project-owner/PeppyMeter.doc is GPL-3.0 (LICENSE file); wiki states no terms for the skins,"Gelo5 - wiki: ""custom meters created by Grzegorz Pietrzak (user Gelo5 on Volumio forum)""; release uploaded by project-owner",,brand: Hitachi (logo visible),"visual #089 [L] ""HITACHI"" on meter faces (checked on 1280x400_g5_204_meters)"
Gelo5 / project-owner/PeppyMeter.doc release 2024.03.02,1280x400,74G5_Kenwood Rev only meters,circular skin in Gelo5_1280x400.120skins.zip; folder(s): templates/1280x400_Gelo5 00-99 Skin_200; templates/1280x400_Gelo5 61-80 Skin_204,519327,none stated in zip; hosting repo project-owner/PeppyMeter.doc is GPL-3.0 (LICENSE file); wiki states no terms for the skins,"Gelo5 - wiki: ""custom meters created by Grzegorz Pietrzak (user Gelo5 on Volumio forum)""; release uploaded by project-owner",,brand: Kenwood (name only),visual #090 [G]  (checked on 1280x400_g5_204_meters)
Gelo5 / project-owner/PeppyMeter.doc release 2024.03.02,1280x400,75G5_Line Magnetic,circular skin in Gelo5_1280x400.120skins.zip; folder(s): templates/1280x400_Gelo5 00-99 Skin_200; templates/1280x400_Gelo5 61-80 Skin_204,1053167,none stated in zip; hosting repo project-owner/PeppyMeter.doc is GPL-3.0 (LICENSE file); wiki states no terms for the skins,"Gelo5 - wiki: ""custom meters created by Grzegorz Pietrzak (user Gelo5 on Volumio forum)""; release uploaded by project-owner",,brand: Line Magnetic (logo visible),"visual #091 [L] Line Magnetic logo, small (checked on 1280x400_g5_204_meters)"
Gelo5 / project-owner/PeppyMeter.doc release 2024.03.02,1280x400,76G5_NAD M10 only,circular skin in Gelo5_1280x400.120skins.zip; folder(s): templates/1280x400_Gelo5 00-99 Skin_200; templates/1280x400_Gelo5 61-80 Skin_204,373258,none stated in zip; hosting repo project-owner/PeppyMeter.doc is GPL-3.0 (LICENSE file); wiki states no terms for the skins,"Gelo5 - wiki: ""custom meters created by Grzegorz Pietrzak (user Gelo5 on Volumio forum)""; release uploaded by project-owner",,brand: NAD (logo visible),visual #092 [L] NAD logo on meter face (checked on 1280x400_g5_204_meters)
Gelo5 / project-owner/PeppyMeter.doc release 2024.03.02,1280x400,77G5_Namson Only meters,circular skin in Gelo5_1280x400.120skins.zip; folder(s): templates/1280x400_Gelo5 00-99 Skin_200; templates/1280x400_Gelo5 61-80 Skin_204,668972,none stated in zip; hosting repo project-owner/PeppyMeter.doc is GPL-3.0 (LICENSE file); wiki states no terms for the skins,"Gelo5 - wiki: ""custom meters created by Grzegorz Pietrzak (user Gelo5 on Volumio forum)""; release uploaded by project-owner",,brand: Namson (?) (logo visible),"visual #093 [L] ""NAMSON CORPORATION"" on meter faces (checked on 1280x400_g5_204_meters)"
Gelo5 / project-owner/PeppyMeter.doc release 2024.03.02,1280x400,78G5_Philmore Only,circular skin in Gelo5_1280x400.120skins.zip; folder(s): templates/1280x400_Gelo5 00-99 Skin_200; templates/1280x400_Gelo5 61-80 Skin_204,1066251,none stated in zip; hosting repo project-owner/PeppyMeter.doc is GPL-3.0 (LICENSE file); wiki states no terms for the skins,"Gelo5 - wiki: ""custom meters created by Grzegorz Pietrzak (user Gelo5 on Volumio forum)""; release uploaded by project-owner",,brand: Philmore (logo visible),"visual #095 [L] ""Philmore"" on meter faces (checked on 1280x400_g5_204_meters)"
Gelo5 / project-owner/PeppyMeter.doc release 2024.03.02,1280x400,79G5_Teletronix Only,circular skin in Gelo5_1280x400.120skins.zip; folder(s): templates/1280x400_Gelo5 00-99 Skin_200; templates/1280x400_Gelo5 61-80 Skin_204,214780,none stated in zip; hosting repo project-owner/PeppyMeter.doc is GPL-3.0 (LICENSE file); wiki states no terms for the skins,"Gelo5 - wiki: ""custom meters created by Grzegorz Pietrzak (user Gelo5 on Volumio forum)""; release uploaded by project-owner",,brand: Teletronix (logo visible),"visual #096 [L] ""TELETRONIX ENGINEERING CO"" on meter faces (checked on 1280x400_g5_204_meters)"
Gelo5 / project-owner/PeppyMeter.doc release 2024.03.02,1280x400,80G5_VU Peak Only,circular skin in Gelo5_1280x400.120skins.zip; folder(s): templates/1280x400_Gelo5 00-99 Skin_200; templates/1280x400_Gelo5 61-80 Skin_204,425147,none stated in zip; hosting repo project-owner/PeppyMeter.doc is GPL-3.0 (LICENSE file); wiki states no terms for the skins,"Gelo5 - wiki: ""custom meters created by Grzegorz Pietrzak (user Gelo5 on Volumio forum)""; release uploaded by project-owner",,generic,visual #097 [G]  (checked on 1280x400_g5_204_meters)
Gelo5 / project-owner/PeppyMeter.doc release 2024.03.02,1280x400,81G5_SG Only meters,circular skin in Gelo5_1280x400.120skins.zip; folder(s): templates/1280x400_Gelo5 00-99 Skin_200; templates/1280x400_Gelo5 81-99 Skin_205,163743,none stated in zip; hosting repo project-owner/PeppyMeter.doc is GPL-3.0 (LICENSE file); wiki states no terms for the skins,"Gelo5 - wiki: ""custom meters created by Grzegorz Pietrzak (user Gelo5 on Volumio forum)""; release uploaded by project-owner",,brand: SG (?) (logo visible),"visual #107 [L] ""SG"" logo on meter faces (maker unclear) (checked on 1280x400_g5_205_meters)"
Gelo5 / project-owner/PeppyMeter.doc release 2024.03.02,1280x400,82G5_Weston ONLY meters,circular skin in Gelo5_1280x400.120skins.zip; folder(s): templates/1280x400_Gelo5 00-99 Skin_200; templates/1280x400_Gelo5 81-99 Skin_205,607732,none stated in zip; hosting repo project-owner/PeppyMeter.doc is GPL-3.0 (LICENSE file); wiki states no terms for the skins,"Gelo5 - wiki: ""custom meters created by Grzegorz Pietrzak (user Gelo5 on Volumio forum)""; release uploaded by project-owner",,"brand: Weston (logo visible); Volumio (logo visible, not in name)","visual #113 [L] ""WESTON ELEC. INST. CORP"" on meter faces; Volumio wordmark (checked on 1280x400_g5_205_meters)"
Gelo5 / project-owner/PeppyMeter.doc release 2024.03.02,1280x400,83G5_Realistic,circular skin in Gelo5_1280x400.120skins.zip; folder(s): templates/1280x400_Gelo5 00-99 Skin_200; templates/1280x400_Gelo5 81-99 Skin_205,601659,none stated in zip; hosting repo project-owner/PeppyMeter.doc is GPL-3.0 (LICENSE file); wiki states no terms for the skins,"Gelo5 - wiki: ""custom meters created by Grzegorz Pietrzak (user Gelo5 on Volumio forum)""; release uploaded by project-owner",,brand: Realistic (RadioShack) (name only),visual #103 [G]  (checked on 1280x400_g5_205_meters)
Gelo5 / project-owner/PeppyMeter.doc release 2024.03.02,1280x400,84G5_Rudeer Only,circular skin in Gelo5_1280x400.120skins.zip; folder(s): templates/1280x400_Gelo5 00-99 Skin_200; templates/1280x400_Gelo5 81-99 Skin_205,155371,none stated in zip; hosting repo project-owner/PeppyMeter.doc is GPL-3.0 (LICENSE file); wiki states no terms for the skins,"Gelo5 - wiki: ""custom meters created by Grzegorz Pietrzak (user Gelo5 on Volumio forum)""; release uploaded by project-owner",,generic,visual #105 [G]  (checked on 1280x400_g5_205_meters)
Gelo5 / project-owner/PeppyMeter.doc release 2024.03.02,1280x400,85G5_R55 Only,circular skin in Gelo5_1280x400.120skins.zip; folder(s): templates/1280x400_Gelo5 00-99 Skin_200; templates/1280x400_Gelo5 81-99 Skin_205,391366,none stated in zip; hosting repo project-owner/PeppyMeter.doc is GPL-3.0 (LICENSE file); wiki states no terms for the skins,"Gelo5 - wiki: ""custom meters created by Grzegorz Pietrzak (user Gelo5 on Volumio forum)""; release uploaded by project-owner",,"generic name; face carries wordmark not matched to a known brand: ""S"" emblem and ""R-55"" on meter faces (maker unclear)","visual #102 [L] ""S"" emblem and ""R-55"" on meter faces (maker unclear) (checked on 1280x400_g5_205_meters)"
Gelo5 / project-owner/PeppyMeter.doc release 2024.03.02,1280x400,87G5_Yamaha S3000 Only,circular skin in Gelo5_1280x400.120skins.zip; folder(s): templates/1280x400_Gelo5 00-99 Skin_200; templates/1280x400_Gelo5 81-99 Skin_205,608593,none stated in zip; hosting repo project-owner/PeppyMeter.doc is GPL-3.0 (LICENSE file); wiki states no terms for the skins,"Gelo5 - wiki: ""custom meters created by Grzegorz Pietrzak (user Gelo5 on Volumio forum)""; release uploaded by project-owner",,brand: Yamaha (product face visible),visual #115 [F] Yamaha-style meter face; no legible logo (checked on 1280x400_g5_205_meters)
Gelo5 / project-owner/PeppyMeter.doc release 2024.03.02,1280x400,88G5_WestonHouse Only,circular skin in Gelo5_1280x400.120skins.zip; folder(s): templates/1280x400_Gelo5 00-99 Skin_200; templates/1280x400_Gelo5 81-99 Skin_205,332522,none stated in zip; hosting repo project-owner/PeppyMeter.doc is GPL-3.0 (LICENSE file); wiki states no terms for the skins,"Gelo5 - wiki: ""custom meters created by Grzegorz Pietrzak (user Gelo5 on Volumio forum)""; release uploaded by project-owner",,brand: Westinghouse (logo visible),"visual #112 [L] ""WESTINGHOUSE"" on meter faces (checked on 1280x400_g5_205_meters)"
Gelo5 / project-owner/PeppyMeter.doc release 2024.03.02,1280x400,89G5_OnkyoM508,circular skin in Gelo5_1280x400.120skins.zip; folder(s): templates/1280x400_Gelo5 00-99 Skin_200; templates/1280x400_Gelo5 81-99 Skin_205,835180,none stated in zip; hosting repo project-owner/PeppyMeter.doc is GPL-3.0 (LICENSE file); wiki states no terms for the skins,"Gelo5 - wiki: ""custom meters created by Grzegorz Pietrzak (user Gelo5 on Volumio forum)""; release uploaded by project-owner",,brand: Onkyo (logo visible),visual #101 [LF] Onkyo logo; M-508 product face (checked on 1920x1080_g5_705_meters)
Gelo5 / project-owner/PeppyMeter.doc release 2024.03.02,1280x400,90G5_Yamaha MX2000,circular skin in Gelo5_1280x400.120skins.zip; folder(s): templates/1280x400_Gelo5 00-99 Skin_200; templates/1280x400_Gelo5 81-99 Skin_205,623235,none stated in zip; hosting repo project-owner/PeppyMeter.doc is GPL-3.0 (LICENSE file); wiki states no terms for the skins,"Gelo5 - wiki: ""custom meters created by Grzegorz Pietrzak (user Gelo5 on Volumio forum)""; release uploaded by project-owner",,brand: Yamaha (product face visible),visual #114 [F] Yamaha MX-2000 product face; logo not legible at preview scale (checked on 1280x400_g5_205_meters)
Gelo5 / project-owner/PeppyMeter.doc release 2024.03.02,1280x400,91G5_Teac,circular skin in Gelo5_1280x400.120skins.zip; folder(s): templates/1280x400_Gelo5 00-99 Skin_200; templates/1280x400_Gelo5 81-99 Skin_205,482875,none stated in zip; hosting repo project-owner/PeppyMeter.doc is GPL-3.0 (LICENSE file); wiki states no terms for the skins,"Gelo5 - wiki: ""custom meters created by Grzegorz Pietrzak (user Gelo5 on Volumio forum)""; release uploaded by project-owner",,brand: TEAC (logo visible),visual #111 [LF] TEAC logo; product face (checked on 1280x400_g5_205_meters)
Gelo5 / project-owner/PeppyMeter.doc release 2024.03.02,1280x400,92G5_SG,circular skin in Gelo5_1280x400.120skins.zip; folder(s): templates/1280x400_Gelo5 00-99 Skin_200; templates/1280x400_Gelo5 81-99 Skin_205,229693,none stated in zip; hosting repo project-owner/PeppyMeter.doc is GPL-3.0 (LICENSE file); wiki states no terms for the skins,"Gelo5 - wiki: ""custom meters created by Grzegorz Pietrzak (user Gelo5 on Volumio forum)""; release uploaded by project-owner",,brand: SG (?) (logo visible),"visual #106 [L] ""SG"" logo on meter faces (maker unclear) (checked on 1280x400_g5_205_meters)"
Gelo5 / project-owner/PeppyMeter.doc release 2024.03.02,1280x400,93G5_BOSS Orange,circular skin in Gelo5_1280x400.120skins.zip; folder(s): templates/1280x400_Gelo5 00-99 Skin_200; templates/1280x400_Gelo5 81-99 Skin_205,1305551,none stated in zip; hosting repo project-owner/PeppyMeter.doc is GPL-3.0 (LICENSE file); wiki states no terms for the skins,"Gelo5 - wiki: ""custom meters created by Grzegorz Pietrzak (user Gelo5 on Volumio forum)""; release uploaded by project-owner",,brand: BOSS (logo visible),"visual #099 [L] ""BOSS"" on tuner faces (faint) (checked on 1280x400_g5_205_meters)"
Gelo5 / project-owner/PeppyMeter.doc release 2024.03.02,1280x400,94G5_Tascam,linear skin in Gelo5_1280x400.120skins.zip; folder(s): templates/1280x400_Gelo5 00-99 Skin_200; templates/1280x400_Gelo5 81-99 Skin_205,117980,none stated in zip; hosting repo project-owner/PeppyMeter.doc is GPL-3.0 (LICENSE file); wiki states no terms for the skins,"Gelo5 - wiki: ""custom meters created by Grzegorz Pietrzak (user Gelo5 on Volumio forum)""; release uploaded by project-owner",,brand: Tascam (name only),visual #109 [G]  (checked on 1280x400_g5_205_meters)
Gelo5 / project-owner/PeppyMeter.doc release 2024.03.02,1280x400,95G5_LED Out ONLY,linear skin in Gelo5_1280x400.120skins.zip; folder(s): templates/1280x400_Gelo5 00-99 Skin_200; templates/1280x400_Gelo5 81-99 Skin_205,225134,none stated in zip; hosting repo project-owner/PeppyMeter.doc is GPL-3.0 (LICENSE file); wiki states no terms for the skins,"Gelo5 - wiki: ""custom meters created by Grzegorz Pietrzak (user Gelo5 on Volumio forum)""; release uploaded by project-owner",,generic,visual #100 [G]  (checked on 1280x400_g5_205_meters)
Gelo5 / project-owner/PeppyMeter.doc release 2024.03.02,1280x400,96G5_Bose Rev,circular skin in Gelo5_1280x400.120skins.zip; folder(s): templates/1280x400_Gelo5 00-99 Skin_200; templates/1280x400_Gelo5 81-99 Skin_205,454029,none stated in zip; hosting repo project-owner/PeppyMeter.doc is GPL-3.0 (LICENSE file); wiki states no terms for the skins,"Gelo5 - wiki: ""custom meters created by Grzegorz Pietrzak (user Gelo5 on Volumio forum)""; release uploaded by project-owner",,brand: Bose (logo visible),visual #098 [L] BOSE logo on meter faces (checked on 1280x400_g5_205_meters)
Gelo5 / project-owner/PeppyMeter.doc release 2024.03.02,1280x400,97G5_Sharp,circular skin in Gelo5_1280x400.120skins.zip; folder(s): templates/1280x400_Gelo5 00-99 Skin_200; templates/1280x400_Gelo5 81-99 Skin_205,375046,none stated in zip; hosting repo project-owner/PeppyMeter.doc is GPL-3.0 (LICENSE file); wiki states no terms for the skins,"Gelo5 - wiki: ""custom meters created by Grzegorz Pietrzak (user Gelo5 on Volumio forum)""; release uploaded by project-owner",,brand: Sharp (logo visible),"visual #108 [F] Sharp cassette deck face (""Auto Program Locate Device""); no legible Sharp logo (checked on 1920x1080_g5_712_Cassette)"
Gelo5 / project-owner/PeppyMeter.doc release 2024.03.02,1280x400,98G5_TCD Deck,circular skin in Gelo5_1280x400.120skins.zip; folder(s): templates/1280x400_Gelo5 00-99 Skin_200; templates/1280x400_Gelo5 81-99 Skin_205,534875,none stated in zip; hosting repo project-owner/PeppyMeter.doc is GPL-3.0 (LICENSE file); wiki states no terms for the skins,"Gelo5 - wiki: ""custom meters created by Grzegorz Pietrzak (user Gelo5 on Volumio forum)""; release uploaded by project-owner",,"brand: Dolby (logo visible, not in name)","visual #110 [L] Dolby ""double-D"" logo on meter faces (checked on 1280x400_g5_205_meters)"
Gelo5 / project-owner/PeppyMeter.doc release 2024.03.02,1280x400,99G5_Round 180,circular skin in Gelo5_1280x400.120skins.zip; folder(s): templates/1280x400_Gelo5 00-99 Skin_200; templates/1280x400_Gelo5 81-99 Skin_205,382392,none stated in zip; hosting repo project-owner/PeppyMeter.doc is GPL-3.0 (LICENSE file); wiki states no terms for the skins,"Gelo5 - wiki: ""custom meters created by Grzegorz Pietrzak (user Gelo5 on Volumio forum)""; release uploaded by project-owner",,generic,visual #104 [G]  (checked on 1280x400_g5_205_meters)
Gelo5 / project-owner/PeppyMeter.doc release 2024.03.02,1280x400,101G5_Kenwood S+M,circular skin in Gelo5_1280x400.120skins.zip; folder(s): templates/1280x400_Gelo5 Spec&Met_220,677234,none stated in zip; hosting repo project-owner/PeppyMeter.doc is GPL-3.0 (LICENSE file); wiki states no terms for the skins,"Gelo5 - wiki: ""custom meters created by Grzegorz Pietrzak (user Gelo5 on Volumio forum)""; release uploaded by project-owner",,brand: Kenwood (product face visible),visual #120 [F] Kenwood-style amplifier face; no legible logo (checked on 1920x1080_20g5)
Gelo5 / project-owner/PeppyMeter.doc release 2024.03.02,1280x400,102G5_Naim S+M,circular skin in Gelo5_1280x400.120skins.zip; folder(s): templates/1280x400_Gelo5 Spec&Met_220,389980,none stated in zip; hosting repo project-owner/PeppyMeter.doc is GPL-3.0 (LICENSE file); wiki states no terms for the skins,"Gelo5 - wiki: ""custom meters created by Grzegorz Pietrzak (user Gelo5 on Volumio forum)""; release uploaded by project-owner",,brand: Naim (logo visible),visual #125 [L] Naim logo (checked on 1920x1080_20g5)
Gelo5 / project-owner/PeppyMeter.doc release 2024.03.02,1280x400,103G5_CD Cover S+M,linear skin in Gelo5_1280x400.120skins.zip; folder(s): templates/1280x400_Gelo5 Spec&Met_220,248820,none stated in zip; hosting repo project-owner/PeppyMeter.doc is GPL-3.0 (LICENSE file); wiki states no terms for the skins,"Gelo5 - wiki: ""custom meters created by Grzegorz Pietrzak (user Gelo5 on Volumio forum)""; release uploaded by project-owner",,generic,visual #118 [G]  (checked on 1280x400_g5_210_ms)
Gelo5 / project-owner/PeppyMeter.doc release 2024.03.02,1280x400,104G5_KeySlight S+M,circular skin in Gelo5_1280x400.120skins.zip; folder(s): templates/1280x400_Gelo5 Spec&Met_220,404261,none stated in zip; hosting repo project-owner/PeppyMeter.doc is GPL-3.0 (LICENSE file); wiki states no terms for the skins,"Gelo5 - wiki: ""custom meters created by Grzegorz Pietrzak (user Gelo5 on Volumio forum)""; release uploaded by project-owner",,"brand: Keysight (product face visible); Volumio (logo visible, not in name)",visual #122 [LF] Keysight analyser face imitation; Volumio wordmark (checked on 1280x800_g5_410_ms)
Gelo5 / project-owner/PeppyMeter.doc release 2024.03.02,1280x400,105G5_Marschal S+M,circular skin in Gelo5_1280x400.120skins.zip; folder(s): templates/1280x400_Gelo5 Spec&Met_220,778675,none stated in zip; hosting repo project-owner/PeppyMeter.doc is GPL-3.0 (LICENSE file); wiki states no terms for the skins,"Gelo5 - wiki: ""custom meters created by Grzegorz Pietrzak (user Gelo5 on Volumio forum)""; release uploaded by project-owner",,brand: Marshall (logo visible),visual #124 [LF] Marshall amplifier face with Marshall script logo (checked on 1280x400_g5_210_ms)
Gelo5 / project-owner/PeppyMeter.doc release 2024.03.02,1280x400,106G5_Teletronix S+M,circular skin in Gelo5_1280x400.120skins.zip; folder(s): templates/1280x400_Gelo5 Spec&Met_220,301375,none stated in zip; hosting repo project-owner/PeppyMeter.doc is GPL-3.0 (LICENSE file); wiki states no terms for the skins,"Gelo5 - wiki: ""custom meters created by Grzegorz Pietrzak (user Gelo5 on Volumio forum)""; release uploaded by project-owner",,brand: Teletronix (logo visible),"visual #134 [L] ""TELETRONIX ENGINEERING CO"" on meter faces (checked on 1280x800_g5_410_ms)"
Gelo5 / project-owner/PeppyMeter.doc release 2024.03.02,1280x400,107G5_Rhode Spectrum,circular skin in Gelo5_1280x400.120skins.zip; folder(s): templates/1280x400_Gelo5 Spec&Met_220,203421,none stated in zip; hosting repo project-owner/PeppyMeter.doc is GPL-3.0 (LICENSE file); wiki states no terms for the skins,"Gelo5 - wiki: ""custom meters created by Grzegorz Pietrzak (user Gelo5 on Volumio forum)""; release uploaded by project-owner",,brand: Rohde & Schwarz (logo visible),"visual #133 [LF] Rohde & Schwarz spectrum analyser face, R&S wordmark (checked on 1280x400_g5_210_ms)"
Gelo5 / project-owner/PeppyMeter.doc release 2024.03.02,1280x400,108G5_Kenwood Spectrum,circular skin in Gelo5_1280x400.120skins.zip; folder(s): templates/1280x400_Gelo5 Spec&Met_220,106958,none stated in zip; hosting repo project-owner/PeppyMeter.doc is GPL-3.0 (LICENSE file); wiki states no terms for the skins,"Gelo5 - wiki: ""custom meters created by Grzegorz Pietrzak (user Gelo5 on Volumio forum)""; release uploaded by project-owner",,brand: Kenwood (logo visible),"visual #121 [LF] ""KENWOOD STEREO GRAPHIC EQUALIZER KGC-700"" (checked on 1920x1080_20g5)"
Gelo5 / project-owner/PeppyMeter.doc release 2024.03.02,1280x400,109G5_Nixie Spectrum,circular skin in Gelo5_1280x400.120skins.zip; folder(s): templates/1280x400_Gelo5 Spec&Met_220,222809,none stated in zip; hosting repo project-owner/PeppyMeter.doc is GPL-3.0 (LICENSE file); wiki states no terms for the skins,"Gelo5 - wiki: ""custom meters created by Grzegorz Pietrzak (user Gelo5 on Volumio forum)""; release uploaded by project-owner",,generic,visual #127 [G]  (checked on 1280x400_g5_210_ms)
Gelo5 / project-owner/PeppyMeter.doc release 2024.03.02,1280x400,110G5_Nixie2 Spectrum,circular skin in Gelo5_1280x400.120skins.zip; folder(s): templates/1280x400_Gelo5 Spec&Met_220,73593,none stated in zip; hosting repo project-owner/PeppyMeter.doc is GPL-3.0 (LICENSE file); wiki states no terms for the skins,"Gelo5 - wiki: ""custom meters created by Grzegorz Pietrzak (user Gelo5 on Volumio forum)""; release uploaded by project-owner",,generic,visual #126 [G]  (checked on 1280x400_g5_210_ms)
Gelo5 / project-owner/PeppyMeter.doc release 2024.03.02,1280x400,111G5_PipeWood Spectrum,circular skin in Gelo5_1280x400.120skins.zip; folder(s): templates/1280x400_Gelo5 Spec&Met_220,442857,none stated in zip; hosting repo project-owner/PeppyMeter.doc is GPL-3.0 (LICENSE file); wiki states no terms for the skins,"Gelo5 - wiki: ""custom meters created by Grzegorz Pietrzak (user Gelo5 on Volumio forum)""; release uploaded by project-owner",,generic,visual #132 [G]  (checked on 1280x400_g5_210_ms)
Gelo5 / project-owner/PeppyMeter.doc release 2024.03.02,1280x400,112G5_Osciloscope S+M,linear skin in Gelo5_1280x400.120skins.zip; folder(s): templates/1280x400_Gelo5 Spec&Met_220,715704,none stated in zip; hosting repo project-owner/PeppyMeter.doc is GPL-3.0 (LICENSE file); wiki states no terms for the skins,"Gelo5 - wiki: ""custom meters created by Grzegorz Pietrzak (user Gelo5 on Volumio forum)""; release uploaded by project-owner",,"brand: Korg (logo visible, not in name)",visual #129 [LF] KORG logo; Korg oscilloscope UI imitation (checked on 1280x400_g5_210_ms)
Gelo5 / project-owner/PeppyMeter.doc release 2024.03.02,1280x400,113G5_475A OscSpectrum,circular skin in Gelo5_1280x400.120skins.zip; folder(s): templates/1280x400_Gelo5 Spec&Met_220,421513,none stated in zip; hosting repo project-owner/PeppyMeter.doc is GPL-3.0 (LICENSE file); wiki states no terms for the skins,"Gelo5 - wiki: ""custom meters created by Grzegorz Pietrzak (user Gelo5 on Volumio forum)""; release uploaded by project-owner",,brand: Tektronix (product face visible),visual #116 [F] Tektronix 475A oscilloscope photo; logo not legible at preview scale (checked on 1280x400_g5_210_ms)
Gelo5 / project-owner/PeppyMeter.doc release 2024.03.02,1280x400,114G5_Pioneer S+M,circular skin in Gelo5_1280x400.120skins.zip; folder(s): templates/1280x400_Gelo5 Spec&Met_220,614133,none stated in zip; hosting repo project-owner/PeppyMeter.doc is GPL-3.0 (LICENSE file); wiki states no terms for the skins,"Gelo5 - wiki: ""custom meters created by Grzegorz Pietrzak (user Gelo5 on Volumio forum)""; release uploaded by project-owner",,brand: Pioneer (product face visible),visual #131 [F] Pioneer PLX gold turntable face; logo not legible at preview scale (checked on 1920x1080_g5_721_ms)
Gelo5 / project-owner/PeppyMeter.doc release 2024.03.02,1280x400,115G5_Marantz S+M,circular skin in Gelo5_1280x400.120skins.zip; folder(s): templates/1280x400_Gelo5 Spec&Met_220,485951,none stated in zip; hosting repo project-owner/PeppyMeter.doc is GPL-3.0 (LICENSE file); wiki states no terms for the skins,"Gelo5 - wiki: ""custom meters created by Grzegorz Pietrzak (user Gelo5 on Volumio forum)""; release uploaded by project-owner",,brand: Marantz (logo visible),visual #123 [LF] Marantz logo; product faces (checked on 1920x1080_20g5)
Gelo5 / project-owner/PeppyMeter.doc release 2024.03.02,1280x400,116G5_Corrector Spectrum,circular skin in Gelo5_1280x400.120skins.zip; folder(s): templates/1280x400_Gelo5 Spec&Met_220,286917,none stated in zip; hosting repo project-owner/PeppyMeter.doc is GPL-3.0 (LICENSE file); wiki states no terms for the skins,"Gelo5 - wiki: ""custom meters created by Grzegorz Pietrzak (user Gelo5 on Volumio forum)""; release uploaded by project-owner",,generic,visual #119 [G]  (checked on 1280x400_g5_210_ms)
Gelo5 / project-owner/PeppyMeter.doc release 2024.03.02,1280x400,117G5_ONKYO S+M,circular skin in Gelo5_1280x400.120skins.zip; folder(s): templates/1280x400_Gelo5 Spec&Met_220,346046,none stated in zip; hosting repo project-owner/PeppyMeter.doc is GPL-3.0 (LICENSE file); wiki states no terms for the skins,"Gelo5 - wiki: ""custom meters created by Grzegorz Pietrzak (user Gelo5 on Volumio forum)""; release uploaded by project-owner",,brand: Onkyo (logo visible),visual #128 [LF] ONKYO logo; TX-8220 receiver face (checked on 1280x400_g5_210_ms)
Gelo5 / project-owner/PeppyMeter.doc release 2024.03.02,1280x400,118G5_Advance S+M,circular skin in Gelo5_1280x400.120skins.zip; folder(s): templates/1280x400_Gelo5 Spec&Met_220,679887,none stated in zip; hosting repo project-owner/PeppyMeter.doc is GPL-3.0 (LICENSE file); wiki states no terms for the skins,"Gelo5 - wiki: ""custom meters created by Grzegorz Pietrzak (user Gelo5 on Volumio forum)""; release uploaded by project-owner",,brand: Advance Acoustic (logo visible),visual #117 [L] Advance Acoustic logo (checked on 1280x400_g5_210_ms)
Gelo5 / project-owner/PeppyMeter.doc release 2024.03.02,1280x400,119G5_PeppyP S+M,circular skin in Gelo5_1280x400.120skins.zip; folder(s): templates/1280x400_Gelo5 Spec&Met_220,441723,none stated in zip; hosting repo project-owner/PeppyMeter.doc is GPL-3.0 (LICENSE file); wiki states no terms for the skins,"Gelo5 - wiki: ""custom meters created by Grzegorz Pietrzak (user Gelo5 on Volumio forum)""; release uploaded by project-owner",,generic,visual #130 [G]  (checked on 1280x800_g5_410_ms)
Gelo5 / project-owner/PeppyMeter.doc release 2024.03.02,1280x400,120G5_Sansui,linear skin in Gelo5_1280x400.120skins.zip; folder(s): templates/1280x400_Gelo5 Spec&Met_220,647270,none stated in zip; hosting repo project-owner/PeppyMeter.doc is GPL-3.0 (LICENSE file); wiki states no terms for the skins,"Gelo5 - wiki: ""custom meters created by Grzegorz Pietrzak (user Gelo5 on Volumio forum)""; release uploaded by project-owner",,"brand: Sansui (logo visible); Volumio (logo visible, not in name)",visual #074 [LF] Sansui logo; product face; Volumio wordmark (checked on 1920x1080_g5_703_meters)
Gelo5 / project-owner/PeppyMeter.doc release 2024.03.02,1280x800,01G5_Accuphase,circular skin in Gelo5_1280x800.84skins.zip; folder(s): template/1280x800_Gelo5 00-99 Skin_400; template/1280x800_Gelo5 01-20 Skin_401,795236,none stated in zip; hosting repo project-owner/PeppyMeter.doc is GPL-3.0 (LICENSE file); wiki states no terms for the skins,"Gelo5 - wiki: ""custom meters created by Grzegorz Pietrzak (user Gelo5 on Volumio forum)""; release uploaded by project-owner",,"brand: Accuphase (logo visible); Volumio (logo visible, not in name)",visual #018 [LF] Accuphase logo on product face; also Volumio wordmark (checked on 1920x1080_g5_701_meters)
Gelo5 / project-owner/PeppyMeter.doc release 2024.03.02,1280x800,02G5_Accuphase monoblock,circular skin in Gelo5_1280x800.84skins.zip; folder(s): template/1280x800_Gelo5 00-99 Skin_400; template/1280x800_Gelo5 01-20 Skin_401,999411,none stated in zip; hosting repo project-owner/PeppyMeter.doc is GPL-3.0 (LICENSE file); wiki states no terms for the skins,"Gelo5 - wiki: ""custom meters created by Grzegorz Pietrzak (user Gelo5 on Volumio forum)""; release uploaded by project-owner",,brand: Accuphase (logo visible),visual #159 [LF] Accuphase logos; A-250 product faces (checked on 1920x1080_g5_701_meters)
Gelo5 / project-owner/PeppyMeter.doc release 2024.03.02,1280x800,03G5_Berlant,circular skin in Gelo5_1280x800.84skins.zip; folder(s): template/1280x800_Gelo5 00-99 Skin_400; template/1280x800_Gelo5 01-20 Skin_401,1174020,none stated in zip; hosting repo project-owner/PeppyMeter.doc is GPL-3.0 (LICENSE file); wiki states no terms for the skins,"Gelo5 - wiki: ""custom meters created by Grzegorz Pietrzak (user Gelo5 on Volumio forum)""; release uploaded by project-owner",,brand: Berlant Concertone (logo visible),"visual #210 [L] ""Berlant Concertone"" logo on meter faces (checked on 1920x1080_g5_704_meters)"
Gelo5 / project-owner/PeppyMeter.doc release 2024.03.02,1280x800,04G5_Berlant Purple,circular skin in Gelo5_1280x800.84skins.zip; folder(s): template/1280x800_Gelo5 00-99 Skin_400; template/1280x800_Gelo5 01-20 Skin_401,937644,none stated in zip; hosting repo project-owner/PeppyMeter.doc is GPL-3.0 (LICENSE file); wiki states no terms for the skins,"Gelo5 - wiki: ""custom meters created by Grzegorz Pietrzak (user Gelo5 on Volumio forum)""; release uploaded by project-owner",,brand: Berlant Concertone (logo visible),"visual #332 [L] ""Berlant Concertone"" logo on meter faces (checked on 1280x800_g5_420_meters)"
Gelo5 / project-owner/PeppyMeter.doc release 2024.03.02,1280x800,05G5_Audio Research,circular skin in Gelo5_1280x800.84skins.zip; folder(s): template/1280x800_Gelo5 00-99 Skin_400; template/1280x800_Gelo5 01-20 Skin_401,1153448,none stated in zip; hosting repo project-owner/PeppyMeter.doc is GPL-3.0 (LICENSE file); wiki states no terms for the skins,"Gelo5 - wiki: ""custom meters created by Grzegorz Pietrzak (user Gelo5 on Volumio forum)""; release uploaded by project-owner",,brand: Audio Research (logo visible),"visual #039 [LF] Audio Research product face, audio research wordmark (checked on 1920x1080_g5_701_meters)"
Gelo5 / project-owner/PeppyMeter.doc release 2024.03.02,1280x800,06G5_McIntosh,circular skin in Gelo5_1280x800.84skins.zip; folder(s): template/1280x800_Gelo5 00-99 Skin_400; template/1280x800_Gelo5 01-20 Skin_401,789613,none stated in zip; hosting repo project-owner/PeppyMeter.doc is GPL-3.0 (LICENSE file); wiki states no terms for the skins,"Gelo5 - wiki: ""custom meters created by Grzegorz Pietrzak (user Gelo5 on Volumio forum)""; release uploaded by project-owner",,"brand: McIntosh (logo visible); Volumio (logo visible, not in name)",visual #024 [LF] McIntosh logo; product face; Volumio wordmark (checked on 1920x1080_g5_701_meters)
Gelo5 / project-owner/PeppyMeter.doc release 2024.03.02,1280x800,07G5_McIntosh monoblock,circular skin in Gelo5_1280x800.84skins.zip; folder(s): template/1280x800_Gelo5 00-99 Skin_400; template/1280x800_Gelo5 01-20 Skin_401,676573,none stated in zip; hosting repo project-owner/PeppyMeter.doc is GPL-3.0 (LICENSE file); wiki states no terms for the skins,"Gelo5 - wiki: ""custom meters created by Grzegorz Pietrzak (user Gelo5 on Volumio forum)""; release uploaded by project-owner",,brand: McIntosh (logo visible),visual #168 [LF] McIntosh logos; MEN220 / monoblock faces (checked on 1920x1080_g5_701_meters)
Gelo5 / project-owner/PeppyMeter.doc release 2024.03.02,1280x800,08G5_McIntosh Hybrid,circular skin in Gelo5_1280x800.84skins.zip; folder(s): template/1280x800_Gelo5 00-99 Skin_400; template/1280x800_Gelo5 01-20 Skin_401,1177180,none stated in zip; hosting repo project-owner/PeppyMeter.doc is GPL-3.0 (LICENSE file); wiki states no terms for the skins,"Gelo5 - wiki: ""custom meters created by Grzegorz Pietrzak (user Gelo5 on Volumio forum)""; release uploaded by project-owner",,"brand: McIntosh (logo visible); Volumio (logo visible, not in name)",visual #167 [LF] McIntosh logo; product face; Volumio wordmark (checked on 1920x1080_g5_701_meters)
Gelo5 / project-owner/PeppyMeter.doc release 2024.03.02,1280x800,09G5_McIntosh Tube,circular skin in Gelo5_1280x800.84skins.zip; folder(s): template/1280x800_Gelo5 00-99 Skin_400; template/1280x800_Gelo5 01-20 Skin_401,814020,none stated in zip; hosting repo project-owner/PeppyMeter.doc is GPL-3.0 (LICENSE file); wiki states no terms for the skins,"Gelo5 - wiki: ""custom meters created by Grzegorz Pietrzak (user Gelo5 on Volumio forum)""; release uploaded by project-owner",,brand: McIntosh (logo visible),visual #169 [LF] McIntosh tube amplifier photo; McIntosh logo (checked on 1920x1080_g5_701_meters)
Gelo5 / project-owner/PeppyMeter.doc release 2024.03.02,1280x800,10G5_Kenwood Ver,circular skin in Gelo5_1280x800.84skins.zip; folder(s): template/1280x800_Gelo5 00-99 Skin_400; template/1280x800_Gelo5 01-20 Skin_401,1273580,none stated in zip; hosting repo project-owner/PeppyMeter.doc is GPL-3.0 (LICENSE file); wiki states no terms for the skins,"Gelo5 - wiki: ""custom meters created by Grzegorz Pietrzak (user Gelo5 on Volumio forum)""; release uploaded by project-owner",,brand: Kenwood (name only),visual #164 [G]  (checked on 1920x1080_g5_701_meters)
Gelo5 / project-owner/PeppyMeter.doc release 2024.03.02,1280x800,11G5_Kenwood Rev,circular skin in Gelo5_1280x800.84skins.zip; folder(s): template/1280x800_Gelo5 00-99 Skin_400; template/1280x800_Gelo5 01-20 Skin_401,761461,none stated in zip; hosting repo project-owner/PeppyMeter.doc is GPL-3.0 (LICENSE file); wiki states no terms for the skins,"Gelo5 - wiki: ""custom meters created by Grzegorz Pietrzak (user Gelo5 on Volumio forum)""; release uploaded by project-owner",,brand: Kenwood (product face visible),visual #046 [F] Kenwood-style amplifier face; no legible logo (checked on 1280x800_g5_420_meters)
Gelo5 / project-owner/PeppyMeter.doc release 2024.03.02,1280x800,12G5_VU Single Yellow,linear skin in Gelo5_1280x800.84skins.zip; folder(s): template/1280x800_Gelo5 00-99 Skin_400; template/1280x800_Gelo5 01-20 Skin_401,863825,none stated in zip; hosting repo project-owner/PeppyMeter.doc is GPL-3.0 (LICENSE file); wiki states no terms for the skins,"Gelo5 - wiki: ""custom meters created by Grzegorz Pietrzak (user Gelo5 on Volumio forum)""; release uploaded by project-owner",,generic,visual #192 [G]  (checked on 1920x1080_g5_702_meters)
Gelo5 / project-owner/PeppyMeter.doc release 2024.03.02,1280x800,13G5_NAD C3050 Purple,circular skin in Gelo5_1280x800.84skins.zip; folder(s): template/1280x800_Gelo5 00-99 Skin_400; template/1280x800_Gelo5 01-20 Skin_401,921908,none stated in zip; hosting repo project-owner/PeppyMeter.doc is GPL-3.0 (LICENSE file); wiki states no terms for the skins,"Gelo5 - wiki: ""custom meters created by Grzegorz Pietrzak (user Gelo5 on Volumio forum)""; release uploaded by project-owner",,brand: NAD (logo visible),"visual #333 [LF] NAD ""New Acoustic Dimension""; C 3050 face (checked on 1280x800_g5_420_meters)"
Gelo5 / project-owner/PeppyMeter.doc release 2024.03.02,1280x800,14G5_NAD C3050,circular skin in Gelo5_1280x800.84skins.zip; folder(s): template/1280x800_Gelo5 00-99 Skin_400; template/1280x800_Gelo5 01-20 Skin_401,999047,none stated in zip; hosting repo project-owner/PeppyMeter.doc is GPL-3.0 (LICENSE file); wiki states no terms for the skins,"Gelo5 - wiki: ""custom meters created by Grzegorz Pietrzak (user Gelo5 on Volumio forum)""; release uploaded by project-owner",,brand: NAD (logo visible),"visual #050 [LF] NAD ""New Acoustic Dimension"" on meters; NAD product face (checked on 1280x800_g5_420_meters)"
Gelo5 / project-owner/PeppyMeter.doc release 2024.03.02,1280x800,15G5_Naim green,circular skin in Gelo5_1280x800.84skins.zip; folder(s): template/1280x800_Gelo5 00-99 Skin_400; template/1280x800_Gelo5 01-20 Skin_401,827471,none stated in zip; hosting repo project-owner/PeppyMeter.doc is GPL-3.0 (LICENSE file); wiki states no terms for the skins,"Gelo5 - wiki: ""custom meters created by Grzegorz Pietrzak (user Gelo5 on Volumio forum)""; release uploaded by project-owner",,brand: Naim (logo visible),visual #170 [LF] Naim logos; product face (checked on 1920x1080_g5_701_meters)
Gelo5 / project-owner/PeppyMeter.doc release 2024.03.02,1280x800,16G5_Naim 2,circular skin in Gelo5_1280x800.84skins.zip; folder(s): template/1280x800_Gelo5 00-99 Skin_400; template/1280x800_Gelo5 01-20 Skin_401,874429,none stated in zip; hosting repo project-owner/PeppyMeter.doc is GPL-3.0 (LICENSE file); wiki states no terms for the skins,"Gelo5 - wiki: ""custom meters created by Grzegorz Pietrzak (user Gelo5 on Volumio forum)""; release uploaded by project-owner",,brand: Naim (logo visible),visual #026 [L] Naim logo (checked on 1920x1080_g5_701_meters)
Gelo5 / project-owner/PeppyMeter.doc release 2024.03.02,1280x800,17G5_Naim Rev,circular skin in Gelo5_1280x800.84skins.zip; folder(s): template/1280x800_Gelo5 00-99 Skin_400; template/1280x800_Gelo5 01-20 Skin_401,610627,none stated in zip; hosting repo project-owner/PeppyMeter.doc is GPL-3.0 (LICENSE file); wiki states no terms for the skins,"Gelo5 - wiki: ""custom meters created by Grzegorz Pietrzak (user Gelo5 on Volumio forum)""; release uploaded by project-owner",,brand: Naim (product face visible),visual #334 [F] Naim-style face; no legible logo on this preview (checked on 1280x800_g5_420_meters)
Gelo5 / project-owner/PeppyMeter.doc release 2024.03.02,1280x800,18G5_Sansui,linear skin in Gelo5_1280x800.84skins.zip; folder(s): template/1280x800_Gelo5 00-99 Skin_400; template/1280x800_Gelo5 01-20 Skin_401,794926,none stated in zip; hosting repo project-owner/PeppyMeter.doc is GPL-3.0 (LICENSE file); wiki states no terms for the skins,"Gelo5 - wiki: ""custom meters created by Grzegorz Pietrzak (user Gelo5 on Volumio forum)""; release uploaded by project-owner",,"brand: Sansui (logo visible); Volumio (logo visible, not in name)",visual #074 [LF] Sansui logo; product face; Volumio wordmark (checked on 1920x1080_g5_703_meters)
Gelo5 / project-owner/PeppyMeter.doc release 2024.03.02,1280x800,19G5_Sansui 2V,linear skin in Gelo5_1280x800.84skins.zip; folder(s): template/1280x800_Gelo5 00-99 Skin_400; template/1280x800_Gelo5 01-20 Skin_401,1049473,none stated in zip; hosting repo project-owner/PeppyMeter.doc is GPL-3.0 (LICENSE file); wiki states no terms for the skins,"Gelo5 - wiki: ""custom meters created by Grzegorz Pietrzak (user Gelo5 on Volumio forum)""; release uploaded by project-owner",,brand: Sansui (logo visible),visual #202 [LF] Sansui logo; product faces (checked on 1920x1080_g5_703_meters)
Gelo5 / project-owner/PeppyMeter.doc release 2024.03.02,1280x800,20G5_Brianworks,circular skin in Gelo5_1280x800.84skins.zip; folder(s): template/1280x800_Gelo5 00-99 Skin_400; template/1280x800_Gelo5 01-20 Skin_401,1528305,none stated in zip; hosting repo project-owner/PeppyMeter.doc is GPL-3.0 (LICENSE file); wiki states no terms for the skins,"Gelo5 - wiki: ""custom meters created by Grzegorz Pietrzak (user Gelo5 on Volumio forum)""; release uploaded by project-owner",,"brand: Brainworx (logo visible); Volumio (logo visible, not in name)","visual #214 [L] ""BRAINWORX"" logo on meter faces; Volumio wordmark (checked on 1920x1080_g5_704_meters)"
Gelo5 / project-owner/PeppyMeter.doc release 2024.03.02,1280x800,21G5_BlackBlur,circular skin in Gelo5_1280x800.84skins.zip; folder(s): template/1280x800_Gelo5 00-99 Skin_400; template/1280x800_Gelo5 21-40 Skin_402,1491297,none stated in zip; hosting repo project-owner/PeppyMeter.doc is GPL-3.0 (LICENSE file); wiki states no terms for the skins,"Gelo5 - wiki: ""custom meters created by Grzegorz Pietrzak (user Gelo5 on Volumio forum)""; release uploaded by project-owner",,generic,visual #040 [G]  (checked on 1920x1080_g5_705_meters)
Gelo5 / project-owner/PeppyMeter.doc release 2024.03.02,1280x800,22G5_Dark Spotify,circular skin in Gelo5_1280x800.84skins.zip; folder(s): template/1280x800_Gelo5 00-99 Skin_400; template/1280x800_Gelo5 21-40 Skin_402,1044514,none stated in zip; hosting repo project-owner/PeppyMeter.doc is GPL-3.0 (LICENSE file); wiki states no terms for the skins,"Gelo5 - wiki: ""custom meters created by Grzegorz Pietrzak (user Gelo5 on Volumio forum)""; release uploaded by project-owner",,brand: Spotify (name only),visual #216 [G]  (checked on 1920x1080_g5_704_meters)
Gelo5 / project-owner/PeppyMeter.doc release 2024.03.02,1280x800,23G5_Hitachi HMA7500 Black,circular skin in Gelo5_1280x800.84skins.zip; folder(s): template/1280x800_Gelo5 00-99 Skin_400; template/1280x800_Gelo5 21-40 Skin_402,1564748,none stated in zip; hosting repo project-owner/PeppyMeter.doc is GPL-3.0 (LICENSE file); wiki states no terms for the skins,"Gelo5 - wiki: ""custom meters created by Grzegorz Pietrzak (user Gelo5 on Volumio forum)""; release uploaded by project-owner",,brand: Hitachi (logo visible),"visual #178 [LF] ""HITACHI"" on meters; HMA-7500 product face (checked on 1920x1080_g5_702_meters)"
Gelo5 / project-owner/PeppyMeter.doc release 2024.03.02,1280x800,24G5_Hitachi HCA7500 Silver,circular skin in Gelo5_1280x800.84skins.zip; folder(s): template/1280x800_Gelo5 00-99 Skin_400; template/1280x800_Gelo5 21-40 Skin_402,1206659,none stated in zip; hosting repo project-owner/PeppyMeter.doc is GPL-3.0 (LICENSE file); wiki states no terms for the skins,"Gelo5 - wiki: ""custom meters created by Grzegorz Pietrzak (user Gelo5 on Volumio forum)""; release uploaded by project-owner",,brand: Hitachi (logo visible),"visual #177 [LF] ""HITACHI"" HCA-7500/HMA-7500 product faces (checked on 1920x1080_g5_702_meters)"
Gelo5 / project-owner/PeppyMeter.doc release 2024.03.02,1280x800,25G5_Marantz Silver,circular skin in Gelo5_1280x800.84skins.zip; folder(s): template/1280x800_Gelo5 00-99 Skin_400; template/1280x800_Gelo5 21-40 Skin_402,879608,none stated in zip; hosting repo project-owner/PeppyMeter.doc is GPL-3.0 (LICENSE file); wiki states no terms for the skins,"Gelo5 - wiki: ""custom meters created by Grzegorz Pietrzak (user Gelo5 on Volumio forum)""; release uploaded by project-owner",,"brand: Marantz (product face visible); Volumio (logo visible, not in name)",visual #166 [F] Marantz AV receiver face; Volumio wordmark; Marantz logo not legible at preview scale (checked on 1920x1080_g5_701_meters)
Gelo5 / project-owner/PeppyMeter.doc release 2024.03.02,1280x800,26G5_Marantz Black,circular skin in Gelo5_1280x800.84skins.zip; folder(s): template/1280x800_Gelo5 00-99 Skin_400; template/1280x800_Gelo5 21-40 Skin_402,846345,none stated in zip; hosting repo project-owner/PeppyMeter.doc is GPL-3.0 (LICENSE file); wiki states no terms for the skins,"Gelo5 - wiki: ""custom meters created by Grzegorz Pietrzak (user Gelo5 on Volumio forum)""; release uploaded by project-owner",,"brand: Marantz (product face visible); Volumio (logo visible, not in name)",visual #165 [F] Marantz SR-series AV receiver face; Volumio wordmark; Marantz logo not legible at preview scale (checked on 1920x1080_g5_701_meters)
Gelo5 / project-owner/PeppyMeter.doc release 2024.03.02,1280x800,27G5_MarantzCD,linear skin in Gelo5_1280x800.84skins.zip; folder(s): template/1280x800_Gelo5 00-99 Skin_400; template/1280x800_Gelo5 21-40 Skin_402,689182,none stated in zip; hosting repo project-owner/PeppyMeter.doc is GPL-3.0 (LICENSE file); wiki states no terms for the skins,"Gelo5 - wiki: ""custom meters created by Grzegorz Pietrzak (user Gelo5 on Volumio forum)""; release uploaded by project-owner",,brand: Marantz (logo visible),visual #069 [LF] Marantz wordmark; product face (checked on 1920x1080_g5_703_meters)
Gelo5 / project-owner/PeppyMeter.doc release 2024.03.02,1280x800,28G5_Technisc_Black,circular skin in Gelo5_1280x800.84skins.zip; folder(s): template/1280x800_Gelo5 00-99 Skin_400; template/1280x800_Gelo5 21-40 Skin_402,684029,none stated in zip; hosting repo project-owner/PeppyMeter.doc is GPL-3.0 (LICENSE file); wiki states no terms for the skins,"Gelo5 - wiki: ""custom meters created by Grzegorz Pietrzak (user Gelo5 on Volumio forum)""; release uploaded by project-owner",,brand: Technics (logo visible),visual #335 [LF] Technics face; Technics wordmark small (checked on 1280x800_g5_421_meters)
Gelo5 / project-owner/PeppyMeter.doc release 2024.03.02,1280x800,29G5_Technisc_Silver,circular skin in Gelo5_1280x800.84skins.zip; folder(s): template/1280x800_Gelo5 00-99 Skin_400; template/1280x800_Gelo5 21-40 Skin_402,748856,none stated in zip; hosting repo project-owner/PeppyMeter.doc is GPL-3.0 (LICENSE file); wiki states no terms for the skins,"Gelo5 - wiki: ""custom meters created by Grzegorz Pietrzak (user Gelo5 on Volumio forum)""; release uploaded by project-owner",,brand: Technics (logo visible),visual #336 [LF] Technics face; Technics wordmark small (checked on 1280x800_g5_421_meters)
Gelo5 / project-owner/PeppyMeter.doc release 2024.03.02,1280x800,30G5_Round yellow,circular skin in Gelo5_1280x800.84skins.zip; folder(s): template/1280x800_Gelo5 00-99 Skin_400; template/1280x800_Gelo5 21-40 Skin_402,1338226,none stated in zip; hosting repo project-owner/PeppyMeter.doc is GPL-3.0 (LICENSE file); wiki states no terms for the skins,"Gelo5 - wiki: ""custom meters created by Grzegorz Pietrzak (user Gelo5 on Volumio forum)""; release uploaded by project-owner",,generic,visual #224 [G]  (checked on 1920x1080_g5_704_meters)
Gelo5 / project-owner/PeppyMeter.doc release 2024.03.02,1280x800,31G5_Rehringer,circular skin in Gelo5_1280x800.84skins.zip; folder(s): template/1280x800_Gelo5 00-99 Skin_400; template/1280x800_Gelo5 21-40 Skin_402,2086524,none stated in zip; hosting repo project-owner/PeppyMeter.doc is GPL-3.0 (LICENSE file); wiki states no terms for the skins,"Gelo5 - wiki: ""custom meters created by Grzegorz Pietrzak (user Gelo5 on Volumio forum)""; release uploaded by project-owner",,"brand: Behringer (parody ""Rehringer"") (logo visible)","visual #223 [L] ""REHRINGER"" (Behringer parody) and ""MODEL BX-VU"" on meter faces (checked on 1920x1080_g5_704_meters)"
Gelo5 / project-owner/PeppyMeter.doc release 2024.03.02,1280x800,32G5_Akai Reverse,circular skin in Gelo5_1280x800.84skins.zip; folder(s): template/1280x800_Gelo5 00-99 Skin_400; template/1280x800_Gelo5 21-40 Skin_402,1037368,none stated in zip; hosting repo project-owner/PeppyMeter.doc is GPL-3.0 (LICENSE file); wiki states no terms for the skins,"Gelo5 - wiki: ""custom meters created by Grzegorz Pietrzak (user Gelo5 on Volumio forum)""; release uploaded by project-owner",,brand: Akai (logo visible),"visual #175 [LF] Akai reel-to-reel face; ""AKAI"" on meter faces (checked on 1920x1080_g5_702_meters)"
Gelo5 / project-owner/PeppyMeter.doc release 2024.03.02,1280x800,33G5_ClasseM,circular skin in Gelo5_1280x800.84skins.zip; folder(s): template/1280x800_Gelo5 00-99 Skin_400; template/1280x800_Gelo5 21-40 Skin_402,894104,none stated in zip; hosting repo project-owner/PeppyMeter.doc is GPL-3.0 (LICENSE file); wiki states no terms for the skins,"Gelo5 - wiki: ""custom meters created by Grzegorz Pietrzak (user Gelo5 on Volumio forum)""; release uploaded by project-owner",,brand: Classé (logo visible),"visual #176 [LF] ""CLASSE"" logos; product faces (checked on 1920x1080_g5_702_meters)"
Gelo5 / project-owner/PeppyMeter.doc release 2024.03.02,1280x800,34G5_BMC,circular skin in Gelo5_1280x800.84skins.zip; folder(s): template/1280x800_Gelo5 00-99 Skin_400; template/1280x800_Gelo5 21-40 Skin_402,695074,none stated in zip; hosting repo project-owner/PeppyMeter.doc is GPL-3.0 (LICENSE file); wiki states no terms for the skins,"Gelo5 - wiki: ""custom meters created by Grzegorz Pietrzak (user Gelo5 on Volumio forum)""; release uploaded by project-owner",,"brand: BMC (name only); Volumio (logo visible, not in name); Hi-Res Audio logo (logo visible, not in name); Pass Labs (logo visible, not in name)","visual #212 [L] ""PASS"" (Pass Labs) on meter faces; ""Hi-Res AUDIO"" logo; Volumio wordmark (checked on 1920x1080_g5_704_meters)"
Gelo5 / project-owner/PeppyMeter.doc release 2024.03.02,1280x800,35G5_Hartman,circular skin in Gelo5_1280x800.84skins.zip; folder(s): template/1280x800_Gelo5 00-99 Skin_400; template/1280x800_Gelo5 21-40 Skin_402,1669773,none stated in zip; hosting repo project-owner/PeppyMeter.doc is GPL-3.0 (LICENSE file); wiki states no terms for the skins,"Gelo5 - wiki: ""custom meters created by Grzegorz Pietrzak (user Gelo5 on Volumio forum)""; release uploaded by project-owner",,brand: Hartmann & Braun (logo visible),"visual #217 [L] ""HARTMANN & BRAUN"" on meter faces (checked on 1920x1080_g5_704_meters)"
Gelo5 / project-owner/PeppyMeter.doc release 2024.03.02,1280x800,36G5_Klanghelm,circular skin in Gelo5_1280x800.84skins.zip; folder(s): template/1280x800_Gelo5 00-99 Skin_400; template/1280x800_Gelo5 21-40 Skin_402,1261437,none stated in zip; hosting repo project-owner/PeppyMeter.doc is GPL-3.0 (LICENSE file); wiki states no terms for the skins,"Gelo5 - wiki: ""custom meters created by Grzegorz Pietrzak (user Gelo5 on Volumio forum)""; release uploaded by project-owner",,"brand: Klanghelm (product face visible); Volumio (logo visible, not in name)",visual #048 [LF] Klanghelm VUMT plugin UI imitation; Volumio wordmark (checked on 1920x1080_g5_702_meters)
Gelo5 / project-owner/PeppyMeter.doc release 2024.03.02,1280x800,37G5_TURN Vinyl Green,circular skin in Gelo5_1280x800.84skins.zip; folder(s): template/1280x800_Gelo5 00-99 Skin_400; template/1280x800_Gelo5 21-40 Skin_402,760248,none stated in zip; hosting repo project-owner/PeppyMeter.doc is GPL-3.0 (LICENSE file); wiki states no terms for the skins,"Gelo5 - wiki: ""custom meters created by Grzegorz Pietrzak (user Gelo5 on Volumio forum)""; release uploaded by project-owner",,"brand: Volumio (logo visible, not in name)",visual #187 [F] turntable photo; Volumio wordmark faint (checked on 1920x1080_g5_702_meters)
Gelo5 / project-owner/PeppyMeter.doc release 2024.03.02,1280x800,38G5_TURN Vinyl Green 2,circular skin in Gelo5_1280x800.84skins.zip; folder(s): template/1280x800_Gelo5 00-99 Skin_400; template/1280x800_Gelo5 21-40 Skin_402,1078703,none stated in zip; hosting repo project-owner/PeppyMeter.doc is GPL-3.0 (LICENSE file); wiki states no terms for the skins,"Gelo5 - wiki: ""custom meters created by Grzegorz Pietrzak (user Gelo5 on Volumio forum)""; release uploaded by project-owner",,"generic (real product photo, maker not identified)",visual #188 [F] turntable photo (checked on 1920x1080_g5_702_meters)
Gelo5 / project-owner/PeppyMeter.doc release 2024.03.02,1280x800,39G5_TURN Vinyl Silver,circular skin in Gelo5_1280x800.84skins.zip; folder(s): template/1280x800_Gelo5 00-99 Skin_400; template/1280x800_Gelo5 21-40 Skin_402,1080323,none stated in zip; hosting repo project-owner/PeppyMeter.doc is GPL-3.0 (LICENSE file); wiki states no terms for the skins,"Gelo5 - wiki: ""custom meters created by Grzegorz Pietrzak (user Gelo5 on Volumio forum)""; release uploaded by project-owner",,"brand: Volumio (logo visible, not in name)",visual #190 [F] turntable photo; Volumio wordmark faint (checked on 1920x1080_g5_702_meters)
Gelo5 / project-owner/PeppyMeter.doc release 2024.03.02,1280x800,40G5_TURN Vinyl Black,circular skin in Gelo5_1280x800.84skins.zip; folder(s): template/1280x800_Gelo5 00-99 Skin_400; template/1280x800_Gelo5 21-40 Skin_402,1069496,none stated in zip; hosting repo project-owner/PeppyMeter.doc is GPL-3.0 (LICENSE file); wiki states no terms for the skins,"Gelo5 - wiki: ""custom meters created by Grzegorz Pietrzak (user Gelo5 on Volumio forum)""; release uploaded by project-owner",,"brand: Volumio (logo visible, not in name)",visual #185 [F] turntable photo; Volumio wordmark faint (checked on 1920x1080_g5_702_meters)
Gelo5 / project-owner/PeppyMeter.doc release 2024.03.02,1280x800,41G5_Yellowkidney,circular skin in Gelo5_1280x800.84skins.zip; folder(s): template/1280x800_Gelo5 00-99 Skin_400; template/1280x800_Gelo5 41-60 Skin_403,1049791,none stated in zip; hosting repo project-owner/PeppyMeter.doc is GPL-3.0 (LICENSE file); wiki states no terms for the skins,"Gelo5 - wiki: ""custom meters created by Grzegorz Pietrzak (user Gelo5 on Volumio forum)""; release uploaded by project-owner",,generic,visual #228 [G]  (checked on 1920x1080_g5_704_meters)
Gelo5 / project-owner/PeppyMeter.doc release 2024.03.02,1280x800,42G5_OLD Meter,circular skin in Gelo5_1280x800.84skins.zip; folder(s): template/1280x800_Gelo5 00-99 Skin_400; template/1280x800_Gelo5 41-60 Skin_403,1127558,none stated in zip; hosting repo project-owner/PeppyMeter.doc is GPL-3.0 (LICENSE file); wiki states no terms for the skins,"Gelo5 - wiki: ""custom meters created by Grzegorz Pietrzak (user Gelo5 on Volumio forum)""; release uploaded by project-owner",,generic,visual #222 [G]  (checked on 1920x1080_g5_704_meters)
Gelo5 / project-owner/PeppyMeter.doc release 2024.03.02,1280x800,43G5_Old2 braun,circular skin in Gelo5_1280x800.84skins.zip; folder(s): template/1280x800_Gelo5 00-99 Skin_400; template/1280x800_Gelo5 41-60 Skin_403,1348465,none stated in zip; hosting repo project-owner/PeppyMeter.doc is GPL-3.0 (LICENSE file); wiki states no terms for the skins,"Gelo5 - wiki: ""custom meters created by Grzegorz Pietrzak (user Gelo5 on Volumio forum)""; release uploaded by project-owner",,generic,visual #221 [G]  (checked on 1920x1080_g5_704_meters)
Gelo5 / project-owner/PeppyMeter.doc release 2024.03.02,1280x800,44G5_T+A,circular skin in Gelo5_1280x800.84skins.zip; folder(s): template/1280x800_Gelo5 00-99 Skin_400; template/1280x800_Gelo5 41-60 Skin_403,633275,none stated in zip; hosting repo project-owner/PeppyMeter.doc is GPL-3.0 (LICENSE file); wiki states no terms for the skins,"Gelo5 - wiki: ""custom meters created by Grzegorz Pietrzak (user Gelo5 on Volumio forum)""; release uploaded by project-owner",,brand: T+A (logo visible),visual #183 [L] T+A logo (checked on 1920x1080_g5_702_meters)
Gelo5 / project-owner/PeppyMeter.doc release 2024.03.02,1280x800,45G5_Triplett,circular skin in Gelo5_1280x800.84skins.zip; folder(s): template/1280x800_Gelo5 00-99 Skin_400; template/1280x800_Gelo5 41-60 Skin_403,1787241,none stated in zip; hosting repo project-owner/PeppyMeter.doc is GPL-3.0 (LICENSE file); wiki states no terms for the skins,"Gelo5 - wiki: ""custom meters created by Grzegorz Pietrzak (user Gelo5 on Volumio forum)""; release uploaded by project-owner",,brand: Triplett (logo visible),"visual #226 [L] ""TRIPLETT"" logo on meter faces (checked on 1920x1080_g5_704_meters)"
Gelo5 / project-owner/PeppyMeter.doc release 2024.03.02,1280x800,46G5_Leben,circular skin in Gelo5_1280x800.84skins.zip; folder(s): template/1280x800_Gelo5 00-99 Skin_400; template/1280x800_Gelo5 41-60 Skin_403,901301,none stated in zip; hosting repo project-owner/PeppyMeter.doc is GPL-3.0 (LICENSE file); wiki states no terms for the skins,"Gelo5 - wiki: ""custom meters created by Grzegorz Pietrzak (user Gelo5 on Volumio forum)""; release uploaded by project-owner",,brand: Leben (logo visible),visual #179 [LF] Leben tube amplifier photo; Leben logo small (checked on 1920x1080_g5_702_meters)
Gelo5 / project-owner/PeppyMeter.doc release 2024.03.02,1280x800,47G5_Luxman Gold,circular skin in Gelo5_1280x800.84skins.zip; folder(s): template/1280x800_Gelo5 00-99 Skin_400; template/1280x800_Gelo5 41-60 Skin_403,1481753,none stated in zip; hosting repo project-owner/PeppyMeter.doc is GPL-3.0 (LICENSE file); wiki states no terms for the skins,"Gelo5 - wiki: ""custom meters created by Grzegorz Pietrzak (user Gelo5 on Volumio forum)""; release uploaded by project-owner",,brand: Luxman (logo visible),"visual #180 [LF] ""LUXMAN"" logos; C-03/L-series product faces (checked on 1920x1080_g5_702_meters)"
Gelo5 / project-owner/PeppyMeter.doc release 2024.03.02,1280x800,48G5_Vertical blue,circular skin in Gelo5_1280x800.84skins.zip; folder(s): template/1280x800_Gelo5 00-99 Skin_400; template/1280x800_Gelo5 41-60 Skin_403,388663,none stated in zip; hosting repo project-owner/PeppyMeter.doc is GPL-3.0 (LICENSE file); wiki states no terms for the skins,"Gelo5 - wiki: ""custom meters created by Grzegorz Pietrzak (user Gelo5 on Volumio forum)""; release uploaded by project-owner",,"brand: Volumio (logo visible, not in name)",visual #227 [L] Volumio wordmark on meter faces (checked on 1920x1080_g5_704_meters)
Gelo5 / project-owner/PeppyMeter.doc release 2024.03.02,1280x800,49G5_MarkLev,circular skin in Gelo5_1280x800.84skins.zip; folder(s): template/1280x800_Gelo5 00-99 Skin_400; template/1280x800_Gelo5 41-60 Skin_403,546472,none stated in zip; hosting repo project-owner/PeppyMeter.doc is GPL-3.0 (LICENSE file); wiki states no terms for the skins,"Gelo5 - wiki: ""custom meters created by Grzegorz Pietrzak (user Gelo5 on Volumio forum)""; release uploaded by project-owner",,brand: Mark Levinson (product face visible),visual #220 [F] Mark Levinson-style product face; no legible logo (checked on 1920x1080_g5_704_meters)
Gelo5 / project-owner/PeppyMeter.doc release 2024.03.02,1280x800,50G5_Teac Cassette,linear skin in Gelo5_1280x800.84skins.zip; folder(s): template/1280x800_Gelo5 00-99 Skin_400; template/1280x800_Gelo5 41-60 Skin_403,603004,none stated in zip; hosting repo project-owner/PeppyMeter.doc is GPL-3.0 (LICENSE file); wiki states no terms for the skins,"Gelo5 - wiki: ""custom meters created by Grzegorz Pietrzak (user Gelo5 on Volumio forum)""; release uploaded by project-owner",,brand: TEAC (logo visible),"visual #205 [LF] TEAC W-1200 cassette deck face, TEAC logo (checked on 1920x1080_g5_703_meters)"
Gelo5 / project-owner/PeppyMeter.doc release 2024.03.02,1280x800,51G5_Optonica,circular skin in Gelo5_1280x800.84skins.zip; folder(s): template/1280x800_Gelo5 00-99 Skin_400; template/1280x800_Gelo5 41-60 Skin_403,800314,none stated in zip; hosting repo project-owner/PeppyMeter.doc is GPL-3.0 (LICENSE file); wiki states no terms for the skins,"Gelo5 - wiki: ""custom meters created by Grzegorz Pietrzak (user Gelo5 on Volumio forum)""; release uploaded by project-owner",,"brand: Optonica (Sharp) (logo visible); Pioneer (product face visible, not in name)",visual #237 [LF] OPTONICA logos; product faces; Pioneer cassette visible (checked on 1920x1080_g5_705_meters)
Gelo5 / project-owner/PeppyMeter.doc release 2024.03.02,1280x800,52G5_PioneerCT,linear skin in Gelo5_1280x800.84skins.zip; folder(s): template/1280x800_Gelo5 00-99 Skin_400; template/1280x800_Gelo5 41-60 Skin_403,685899,none stated in zip; hosting repo project-owner/PeppyMeter.doc is GPL-3.0 (LICENSE file); wiki states no terms for the skins,"Gelo5 - wiki: ""custom meters created by Grzegorz Pietrzak (user Gelo5 on Volumio forum)""; release uploaded by project-owner",,"brand: Pioneer (product face visible); TDK (product face visible, not in name)",visual #337 [LF] PIONEER CT-F950 cassette deck face; TDK cassette (checked on 1280x800_g5_422_meters)
Gelo5 / project-owner/PeppyMeter.doc release 2024.03.02,1280x800,53G5_Abrahamsen,linear skin in Gelo5_1280x800.84skins.zip; folder(s): template/1280x800_Gelo5 00-99 Skin_400; template/1280x800_Gelo5 41-60 Skin_403,518565,none stated in zip; hosting repo project-owner/PeppyMeter.doc is GPL-3.0 (LICENSE file); wiki states no terms for the skins,"Gelo5 - wiki: ""custom meters created by Grzegorz Pietrzak (user Gelo5 on Volumio forum)""; release uploaded by project-owner",,"brand: Electrocompaniet (logo visible, not in name)",visual #058 [LF] Electrocompaniet wordmark and product face (named Abrahamsen) (checked on 1920x1080_g5_703_meters)
Gelo5 / project-owner/PeppyMeter.doc release 2024.03.02,1280x800,54G5_Dorrough,linear skin in Gelo5_1280x800.84skins.zip; folder(s): template/1280x800_Gelo5 00-99 Skin_400; template/1280x800_Gelo5 41-60 Skin_403,713059,none stated in zip; hosting repo project-owner/PeppyMeter.doc is GPL-3.0 (LICENSE file); wiki states no terms for the skins,"Gelo5 - wiki: ""custom meters created by Grzegorz Pietrzak (user Gelo5 on Volumio forum)""; release uploaded by project-owner",,brand: Dorrough (logo visible),"visual #195 [L] Dorrough logo, ""MODEL 40-A2"" (checked on 1920x1080_g5_703_meters)"
Gelo5 / project-owner/PeppyMeter.doc release 2024.03.02,1280x800,55G5_Dorrough Vertical,linear skin in Gelo5_1280x800.84skins.zip; folder(s): template/1280x800_Gelo5 00-99 Skin_400; template/1280x800_Gelo5 41-60 Skin_403,1061491,none stated in zip; hosting repo project-owner/PeppyMeter.doc is GPL-3.0 (LICENSE file); wiki states no terms for the skins,"Gelo5 - wiki: ""custom meters created by Grzegorz Pietrzak (user Gelo5 on Volumio forum)""; release uploaded by project-owner",,brand: Dorrough (logo visible),visual #065 [L] Dorrough logos on meters (checked on 1920x1080_g5_703_meters)
Gelo5 / project-owner/PeppyMeter.doc release 2024.03.02,1280x800,56G5_Advence,circular skin in Gelo5_1280x800.84skins.zip; folder(s): template/1280x800_Gelo5 00-99 Skin_400; template/1280x800_Gelo5 41-60 Skin_403,1098493,none stated in zip; hosting repo project-owner/PeppyMeter.doc is GPL-3.0 (LICENSE file); wiki states no terms for the skins,"Gelo5 - wiki: ""custom meters created by Grzegorz Pietrzak (user Gelo5 on Volumio forum)""; release uploaded by project-owner",,brand: Advance Acoustic (logo visible),visual #020 [LF] Advance Acoustic logo; product face (checked on 1280x800_g5_422_meters)
Gelo5 / project-owner/PeppyMeter.doc release 2024.03.02,1280x800,57G5_Unison Research,linear skin in Gelo5_1280x800.84skins.zip; folder(s): template/1280x800_Gelo5 00-99 Skin_400; template/1280x800_Gelo5 41-60 Skin_403,694113,none stated in zip; hosting repo project-owner/PeppyMeter.doc is GPL-3.0 (LICENSE file); wiki states no terms for the skins,"Gelo5 - wiki: ""custom meters created by Grzegorz Pietrzak (user Gelo5 on Volumio forum)""; release uploaded by project-owner",,brand: Unison Research (product face visible),visual #076 [F] Unison Research amplifier product photo; no legible logo (checked on 1920x1080_g5_705_meters)
Gelo5 / project-owner/PeppyMeter.doc release 2024.03.02,1280x800,58G5_TAPE orange,circular skin in Gelo5_1280x800.84skins.zip; folder(s): template/1280x800_Gelo5 00-99 Skin_400; template/1280x800_Gelo5 41-60 Skin_403,1006265,none stated in zip; hosting repo project-owner/PeppyMeter.doc is GPL-3.0 (LICENSE file); wiki states no terms for the skins,"Gelo5 - wiki: ""custom meters created by Grzegorz Pietrzak (user Gelo5 on Volumio forum)""; release uploaded by project-owner",,"brand: Volumio (logo visible, not in name)",visual #338 [F] reel-to-reel photo; large Volumio wordmark (checked on 1280x800_g5_422_meters)
Gelo5 / project-owner/PeppyMeter.doc release 2024.03.02,1280x800,59G5_Yamaha M85,linear skin in Gelo5_1280x800.84skins.zip; folder(s): template/1280x800_Gelo5 00-99 Skin_400; template/1280x800_Gelo5 41-60 Skin_403,1287019,none stated in zip; hosting repo project-owner/PeppyMeter.doc is GPL-3.0 (LICENSE file); wiki states no terms for the skins,"Gelo5 - wiki: ""custom meters created by Grzegorz Pietrzak (user Gelo5 on Volumio forum)""; release uploaded by project-owner",,brand: Yamaha (logo visible),visual #209 [LF] YAMAHA logos (small); M-85 product face (checked on 1920x1080_g5_703_meters)
Gelo5 / project-owner/PeppyMeter.doc release 2024.03.02,1280x800,60G5_Sound90,circular skin in Gelo5_1280x800.84skins.zip; folder(s): template/1280x800_Gelo5 00-99 Skin_400; template/1280x800_Gelo5 41-60 Skin_403,878848,none stated in zip; hosting repo project-owner/PeppyMeter.doc is GPL-3.0 (LICENSE file); wiki states no terms for the skins,"Gelo5 - wiki: ""custom meters created by Grzegorz Pietrzak (user Gelo5 on Volumio forum)""; release uploaded by project-owner",,generic,visual #241 [G]  (checked on 1920x1080_g5_705_meters)
Gelo5 / project-owner/PeppyMeter.doc release 2024.03.02,1280x800,61G5_Fire Rock,linear skin in Gelo5_1280x800.84skins.zip; folder(s): template/1280x800_Gelo5 00-99 Skin_400; template/1280x800_Gelo5 61-80 Skin_404,511684,none stated in zip; hosting repo project-owner/PeppyMeter.doc is GPL-3.0 (LICENSE file); wiki states no terms for the skins,"Gelo5 - wiki: ""custom meters created by Grzegorz Pietrzak (user Gelo5 on Volumio forum)""; release uploaded by project-owner",,"third-party IP/likeness: photographs of two rock guitarists (appear to be real performers; brand: Fender Stratocaster (product face visible, not in name)",visual #197 [P] photographs of two rock guitarists (appear to be real performers; identity not established here) and a Stratocaster-style guitar (checked on 1920x1080_g5_703_meters)
Gelo5 / project-owner/PeppyMeter.doc release 2024.03.02,1280x800,62G5_Burmaster,linear skin in Gelo5_1280x800.84skins.zip; folder(s): template/1280x800_Gelo5 00-99 Skin_400; template/1280x800_Gelo5 61-80 Skin_404,1081624,none stated in zip; hosting repo project-owner/PeppyMeter.doc is GPL-3.0 (LICENSE file); wiki states no terms for the skins,"Gelo5 - wiki: ""custom meters created by Grzegorz Pietrzak (user Gelo5 on Volumio forum)""; release uploaded by project-owner",,brand: Burmester (logo visible),visual #194 [LF] Burmester script logo; product face (checked on 1920x1080_g5_703_meters)
Gelo5 / project-owner/PeppyMeter.doc release 2024.03.02,1280x800,63G5_Violin,linear skin in Gelo5_1280x800.84skins.zip; folder(s): template/1280x800_Gelo5 00-99 Skin_400; template/1280x800_Gelo5 61-80 Skin_404,377061,none stated in zip; hosting repo project-owner/PeppyMeter.doc is GPL-3.0 (LICENSE file); wiki states no terms for the skins,"Gelo5 - wiki: ""custom meters created by Grzegorz Pietrzak (user Gelo5 on Volumio forum)""; release uploaded by project-owner",,generic,visual #207 [G]  (checked on 1920x1080_g5_703_meters)
Gelo5 / project-owner/PeppyMeter.doc release 2024.03.02,1280x800,64G5_Struder,circular skin in Gelo5_1280x800.84skins.zip; folder(s): template/1280x800_Gelo5 00-99 Skin_400; template/1280x800_Gelo5 61-80 Skin_404,1333710,none stated in zip; hosting repo project-owner/PeppyMeter.doc is GPL-3.0 (LICENSE file); wiki states no terms for the skins,"Gelo5 - wiki: ""custom meters created by Grzegorz Pietrzak (user Gelo5 on Volumio forum)""; release uploaded by project-owner",,brand: Studer (product face visible),visual #341 [F] Studer-style multitrack tape photo; logo not legible at preview scale (checked on 1280x800_g5_423_meters)
Gelo5 / project-owner/PeppyMeter.doc release 2024.03.02,1280x800,65G5_J37 Tape,circular skin in Gelo5_1280x800.84skins.zip; folder(s): template/1280x800_Gelo5 00-99 Skin_400; template/1280x800_Gelo5 61-80 Skin_404,918024,none stated in zip; hosting repo project-owner/PeppyMeter.doc is GPL-3.0 (LICENSE file); wiki states no terms for the skins,"Gelo5 - wiki: ""custom meters created by Grzegorz Pietrzak (user Gelo5 on Volumio forum)""; release uploaded by project-owner",,"brand: Waves/Abbey Road J37 (product face visible); Volumio (logo visible, not in name); Waves (product face visible, not in name)",visual #219 [LF] Waves/Abbey Road J37 tape plugin UI imitation; Volumio wordmark (checked on 1920x1080_g5_704_meters)
Gelo5 / project-owner/PeppyMeter.doc release 2024.03.02,1280x800,66G5_HelixOne,linear skin in Gelo5_1280x800.84skins.zip; folder(s): template/1280x800_Gelo5 00-99 Skin_400; template/1280x800_Gelo5 61-80 Skin_404,513031,none stated in zip; hosting repo project-owner/PeppyMeter.doc is GPL-3.0 (LICENSE file); wiki states no terms for the skins,"Gelo5 - wiki: ""custom meters created by Grzegorz Pietrzak (user Gelo5 on Volumio forum)""; release uploaded by project-owner",,"brand: HelixOne (?) (product face visible); Volumio (logo visible, not in name)",visual #199 [F] HelixOne turntable product photo; Volumio wordmark (checked on 1920x1080_g5_703_meters)
Gelo5 / project-owner/PeppyMeter.doc release 2024.03.02,1280x800,67G5_DAgostini,circular skin in Gelo5_1280x800.84skins.zip; folder(s): template/1280x800_Gelo5 00-99 Skin_400; template/1280x800_Gelo5 61-80 Skin_404,1385931,none stated in zip; hosting repo project-owner/PeppyMeter.doc is GPL-3.0 (LICENSE file); wiki states no terms for the skins,"Gelo5 - wiki: ""custom meters created by Grzegorz Pietrzak (user Gelo5 on Volumio forum)""; release uploaded by project-owner",,brand: Dan D'Agostino (logo visible),visual #215 [L] D'Agostino script logo on meter faces (checked on 1920x1080_g5_704_meters)
Gelo5 / project-owner/PeppyMeter.doc release 2024.03.02,1280x800,68G5_Reher Tube,linear skin in Gelo5_1280x800.84skins.zip; folder(s): template/1280x800_Gelo5 00-99 Skin_400; template/1280x800_Gelo5 61-80 Skin_404,2507738,none stated in zip; hosting repo project-owner/PeppyMeter.doc is GPL-3.0 (LICENSE file); wiki states no terms for the skins,"Gelo5 - wiki: ""custom meters created by Grzegorz Pietrzak (user Gelo5 on Volumio forum)""; release uploaded by project-owner",,"brand: Reher (?) (logo visible); Transitrol (?) (logo visible, not in name)","visual #340 [L] ""REHER"" wordmark and ""TRANSITROL"" on meter faces (checked on 1280x800_g5_423_meters)"
Gelo5 / project-owner/PeppyMeter.doc release 2024.03.02,1280x800,69G5_Boombox,linear skin in Gelo5_1280x800.84skins.zip; folder(s): template/1280x800_Gelo5 00-99 Skin_400; template/1280x800_Gelo5 61-80 Skin_404,1153043,none stated in zip; hosting repo project-owner/PeppyMeter.doc is GPL-3.0 (LICENSE file); wiki states no terms for the skins,"Gelo5 - wiki: ""custom meters created by Grzegorz Pietrzak (user Gelo5 on Volumio forum)""; release uploaded by project-owner",,"brand: Volumio (logo visible, not in name)",visual #213 [F] boombox photo; Volumio wordmark faint (checked on 1920x1080_g5_704_meters)
Gelo5 / project-owner/PeppyMeter.doc release 2024.03.02,1280x800,70G5_Nixi Pipe,circular skin in Gelo5_1280x800.84skins.zip; folder(s): template/1280x800_Gelo5 00-99 Skin_400; template/1280x800_Gelo5 61-80 Skin_404,1076539,none stated in zip; hosting repo project-owner/PeppyMeter.doc is GPL-3.0 (LICENSE file); wiki states no terms for the skins,"Gelo5 - wiki: ""custom meters created by Grzegorz Pietrzak (user Gelo5 on Volumio forum)""; release uploaded by project-owner",,"brand: Waves (logo visible, not in name)","visual #236 [L] ""WAVES"" logo on meter faces (checked on 1920x1080_g5_705_meters)"
Gelo5 / project-owner/PeppyMeter.doc release 2024.03.02,1280x800,71G5_Nixi Spectrum,linear skin in Gelo5_1280x800.84skins.zip; folder(s): template/1280x800_Gelo5 00-99 Skin_400; template/1280x800_Gelo5 61-80 Skin_404,1215444,none stated in zip; hosting repo project-owner/PeppyMeter.doc is GPL-3.0 (LICENSE file); wiki states no terms for the skins,"Gelo5 - wiki: ""custom meters created by Grzegorz Pietrzak (user Gelo5 on Volumio forum)""; release uploaded by project-owner",,generic,visual #339 [G]  (checked on 1280x800_g5_423_meters)
Gelo5 / project-owner/PeppyMeter.doc release 2024.03.02,1280x800,101G5_Free S+M,circular skin in Gelo5_1280x800.84skins.zip; folder(s): template/1280x800_Gelo5 Spec&Met_420,928233,none stated in zip; hosting repo project-owner/PeppyMeter.doc is GPL-3.0 (LICENSE file); wiki states no terms for the skins,"Gelo5 - wiki: ""custom meters created by Grzegorz Pietrzak (user Gelo5 on Volumio forum)""; release uploaded by project-owner",,generic,visual #328 [G]  (checked on 1920x1080_20g5)
Gelo5 / project-owner/PeppyMeter.doc release 2024.03.02,1280x800,102G5_Naim S+M,circular skin in Gelo5_1280x800.84skins.zip; folder(s): template/1280x800_Gelo5 Spec&Met_420,840437,none stated in zip; hosting repo project-owner/PeppyMeter.doc is GPL-3.0 (LICENSE file); wiki states no terms for the skins,"Gelo5 - wiki: ""custom meters created by Grzegorz Pietrzak (user Gelo5 on Volumio forum)""; release uploaded by project-owner",,brand: Naim (logo visible),visual #125 [L] Naim logo (checked on 1920x1080_20g5)
Gelo5 / project-owner/PeppyMeter.doc release 2024.03.02,1280x800,103G5_Marschal Spectrum,circular skin in Gelo5_1280x800.84skins.zip; folder(s): template/1280x800_Gelo5 Spec&Met_420,749768,none stated in zip; hosting repo project-owner/PeppyMeter.doc is GPL-3.0 (LICENSE file); wiki states no terms for the skins,"Gelo5 - wiki: ""custom meters created by Grzegorz Pietrzak (user Gelo5 on Volumio forum)""; release uploaded by project-owner",,brand: Marshall (logo visible),"visual #330 [LF] Marshall amplifier face, Marshall script logos (checked on 1920x1080_20g5)"
Gelo5 / project-owner/PeppyMeter.doc release 2024.03.02,1280x800,104G5_Lyngdorf S+M,circular skin in Gelo5_1280x800.84skins.zip; folder(s): template/1280x800_Gelo5 Spec&Met_420,656972,none stated in zip; hosting repo project-owner/PeppyMeter.doc is GPL-3.0 (LICENSE file); wiki states no terms for the skins,"Gelo5 - wiki: ""custom meters created by Grzegorz Pietrzak (user Gelo5 on Volumio forum)""; release uploaded by project-owner",,brand: Lyngdorf (product face visible),"visual #157 [F] Lyngdorf product faces; wordmark tiny, not legible at preview scale (checked on 1920x1080_20g5)"
Gelo5 / project-owner/PeppyMeter.doc release 2024.03.02,1280x800,105G5_Kenwood Spectrum,circular skin in Gelo5_1280x800.84skins.zip; folder(s): template/1280x800_Gelo5 Spec&Met_420,196769,none stated in zip; hosting repo project-owner/PeppyMeter.doc is GPL-3.0 (LICENSE file); wiki states no terms for the skins,"Gelo5 - wiki: ""custom meters created by Grzegorz Pietrzak (user Gelo5 on Volumio forum)""; release uploaded by project-owner",,brand: Kenwood (logo visible),"visual #121 [LF] ""KENWOOD STEREO GRAPHIC EQUALIZER KGC-700"" (checked on 1920x1080_20g5)"
Gelo5 / project-owner/PeppyMeter.doc release 2024.03.02,1280x800,106G5_OldPipe Spectrum,circular skin in Gelo5_1280x800.84skins.zip; folder(s): template/1280x800_Gelo5 Spec&Met_420,641347,none stated in zip; hosting repo project-owner/PeppyMeter.doc is GPL-3.0 (LICENSE file); wiki states no terms for the skins,"Gelo5 - wiki: ""custom meters created by Grzegorz Pietrzak (user Gelo5 on Volumio forum)""; release uploaded by project-owner",,generic,visual #331 [G]  (checked on 1920x1080_20g5)
Gelo5 / project-owner/PeppyMeter.doc release 2024.03.02,1280x800,107G5_Marantz S+M,circular skin in Gelo5_1280x800.84skins.zip; folder(s): template/1280x800_Gelo5 Spec&Met_420,480225,none stated in zip; hosting repo project-owner/PeppyMeter.doc is GPL-3.0 (LICENSE file); wiki states no terms for the skins,"Gelo5 - wiki: ""custom meters created by Grzegorz Pietrzak (user Gelo5 on Volumio forum)""; release uploaded by project-owner",,brand: Marantz (logo visible),visual #123 [LF] Marantz logo; product faces (checked on 1920x1080_20g5)
Gelo5 / project-owner/PeppyMeter.doc release 2024.03.02,1280x800,108G5_Kenwood Rev S+M,circular skin in Gelo5_1280x800.84skins.zip; folder(s): template/1280x800_Gelo5 Spec&Met_420,812274,none stated in zip; hosting repo project-owner/PeppyMeter.doc is GPL-3.0 (LICENSE file); wiki states no terms for the skins,"Gelo5 - wiki: ""custom meters created by Grzegorz Pietrzak (user Gelo5 on Volumio forum)""; release uploaded by project-owner",,brand: Kenwood (product face visible),visual #329 [F] Kenwood-style amplifier face; no legible logo (checked on 1280x800_g5_410_ms)
Gelo5 / project-owner/PeppyMeter.doc release 2024.03.02,1280x800,109G5_475A Oscil S+M,circular skin in Gelo5_1280x800.84skins.zip; folder(s): template/1280x800_Gelo5 Spec&Met_420,1225200,none stated in zip; hosting repo project-owner/PeppyMeter.doc is GPL-3.0 (LICENSE file); wiki states no terms for the skins,"Gelo5 - wiki: ""custom meters created by Grzegorz Pietrzak (user Gelo5 on Volumio forum)""; release uploaded by project-owner",,brand: Tektronix (product face visible),visual #327 [F] Tektronix 475A oscilloscope photo; logo not legible at preview scale (checked on 1280x800_g5_410_ms)
Gelo5 / project-owner/PeppyMeter.doc release 2024.03.02,1280x800,110G5_PeppyP S+M,circular skin in Gelo5_1280x800.84skins.zip; folder(s): template/1280x800_Gelo5 Spec&Met_420,829889,none stated in zip; hosting repo project-owner/PeppyMeter.doc is GPL-3.0 (LICENSE file); wiki states no terms for the skins,"Gelo5 - wiki: ""custom meters created by Grzegorz Pietrzak (user Gelo5 on Volumio forum)""; release uploaded by project-owner",,generic,visual #130 [G]  (checked on 1280x800_g5_410_ms)
Gelo5 / project-owner/PeppyMeter.doc release 2024.03.02,1280x800,111G5_Teletronix S+M,circular skin in Gelo5_1280x800.84skins.zip; folder(s): template/1280x800_Gelo5 Spec&Met_420,565223,none stated in zip; hosting repo project-owner/PeppyMeter.doc is GPL-3.0 (LICENSE file); wiki states no terms for the skins,"Gelo5 - wiki: ""custom meters created by Grzegorz Pietrzak (user Gelo5 on Volumio forum)""; release uploaded by project-owner",,brand: Teletronix (logo visible),"visual #134 [L] ""TELETRONIX ENGINEERING CO"" on meter faces (checked on 1280x800_g5_410_ms)"
Gelo5 / project-owner/PeppyMeter.doc release 2024.03.02,1280x800,112G5_KeySlight S+M,circular skin in Gelo5_1280x800.84skins.zip; folder(s): template/1280x800_Gelo5 Spec&Met_420,973377,none stated in zip; hosting repo project-owner/PeppyMeter.doc is GPL-3.0 (LICENSE file); wiki states no terms for the skins,"Gelo5 - wiki: ""custom meters created by Grzegorz Pietrzak (user Gelo5 on Volumio forum)""; release uploaded by project-owner",,"brand: Keysight (product face visible); Volumio (logo visible, not in name)",visual #122 [LF] Keysight analyser face imitation; Volumio wordmark (checked on 1280x800_g5_410_ms)
Gelo5 / project-owner/PeppyMeter.doc release 2024.03.02,1280x800,113G5_Old Spectrum S+M,circular skin in Gelo5_1280x800.84skins.zip; folder(s): template/1280x800_Gelo5 Spec&Met_420,1704163,none stated in zip; hosting repo project-owner/PeppyMeter.doc is GPL-3.0 (LICENSE file); wiki states no terms for the skins,"Gelo5 - wiki: ""custom meters created by Grzegorz Pietrzak (user Gelo5 on Volumio forum)""; release uploaded by project-owner",,generic,visual #158 [G]  (checked on 1280x800_g5_410_ms)
Gelo5 / project-owner/PeppyMeter.doc release 2024.03.02,1480x320,01G5_Accuphase,circular skin in Gelo5_1480x320.116skins.zip; folder(s): template/1480x320_Gelo5 00-99 Skin_500; template/1480x320_Gelo5 01-20 Skin_501,486727,none stated in zip; hosting repo project-owner/PeppyMeter.doc is GPL-3.0 (LICENSE file); wiki states no terms for the skins,"Gelo5 - wiki: ""custom meters created by Grzegorz Pietrzak (user Gelo5 on Volumio forum)""; release uploaded by project-owner",,"brand: Accuphase (logo visible); Volumio (logo visible, not in name)",visual #018 [LF] Accuphase logo on product face; also Volumio wordmark (checked on 1920x1080_g5_701_meters)
Gelo5 / project-owner/PeppyMeter.doc release 2024.03.02,1480x320,02G5_Accuphase Black,circular skin in Gelo5_1480x320.116skins.zip; folder(s): template/1480x320_Gelo5 00-99 Skin_500; template/1480x320_Gelo5 01-20 Skin_501,644617,none stated in zip; hosting repo project-owner/PeppyMeter.doc is GPL-3.0 (LICENSE file); wiki states no terms for the skins,"Gelo5 - wiki: ""custom meters created by Grzegorz Pietrzak (user Gelo5 on Volumio forum)""; release uploaded by project-owner",,brand: Accuphase (logo visible),visual #351 [LF] Accuphase logo (checked on 1480x320_g5_501_meters)
Gelo5 / project-owner/PeppyMeter.doc release 2024.03.02,1480x320,03G5_Advance X220,circular skin in Gelo5_1480x320.116skins.zip; folder(s): template/1480x320_Gelo5 00-99 Skin_500; template/1480x320_Gelo5 01-20 Skin_501,555190,none stated in zip; hosting repo project-owner/PeppyMeter.doc is GPL-3.0 (LICENSE file); wiki states no terms for the skins,"Gelo5 - wiki: ""custom meters created by Grzegorz Pietrzak (user Gelo5 on Volumio forum)""; release uploaded by project-owner",,brand: Advance Acoustic (logo visible),visual #352 [L] Advance Acoustic logos (checked on 1480x320_g5_501_meters)
Gelo5 / project-owner/PeppyMeter.doc release 2024.03.02,1480x320,04G5_Rose Single Line,linear skin in Gelo5_1480x320.116skins.zip; folder(s): template/1480x320_Gelo5 00-99 Skin_500; template/1480x320_Gelo5 01-20 Skin_501,512589,none stated in zip; hosting repo project-owner/PeppyMeter.doc is GPL-3.0 (LICENSE file); wiki states no terms for the skins,"Gelo5 - wiki: ""custom meters created by Grzegorz Pietrzak (user Gelo5 on Volumio forum)""; release uploaded by project-owner",,brand: HiFi Rose (name only),visual #356 [G]  (checked on 1480x320_g5_501_meters)
Gelo5 / project-owner/PeppyMeter.doc release 2024.03.02,1480x320,05G5_Audio Research,circular skin in Gelo5_1480x320.116skins.zip; folder(s): template/1480x320_Gelo5 00-99 Skin_500; template/1480x320_Gelo5 01-20 Skin_501,776450,none stated in zip; hosting repo project-owner/PeppyMeter.doc is GPL-3.0 (LICENSE file); wiki states no terms for the skins,"Gelo5 - wiki: ""custom meters created by Grzegorz Pietrzak (user Gelo5 on Volumio forum)""; release uploaded by project-owner",,brand: Audio Research (logo visible),"visual #039 [LF] Audio Research product face, audio research wordmark (checked on 1920x1080_g5_701_meters)"
Gelo5 / project-owner/PeppyMeter.doc release 2024.03.02,1480x320,06G5_Kenwood Rev,circular skin in Gelo5_1480x320.116skins.zip; folder(s): template/1480x320_Gelo5 00-99 Skin_500; template/1480x320_Gelo5 01-20 Skin_501,726461,none stated in zip; hosting repo project-owner/PeppyMeter.doc is GPL-3.0 (LICENSE file); wiki states no terms for the skins,"Gelo5 - wiki: ""custom meters created by Grzegorz Pietrzak (user Gelo5 on Volumio forum)""; release uploaded by project-owner",,brand: Kenwood (product face visible),visual #046 [F] Kenwood-style amplifier face; no legible logo (checked on 1280x800_g5_420_meters)
Gelo5 / project-owner/PeppyMeter.doc release 2024.03.02,1480x320,07G5_Kenwood Single,linear skin in Gelo5_1480x320.116skins.zip; folder(s): template/1480x320_Gelo5 00-99 Skin_500; template/1480x320_Gelo5 01-20 Skin_501,294830,none stated in zip; hosting repo project-owner/PeppyMeter.doc is GPL-3.0 (LICENSE file); wiki states no terms for the skins,"Gelo5 - wiki: ""custom meters created by Grzegorz Pietrzak (user Gelo5 on Volumio forum)""; release uploaded by project-owner",,brand: Kenwood (name only),visual #047 [G]  (checked on 1280x400_g5_202_meters)
Gelo5 / project-owner/PeppyMeter.doc release 2024.03.02,1480x320,08G5_Klanghelm,circular skin in Gelo5_1480x320.116skins.zip; folder(s): template/1480x320_Gelo5 00-99 Skin_500; template/1480x320_Gelo5 01-20 Skin_501,734694,none stated in zip; hosting repo project-owner/PeppyMeter.doc is GPL-3.0 (LICENSE file); wiki states no terms for the skins,"Gelo5 - wiki: ""custom meters created by Grzegorz Pietrzak (user Gelo5 on Volumio forum)""; release uploaded by project-owner",,"brand: Klanghelm (product face visible); Volumio (logo visible, not in name)",visual #048 [LF] Klanghelm VUMT plugin UI imitation; Volumio wordmark (checked on 1920x1080_g5_702_meters)
Gelo5 / project-owner/PeppyMeter.doc release 2024.03.02,1480x320,09G5_Klangheim Mojo,circular skin in Gelo5_1480x320.116skins.zip; folder(s): template/1480x320_Gelo5 00-99 Skin_500; template/1480x320_Gelo5 01-20 Skin_501,477008,none stated in zip; hosting repo project-owner/PeppyMeter.doc is GPL-3.0 (LICENSE file); wiki states no terms for the skins,"Gelo5 - wiki: ""custom meters created by Grzegorz Pietrzak (user Gelo5 on Volumio forum)""; release uploaded by project-owner",,brand: Klanghelm (logo visible),"visual #353 [LF] Klanghelm MJUC/""Mojo"" plugin UI imitation, Klanghelm script logo (checked on 1480x320_g5_501_meters)"
Gelo5 / project-owner/PeppyMeter.doc release 2024.03.02,1480x320,10G5_Krell KAS,circular skin in Gelo5_1480x320.116skins.zip; folder(s): template/1480x320_Gelo5 00-99 Skin_500; template/1480x320_Gelo5 01-20 Skin_501,867592,none stated in zip; hosting repo project-owner/PeppyMeter.doc is GPL-3.0 (LICENSE file); wiki states no terms for the skins,"Gelo5 - wiki: ""custom meters created by Grzegorz Pietrzak (user Gelo5 on Volumio forum)""; release uploaded by project-owner",,brand: Krell (logo visible),visual #022 [LF] Krell logo; product face (checked on 1280x400_g5_201_meters)
Gelo5 / project-owner/PeppyMeter.doc release 2024.03.02,1480x320,11G5_Line Magnetic,circular skin in Gelo5_1480x320.116skins.zip; folder(s): template/1480x320_Gelo5 00-99 Skin_500; template/1480x320_Gelo5 01-20 Skin_501,925372,none stated in zip; hosting repo project-owner/PeppyMeter.doc is GPL-3.0 (LICENSE file); wiki states no terms for the skins,"Gelo5 - wiki: ""custom meters created by Grzegorz Pietrzak (user Gelo5 on Volumio forum)""; release uploaded by project-owner",,brand: Line Magnetic (logo visible),"visual #091 [L] Line Magnetic logo, small (checked on 1280x400_g5_204_meters)"
Gelo5 / project-owner/PeppyMeter.doc release 2024.03.02,1480x320,12G5_Luxman,circular skin in Gelo5_1480x320.116skins.zip; folder(s): template/1480x320_Gelo5 00-99 Skin_500; template/1480x320_Gelo5 01-20 Skin_501,701484,none stated in zip; hosting repo project-owner/PeppyMeter.doc is GPL-3.0 (LICENSE file); wiki states no terms for the skins,"Gelo5 - wiki: ""custom meters created by Grzegorz Pietrzak (user Gelo5 on Volumio forum)""; release uploaded by project-owner",,brand: Luxman (logo visible),visual #023 [LF] Luxman logo; product face (checked on 1280x400_g5_201_meters)
Gelo5 / project-owner/PeppyMeter.doc release 2024.03.02,1480x320,13G5_McIntosh,circular skin in Gelo5_1480x320.116skins.zip; folder(s): template/1480x320_Gelo5 00-99 Skin_500; template/1480x320_Gelo5 01-20 Skin_501,317738,none stated in zip; hosting repo project-owner/PeppyMeter.doc is GPL-3.0 (LICENSE file); wiki states no terms for the skins,"Gelo5 - wiki: ""custom meters created by Grzegorz Pietrzak (user Gelo5 on Volumio forum)""; release uploaded by project-owner",,"brand: McIntosh (logo visible); Volumio (logo visible, not in name)",visual #024 [LF] McIntosh logo; product face; Volumio wordmark (checked on 1920x1080_g5_701_meters)
Gelo5 / project-owner/PeppyMeter.doc release 2024.03.02,1480x320,14G5_McIntosh RED,circular skin in Gelo5_1480x320.116skins.zip; folder(s): template/1480x320_Gelo5 00-99 Skin_500; template/1480x320_Gelo5 01-20 Skin_501,232964,none stated in zip; hosting repo project-owner/PeppyMeter.doc is GPL-3.0 (LICENSE file); wiki states no terms for the skins,"Gelo5 - wiki: ""custom meters created by Grzegorz Pietrzak (user Gelo5 on Volumio forum)""; release uploaded by project-owner",,brand: McIntosh (product face visible),visual #355 [F] McIntosh-style meters (red); no legible logo (checked on 1480x320_g5_501_meters)
Gelo5 / project-owner/PeppyMeter.doc release 2024.03.02,1480x320,15G5_McIntosh Mono,circular skin in Gelo5_1480x320.116skins.zip; folder(s): template/1480x320_Gelo5 00-99 Skin_500; template/1480x320_Gelo5 01-20 Skin_501,527877,none stated in zip; hosting repo project-owner/PeppyMeter.doc is GPL-3.0 (LICENSE file); wiki states no terms for the skins,"Gelo5 - wiki: ""custom meters created by Grzegorz Pietrzak (user Gelo5 on Volumio forum)""; release uploaded by project-owner",,brand: McIntosh (product face visible),visual #354 [F] McIntosh-style blue meter; no legible logo (checked on 1480x320_g5_501_meters)
Gelo5 / project-owner/PeppyMeter.doc release 2024.03.02,1480x320,16G5_Naim,circular skin in Gelo5_1480x320.116skins.zip; folder(s): template/1480x320_Gelo5 00-99 Skin_500; template/1480x320_Gelo5 01-20 Skin_501,365137,none stated in zip; hosting repo project-owner/PeppyMeter.doc is GPL-3.0 (LICENSE file); wiki states no terms for the skins,"Gelo5 - wiki: ""custom meters created by Grzegorz Pietrzak (user Gelo5 on Volumio forum)""; release uploaded by project-owner",,brand: Naim (logo visible),visual #025 [L] Naim logo (checked on 1280x400_g5_201_meters)
Gelo5 / project-owner/PeppyMeter.doc release 2024.03.02,1480x320,17G5_Technics,circular skin in Gelo5_1480x320.116skins.zip; folder(s): template/1480x320_Gelo5 00-99 Skin_500; template/1480x320_Gelo5 01-20 Skin_501,406469,none stated in zip; hosting repo project-owner/PeppyMeter.doc is GPL-3.0 (LICENSE file); wiki states no terms for the skins,"Gelo5 - wiki: ""custom meters created by Grzegorz Pietrzak (user Gelo5 on Volumio forum)""; release uploaded by project-owner",,brand: Technics (product face visible),visual #145 [F] Technics SU-R1000 amplifier face; logo not legible at preview scale (checked on 1280x400_technics_SUR1000)
Gelo5 / project-owner/PeppyMeter.doc release 2024.03.02,1480x320,18G5_Technics Black,circular skin in Gelo5_1480x320.116skins.zip; folder(s): template/1480x320_Gelo5 00-99 Skin_500; template/1480x320_Gelo5 01-20 Skin_501,388948,none stated in zip; hosting repo project-owner/PeppyMeter.doc is GPL-3.0 (LICENSE file); wiki states no terms for the skins,"Gelo5 - wiki: ""custom meters created by Grzegorz Pietrzak (user Gelo5 on Volumio forum)""; release uploaded by project-owner",,brand: Technics (name only),visual #030 [N] no legible logo at preview scale (checked on 1280x400_g5_201_meters)
Gelo5 / project-owner/PeppyMeter.doc release 2024.03.02,1480x320,19G5_T+A 3000HV,circular skin in Gelo5_1480x320.116skins.zip; folder(s): template/1480x320_Gelo5 00-99 Skin_500; template/1480x320_Gelo5 01-20 Skin_501,630430,none stated in zip; hosting repo project-owner/PeppyMeter.doc is GPL-3.0 (LICENSE file); wiki states no terms for the skins,"Gelo5 - wiki: ""custom meters created by Grzegorz Pietrzak (user Gelo5 on Volumio forum)""; release uploaded by project-owner",,brand: T+A (logo visible),visual #029 [L] T+A logo (checked on 1280x400_g5_201_meters)
Gelo5 / project-owner/PeppyMeter.doc release 2024.03.02,1480x320,20G5_Turntable Black,circular skin in Gelo5_1480x320.116skins.zip; folder(s): template/1480x320_Gelo5 00-99 Skin_500; template/1480x320_Gelo5 01-20 Skin_501,468491,none stated in zip; hosting repo project-owner/PeppyMeter.doc is GPL-3.0 (LICENSE file); wiki states no terms for the skins,"Gelo5 - wiki: ""custom meters created by Grzegorz Pietrzak (user Gelo5 on Volumio forum)""; release uploaded by project-owner",,"generic (real product photo, maker not identified)",visual #357 [F] turntable photo; no legible logo (checked on 1480x320_g5_501_meters)
Gelo5 / project-owner/PeppyMeter.doc release 2024.03.02,1480x320,21G5_BlackBlur Vertical,circular skin in Gelo5_1480x320.116skins.zip; folder(s): template/1480x320_Gelo5 00-99 Skin_500; template/1480x320_Gelo5 21-40 Skin_502,518059,none stated in zip; hosting repo project-owner/PeppyMeter.doc is GPL-3.0 (LICENSE file); wiki states no terms for the skins,"Gelo5 - wiki: ""custom meters created by Grzegorz Pietrzak (user Gelo5 on Volumio forum)""; release uploaded by project-owner",,"brand: Volumio (logo visible, not in name)",visual #358 [L] Volumio wordmark on meter faces (checked on 1480x320_g5_502_meters)
Gelo5 / project-owner/PeppyMeter.doc release 2024.03.02,1480x320,22G5_BlackBlur,circular skin in Gelo5_1480x320.116skins.zip; folder(s): template/1480x320_Gelo5 00-99 Skin_500; template/1480x320_Gelo5 21-40 Skin_502,775258,none stated in zip; hosting repo project-owner/PeppyMeter.doc is GPL-3.0 (LICENSE file); wiki states no terms for the skins,"Gelo5 - wiki: ""custom meters created by Grzegorz Pietrzak (user Gelo5 on Volumio forum)""; release uploaded by project-owner",,generic,visual #040 [G]  (checked on 1920x1080_g5_705_meters)
Gelo5 / project-owner/PeppyMeter.doc release 2024.03.02,1480x320,23G5_BOSS Red,circular skin in Gelo5_1480x320.116skins.zip; folder(s): template/1480x320_Gelo5 00-99 Skin_500; template/1480x320_Gelo5 21-40 Skin_502,931034,none stated in zip; hosting repo project-owner/PeppyMeter.doc is GPL-3.0 (LICENSE file); wiki states no terms for the skins,"Gelo5 - wiki: ""custom meters created by Grzegorz Pietrzak (user Gelo5 on Volumio forum)""; release uploaded by project-owner",,brand: BOSS (logo visible),"visual #360 [L] ""BOSS"" on tuner faces (faint) (checked on 1480x320_g5_502_meters)"
Gelo5 / project-owner/PeppyMeter.doc release 2024.03.02,1480x320,24G5_BOSS Orange,circular skin in Gelo5_1480x320.116skins.zip; folder(s): template/1480x320_Gelo5 00-99 Skin_500; template/1480x320_Gelo5 21-40 Skin_502,988749,none stated in zip; hosting repo project-owner/PeppyMeter.doc is GPL-3.0 (LICENSE file); wiki states no terms for the skins,"Gelo5 - wiki: ""custom meters created by Grzegorz Pietrzak (user Gelo5 on Volumio forum)""; release uploaded by project-owner",,brand: BOSS (logo visible),"visual #099 [L] ""BOSS"" on tuner faces (faint) (checked on 1280x400_g5_205_meters)"
Gelo5 / project-owner/PeppyMeter.doc release 2024.03.02,1480x320,25G5_BOSS green,circular skin in Gelo5_1480x320.116skins.zip; folder(s): template/1480x320_Gelo5 00-99 Skin_500; template/1480x320_Gelo5 21-40 Skin_502,961664,none stated in zip; hosting repo project-owner/PeppyMeter.doc is GPL-3.0 (LICENSE file); wiki states no terms for the skins,"Gelo5 - wiki: ""custom meters created by Grzegorz Pietrzak (user Gelo5 on Volumio forum)""; release uploaded by project-owner",,brand: BOSS (logo visible),"visual #359 [L] ""BOSS"" on tuner faces (faint) (checked on 1480x320_g5_502_meters)"
Gelo5 / project-owner/PeppyMeter.doc release 2024.03.02,1480x320,26G5_Caltec,circular skin in Gelo5_1480x320.116skins.zip; folder(s): template/1480x320_Gelo5 00-99 Skin_500; template/1480x320_Gelo5 21-40 Skin_502,414934,none stated in zip; hosting repo project-owner/PeppyMeter.doc is GPL-3.0 (LICENSE file); wiki states no terms for the skins,"Gelo5 - wiki: ""custom meters created by Grzegorz Pietrzak (user Gelo5 on Volumio forum)""; release uploaded by project-owner",,brand: Altec (logo visible),"visual #043 [L] ""CALTECC"" printed on meter face (checked on 1280x400_g5_202_meters)"
Gelo5 / project-owner/PeppyMeter.doc release 2024.03.02,1480x320,27G5_Dark Spotify,circular skin in Gelo5_1480x320.116skins.zip; folder(s): template/1480x320_Gelo5 00-99 Skin_500; template/1480x320_Gelo5 21-40 Skin_502,628379,none stated in zip; hosting repo project-owner/PeppyMeter.doc is GPL-3.0 (LICENSE file); wiki states no terms for the skins,"Gelo5 - wiki: ""custom meters created by Grzegorz Pietrzak (user Gelo5 on Volumio forum)""; release uploaded by project-owner",,brand: Spotify (name only),visual #216 [G]  (checked on 1920x1080_g5_704_meters)
Gelo5 / project-owner/PeppyMeter.doc release 2024.03.02,1480x320,28G5_Magnetcord,circular skin in Gelo5_1480x320.116skins.zip; folder(s): template/1480x320_Gelo5 00-99 Skin_500; template/1480x320_Gelo5 21-40 Skin_502,778510,none stated in zip; hosting repo project-owner/PeppyMeter.doc is GPL-3.0 (LICENSE file); wiki states no terms for the skins,"Gelo5 - wiki: ""custom meters created by Grzegorz Pietrzak (user Gelo5 on Volumio forum)""; release uploaded by project-owner",,brand: Magnecord (logo visible),visual #049 [L] Magnecord script logo on meter faces (checked on 1280x400_g5_202_meters)
Gelo5 / project-owner/PeppyMeter.doc release 2024.03.02,1480x320,29G5_PioneerCT LED,linear skin in Gelo5_1480x320.116skins.zip; folder(s): template/1480x320_Gelo5 00-99 Skin_500; template/1480x320_Gelo5 21-40 Skin_502,632757,none stated in zip; hosting repo project-owner/PeppyMeter.doc is GPL-3.0 (LICENSE file); wiki states no terms for the skins,"Gelo5 - wiki: ""custom meters created by Grzegorz Pietrzak (user Gelo5 on Volumio forum)""; release uploaded by project-owner",,brand: Pioneer (product face visible),"visual #365 [LF] Pioneer cassette deck photo, PIONEER small (checked on 1480x320_g5_502_meters)"
Gelo5 / project-owner/PeppyMeter.doc release 2024.03.02,1480x320,30G5_Rehringer,circular skin in Gelo5_1480x320.116skins.zip; folder(s): template/1480x320_Gelo5 00-99 Skin_500; template/1480x320_Gelo5 21-40 Skin_502,967042,none stated in zip; hosting repo project-owner/PeppyMeter.doc is GPL-3.0 (LICENSE file); wiki states no terms for the skins,"Gelo5 - wiki: ""custom meters created by Grzegorz Pietrzak (user Gelo5 on Volumio forum)""; release uploaded by project-owner",,"brand: Behringer (parody ""Rehringer"") (logo visible)","visual #223 [L] ""REHRINGER"" (Behringer parody) and ""MODEL BX-VU"" on meter faces (checked on 1920x1080_g5_704_meters)"
Gelo5 / project-owner/PeppyMeter.doc release 2024.03.02,1480x320,31G5_Sansui,linear skin in Gelo5_1480x320.116skins.zip; folder(s): template/1480x320_Gelo5 00-99 Skin_500; template/1480x320_Gelo5 21-40 Skin_502,554217,none stated in zip; hosting repo project-owner/PeppyMeter.doc is GPL-3.0 (LICENSE file); wiki states no terms for the skins,"Gelo5 - wiki: ""custom meters created by Grzegorz Pietrzak (user Gelo5 on Volumio forum)""; release uploaded by project-owner",,"brand: Sansui (logo visible); Volumio (logo visible, not in name)",visual #074 [LF] Sansui logo; product face; Volumio wordmark (checked on 1920x1080_g5_703_meters)
Gelo5 / project-owner/PeppyMeter.doc release 2024.03.02,1480x320,32G5_Sansui Vertical,linear skin in Gelo5_1480x320.116skins.zip; folder(s): template/1480x320_Gelo5 00-99 Skin_500; template/1480x320_Gelo5 21-40 Skin_502,488474,none stated in zip; hosting repo project-owner/PeppyMeter.doc is GPL-3.0 (LICENSE file); wiki states no terms for the skins,"Gelo5 - wiki: ""custom meters created by Grzegorz Pietrzak (user Gelo5 on Volumio forum)""; release uploaded by project-owner",,brand: Sansui (product face visible),visual #366 [F] Sansui-style faces; logo not legible at preview scale (checked on 1480x320_g5_502_meters)
Gelo5 / project-owner/PeppyMeter.doc release 2024.03.02,1480x320,33G5_Sony TA-N77,circular skin in Gelo5_1480x320.116skins.zip; folder(s): template/1480x320_Gelo5 00-99 Skin_500; template/1480x320_Gelo5 21-40 Skin_502,978507,none stated in zip; hosting repo project-owner/PeppyMeter.doc is GPL-3.0 (LICENSE file); wiki states no terms for the skins,"Gelo5 - wiki: ""custom meters created by Grzegorz Pietrzak (user Gelo5 on Volumio forum)""; release uploaded by project-owner",,brand: Sony (logo visible),"visual #028 [LF] Sony logo, TA-N77ES; product face (checked on 1920x1080_g5_705_meters)"
Gelo5 / project-owner/PeppyMeter.doc release 2024.03.02,1480x320,34G5_Yamaha MX2000,circular skin in Gelo5_1480x320.116skins.zip; folder(s): template/1480x320_Gelo5 00-99 Skin_500; template/1480x320_Gelo5 21-40 Skin_502,574255,none stated in zip; hosting repo project-owner/PeppyMeter.doc is GPL-3.0 (LICENSE file); wiki states no terms for the skins,"Gelo5 - wiki: ""custom meters created by Grzegorz Pietrzak (user Gelo5 on Volumio forum)""; release uploaded by project-owner",,brand: Yamaha (product face visible),visual #114 [F] Yamaha MX-2000 product face; logo not legible at preview scale (checked on 1280x400_g5_205_meters)
Gelo5 / project-owner/PeppyMeter.doc release 2024.03.02,1480x320,35G5_Gemonti,linear skin in Gelo5_1480x320.116skins.zip; folder(s): template/1480x320_Gelo5 00-99 Skin_500; template/1480x320_Gelo5 21-40 Skin_502,677474,none stated in zip; hosting repo project-owner/PeppyMeter.doc is GPL-3.0 (LICENSE file); wiki states no terms for the skins,"Gelo5 - wiki: ""custom meters created by Grzegorz Pietrzak (user Gelo5 on Volumio forum)""; release uploaded by project-owner",,brand: Gemonti (?) (logo visible),"visual #363 [L] ""GEMONTI"" on meter faces (checked on 1480x320_g5_502_meters)"
Gelo5 / project-owner/PeppyMeter.doc release 2024.03.02,1480x320,36G5_Dorrought,linear skin in Gelo5_1480x320.116skins.zip; folder(s): template/1480x320_Gelo5 00-99 Skin_500; template/1480x320_Gelo5 21-40 Skin_502,177648,none stated in zip; hosting repo project-owner/PeppyMeter.doc is GPL-3.0 (LICENSE file); wiki states no terms for the skins,"Gelo5 - wiki: ""custom meters created by Grzegorz Pietrzak (user Gelo5 on Volumio forum)""; release uploaded by project-owner",,brand: Dorrough (logo visible),"visual #361 [L] Dorrough logos, ""MODEL 40-A2"" (checked on 1480x320_g5_502_meters)"
Gelo5 / project-owner/PeppyMeter.doc release 2024.03.02,1480x320,37G5_Eversolo,linear skin in Gelo5_1480x320.116skins.zip; folder(s): template/1480x320_Gelo5 00-99 Skin_500; template/1480x320_Gelo5 21-40 Skin_502,183439,none stated in zip; hosting repo project-owner/PeppyMeter.doc is GPL-3.0 (LICENSE file); wiki states no terms for the skins,"Gelo5 - wiki: ""custom meters created by Grzegorz Pietrzak (user Gelo5 on Volumio forum)""; release uploaded by project-owner",,brand: Eversolo (product face visible),visual #362 [F] Eversolo DMP-A6 face; small logo (checked on 1480x320_g5_502_meters)
Gelo5 / project-owner/PeppyMeter.doc release 2024.03.02,1480x320,38G5_Modern VU,linear skin in Gelo5_1480x320.116skins.zip; folder(s): template/1480x320_Gelo5 00-99 Skin_500; template/1480x320_Gelo5 21-40 Skin_502,68376,none stated in zip; hosting repo project-owner/PeppyMeter.doc is GPL-3.0 (LICENSE file); wiki states no terms for the skins,"Gelo5 - wiki: ""custom meters created by Grzegorz Pietrzak (user Gelo5 on Volumio forum)""; release uploaded by project-owner",,generic,visual #364 [G]  (checked on 1480x320_g5_502_meters)
Gelo5 / project-owner/PeppyMeter.doc release 2024.03.02,1480x320,39G5_Marantz CD,linear skin in Gelo5_1480x320.116skins.zip; folder(s): template/1480x320_Gelo5 00-99 Skin_500; template/1480x320_Gelo5 21-40 Skin_502,408755,none stated in zip; hosting repo project-owner/PeppyMeter.doc is GPL-3.0 (LICENSE file); wiki states no terms for the skins,"Gelo5 - wiki: ""custom meters created by Grzegorz Pietrzak (user Gelo5 on Volumio forum)""; release uploaded by project-owner",,brand: Marantz (logo visible),visual #069 [LF] Marantz wordmark; product face (checked on 1920x1080_g5_703_meters)
Gelo5 / project-owner/PeppyMeter.doc release 2024.03.02,1480x320,40G5_Brianworks,circular skin in Gelo5_1480x320.116skins.zip; folder(s): template/1480x320_Gelo5 00-99 Skin_500; template/1480x320_Gelo5 21-40 Skin_502,946322,none stated in zip; hosting repo project-owner/PeppyMeter.doc is GPL-3.0 (LICENSE file); wiki states no terms for the skins,"Gelo5 - wiki: ""custom meters created by Grzegorz Pietrzak (user Gelo5 on Volumio forum)""; release uploaded by project-owner",,"brand: Brainworx (logo visible); Volumio (logo visible, not in name)","visual #214 [L] ""BRAINWORX"" logo on meter faces; Volumio wordmark (checked on 1920x1080_g5_704_meters)"
Gelo5 / project-owner/PeppyMeter.doc release 2024.03.02,1480x320,41G5_Lush Only,circular skin in Gelo5_1480x320.116skins.zip; folder(s): template/1480x320_Gelo5 00-99 Skin_500; template/1480x320_Gelo5 41-60 Skin_503,533102,none stated in zip; hosting repo project-owner/PeppyMeter.doc is GPL-3.0 (LICENSE file); wiki states no terms for the skins,"Gelo5 - wiki: ""custom meters created by Grzegorz Pietrzak (user Gelo5 on Volumio forum)""; release uploaded by project-owner",,"brand: Lush Vox (?) (logo visible, not in name)","visual #373 [L] ""LUSH VOX"" / ""GAUGE PRECISION INSTRUMENTS"" (plugin-style face) (checked on 1480x320_g5_503_meters)"
Gelo5 / project-owner/PeppyMeter.doc release 2024.03.02,1480x320,42G5_Sansui Green_ONLY meters,circular skin in Gelo5_1480x320.116skins.zip; folder(s): template/1480x320_Gelo5 00-99 Skin_500; template/1480x320_Gelo5 41-60 Skin_503,618518,none stated in zip; hosting repo project-owner/PeppyMeter.doc is GPL-3.0 (LICENSE file); wiki states no terms for the skins,"Gelo5 - wiki: ""custom meters created by Grzegorz Pietrzak (user Gelo5 on Volumio forum)""; release uploaded by project-owner",,brand: Sansui (logo visible),visual #377 [L] Sansui script logo on meter faces (checked on 1480x320_g5_503_meters)
Gelo5 / project-owner/PeppyMeter.doc release 2024.03.02,1480x320,43G5_Goldtech,circular skin in Gelo5_1480x320.116skins.zip; folder(s): template/1480x320_Gelo5 00-99 Skin_500; template/1480x320_Gelo5 41-60 Skin_503,111652,none stated in zip; hosting repo project-owner/PeppyMeter.doc is GPL-3.0 (LICENSE file); wiki states no terms for the skins,"Gelo5 - wiki: ""custom meters created by Grzegorz Pietrzak (user Gelo5 on Volumio forum)""; release uploaded by project-owner",,"brand: Technics (product face visible, not in name)",visual #486 [F] Technics-style gold meter face; no legible logo (checked on Gelo5_1480x320.116skins)
Gelo5 / project-owner/PeppyMeter.doc release 2024.03.02,1480x320,44G5_Dorrought only meters,linear skin in Gelo5_1480x320.116skins.zip; folder(s): template/1480x320_Gelo5 00-99 Skin_500; template/1480x320_Gelo5 41-60 Skin_503,334006,none stated in zip; hosting repo project-owner/PeppyMeter.doc is GPL-3.0 (LICENSE file); wiki states no terms for the skins,"Gelo5 - wiki: ""custom meters created by Grzegorz Pietrzak (user Gelo5 on Volumio forum)""; release uploaded by project-owner",,brand: Dorrough (logo visible),"visual #370 [L] Dorrough logo, ""MODEL 280-D USA"" (checked on 1480x320_g5_503_meters)"
Gelo5 / project-owner/PeppyMeter.doc release 2024.03.02,1480x320,45G5_Eher only meters,linear skin in Gelo5_1480x320.116skins.zip; folder(s): template/1480x320_Gelo5 00-99 Skin_500; template/1480x320_Gelo5 41-60 Skin_503,1206778,none stated in zip; hosting repo project-owner/PeppyMeter.doc is GPL-3.0 (LICENSE file); wiki states no terms for the skins,"Gelo5 - wiki: ""custom meters created by Grzegorz Pietrzak (user Gelo5 on Volumio forum)""; release uploaded by project-owner",,"brand: Reher (?) (logo visible, not in name); Transitrol (?) (logo visible, not in name)","visual #371 [L] ""REHER""/""TRANSITROL"" wordmarks on meter faces (checked on 1480x320_g5_503_meters)"
Gelo5 / project-owner/PeppyMeter.doc release 2024.03.02,1480x320,46G5_DF202,circular skin in Gelo5_1480x320.116skins.zip; folder(s): template/1480x320_Gelo5 00-99 Skin_500; template/1480x320_Gelo5 41-60 Skin_503,794479,none stated in zip; hosting repo project-owner/PeppyMeter.doc is GPL-3.0 (LICENSE file); wiki states no terms for the skins,"Gelo5 - wiki: ""custom meters created by Grzegorz Pietrzak (user Gelo5 on Volumio forum)""; release uploaded by project-owner",,generic,visual #485 [G]  (checked on Gelo5_1480x320.116skins)
Gelo5 / project-owner/PeppyMeter.doc release 2024.03.02,1480x320,47G5_Gemonti only meters,linear skin in Gelo5_1480x320.116skins.zip; folder(s): template/1480x320_Gelo5 00-99 Skin_500; template/1480x320_Gelo5 41-60 Skin_503,551288,none stated in zip; hosting repo project-owner/PeppyMeter.doc is GPL-3.0 (LICENSE file); wiki states no terms for the skins,"Gelo5 - wiki: ""custom meters created by Grzegorz Pietrzak (user Gelo5 on Volumio forum)""; release uploaded by project-owner",,brand: Gemonti (?) (logo visible),"visual #086 [L] ""GEMONTI"" on meter faces (checked on 1280x400_g5_204_meters)"
Gelo5 / project-owner/PeppyMeter.doc release 2024.03.02,1480x320,48G5_Mountain only meters,circular skin in Gelo5_1480x320.116skins.zip; folder(s): template/1480x320_Gelo5 00-99 Skin_500; template/1480x320_Gelo5 41-60 Skin_503,582918,none stated in zip; hosting repo project-owner/PeppyMeter.doc is GPL-3.0 (LICENSE file); wiki states no terms for the skins,"Gelo5 - wiki: ""custom meters created by Grzegorz Pietrzak (user Gelo5 on Volumio forum)""; release uploaded by project-owner",,generic,visual #375 [G]  (checked on 1480x320_g5_503_meters)
Gelo5 / project-owner/PeppyMeter.doc release 2024.03.02,1480x320,49G5_Deviation Only,circular skin in Gelo5_1480x320.116skins.zip; folder(s): template/1480x320_Gelo5 00-99 Skin_500; template/1480x320_Gelo5 41-60 Skin_503,383935,none stated in zip; hosting repo project-owner/PeppyMeter.doc is GPL-3.0 (LICENSE file); wiki states no terms for the skins,"Gelo5 - wiki: ""custom meters created by Grzegorz Pietrzak (user Gelo5 on Volumio forum)""; release uploaded by project-owner",,generic,visual #084 [G]  (checked on 1280x400_g5_204_meters)
Gelo5 / project-owner/PeppyMeter.doc release 2024.03.02,1480x320,50G5_Caltec only meters,circular skin in Gelo5_1480x320.116skins.zip; folder(s): template/1480x320_Gelo5 00-99 Skin_500; template/1480x320_Gelo5 41-60 Skin_503,104500,none stated in zip; hosting repo project-owner/PeppyMeter.doc is GPL-3.0 (LICENSE file); wiki states no terms for the skins,"Gelo5 - wiki: ""custom meters created by Grzegorz Pietrzak (user Gelo5 on Volumio forum)""; release uploaded by project-owner",,brand: Altec (logo visible),"visual #367 [L] ""ALTEC"" on meter faces (checked on 1480x320_g5_503_meters)"
Gelo5 / project-owner/PeppyMeter.doc release 2024.03.02,1480x320,51G5_CaltecRED only meters,circular skin in Gelo5_1480x320.116skins.zip; folder(s): template/1480x320_Gelo5 00-99 Skin_500; template/1480x320_Gelo5 41-60 Skin_503,73312,none stated in zip; hosting repo project-owner/PeppyMeter.doc is GPL-3.0 (LICENSE file); wiki states no terms for the skins,"Gelo5 - wiki: ""custom meters created by Grzegorz Pietrzak (user Gelo5 on Volumio forum)""; release uploaded by project-owner",,brand: Altec (logo visible),"visual #368 [L] ""ALTEC"" on meter faces (checked on 1480x320_g5_503_meters)"
Gelo5 / project-owner/PeppyMeter.doc release 2024.03.02,1480x320,52G5_PeakLevel,linear skin in Gelo5_1480x320.116skins.zip; folder(s): template/1480x320_Gelo5 00-99 Skin_500; template/1480x320_Gelo5 41-60 Skin_503,102922,none stated in zip; hosting repo project-owner/PeppyMeter.doc is GPL-3.0 (LICENSE file); wiki states no terms for the skins,"Gelo5 - wiki: ""custom meters created by Grzegorz Pietrzak (user Gelo5 on Volumio forum)""; release uploaded by project-owner",,generic,visual #487 [G]  (checked on Gelo5_1480x320.116skins)
Gelo5 / project-owner/PeppyMeter.doc release 2024.03.02,1480x320,53G5_Signal only meters,circular skin in Gelo5_1480x320.116skins.zip; folder(s): template/1480x320_Gelo5 00-99 Skin_500; template/1480x320_Gelo5 41-60 Skin_503,248643,none stated in zip; hosting repo project-owner/PeppyMeter.doc is GPL-3.0 (LICENSE file); wiki states no terms for the skins,"Gelo5 - wiki: ""custom meters created by Grzegorz Pietrzak (user Gelo5 on Volumio forum)""; release uploaded by project-owner",,generic,visual #378 [G]  (checked on 1480x320_g5_503_meters)
Gelo5 / project-owner/PeppyMeter.doc release 2024.03.02,1480x320,54G5_Tonnica,circular skin in Gelo5_1480x320.116skins.zip; folder(s): template/1480x320_Gelo5 00-99 Skin_500; template/1480x320_Gelo5 41-60 Skin_503,572395,none stated in zip; hosting repo project-owner/PeppyMeter.doc is GPL-3.0 (LICENSE file); wiki states no terms for the skins,"Gelo5 - wiki: ""custom meters created by Grzegorz Pietrzak (user Gelo5 on Volumio forum)""; release uploaded by project-owner",,generic,visual #380 [N] emblem on face; maker unclear (checked on 1480x320_g5_503_meters)
Gelo5 / project-owner/PeppyMeter.doc release 2024.03.02,1480x320,55G5_Marshall,linear skin in Gelo5_1480x320.116skins.zip; folder(s): template/1480x320_Gelo5 00-99 Skin_500; template/1480x320_Gelo5 41-60 Skin_503,473450,none stated in zip; hosting repo project-owner/PeppyMeter.doc is GPL-3.0 (LICENSE file); wiki states no terms for the skins,"Gelo5 - wiki: ""custom meters created by Grzegorz Pietrzak (user Gelo5 on Volumio forum)""; release uploaded by project-owner",,brand: Marshall (logo visible),"visual #374 [LF] Marshall amplifier face, Marshall logo small (checked on 1480x320_g5_503_meters)"
Gelo5 / project-owner/PeppyMeter.doc release 2024.03.02,1480x320,56G5_Nixie Spectrum,linear skin in Gelo5_1480x320.116skins.zip; folder(s): template/1480x320_Gelo5 00-99 Skin_500; template/1480x320_Gelo5 41-60 Skin_503,383162,none stated in zip; hosting repo project-owner/PeppyMeter.doc is GPL-3.0 (LICENSE file); wiki states no terms for the skins,"Gelo5 - wiki: ""custom meters created by Grzegorz Pietrzak (user Gelo5 on Volumio forum)""; release uploaded by project-owner",,generic,visual #127 [G]  (checked on 1280x400_g5_210_ms)
Gelo5 / project-owner/PeppyMeter.doc release 2024.03.02,1480x320,57G5_SG ONLY meters,circular skin in Gelo5_1480x320.116skins.zip; folder(s): template/1480x320_Gelo5 00-99 Skin_500; template/1480x320_Gelo5 41-60 Skin_503,136475,none stated in zip; hosting repo project-owner/PeppyMeter.doc is GPL-3.0 (LICENSE file); wiki states no terms for the skins,"Gelo5 - wiki: ""custom meters created by Grzegorz Pietrzak (user Gelo5 on Volumio forum)""; release uploaded by project-owner",,brand: SG (?) (logo visible),"visual #107 [L] ""SG"" logo on meter faces (maker unclear) (checked on 1280x400_g5_205_meters)"
Gelo5 / project-owner/PeppyMeter.doc release 2024.03.02,1480x320,58G5_Denon only meters,circular skin in Gelo5_1480x320.116skins.zip; folder(s): template/1480x320_Gelo5 00-99 Skin_500; template/1480x320_Gelo5 41-60 Skin_503,288158,none stated in zip; hosting repo project-owner/PeppyMeter.doc is GPL-3.0 (LICENSE file); wiki states no terms for the skins,"Gelo5 - wiki: ""custom meters created by Grzegorz Pietrzak (user Gelo5 on Volumio forum)""; release uploaded by project-owner",,brand: Denon (logo visible),"visual #369 [L] ""DENON"" on meter faces (checked on 1480x320_g5_503_meters)"
Gelo5 / project-owner/PeppyMeter.doc release 2024.03.02,1480x320,59G5_Yamaha Only,circular skin in Gelo5_1480x320.116skins.zip; folder(s): template/1480x320_Gelo5 00-99 Skin_500; template/1480x320_Gelo5 41-60 Skin_503,55925,none stated in zip; hosting repo project-owner/PeppyMeter.doc is GPL-3.0 (LICENSE file); wiki states no terms for the skins,"Gelo5 - wiki: ""custom meters created by Grzegorz Pietrzak (user Gelo5 on Volumio forum)""; release uploaded by project-owner",,brand: Yamaha (name only),visual #381 [G]  (checked on 1480x320_g5_503_meters)
Gelo5 / project-owner/PeppyMeter.doc release 2024.03.02,1480x320,60G5_Teletronix Only,circular skin in Gelo5_1480x320.116skins.zip; folder(s): template/1480x320_Gelo5 00-99 Skin_500; template/1480x320_Gelo5 41-60 Skin_503,153755,none stated in zip; hosting repo project-owner/PeppyMeter.doc is GPL-3.0 (LICENSE file); wiki states no terms for the skins,"Gelo5 - wiki: ""custom meters created by Grzegorz Pietrzak (user Gelo5 on Volumio forum)""; release uploaded by project-owner",,brand: Teletronix (logo visible),"visual #096 [L] ""TELETRONIX ENGINEERING CO"" on meter faces (checked on 1280x400_g5_204_meters)"
Gelo5 / project-owner/PeppyMeter.doc release 2024.03.02,1480x320,61G5_AdvanceX220_ONLY meters,circular skin in Gelo5_1480x320.116skins.zip; folder(s): template/1480x320_Gelo5 00-99 Skin_500; template/1480x320_Gelo5 61-80 Skin_504,757813,none stated in zip; hosting repo project-owner/PeppyMeter.doc is GPL-3.0 (LICENSE file); wiki states no terms for the skins,"Gelo5 - wiki: ""custom meters created by Grzegorz Pietrzak (user Gelo5 on Volumio forum)""; release uploaded by project-owner",,brand: Advance Acoustic (logo visible),visual #383 [L] Advance Acoustic logos (checked on 1480x320_g5_504_meters)
Gelo5 / project-owner/PeppyMeter.doc release 2024.03.02,1480x320,62G5_Rose OUT,linear skin in Gelo5_1480x320.116skins.zip; folder(s): template/1480x320_Gelo5 00-99 Skin_500; template/1480x320_Gelo5 61-80 Skin_504,367189,none stated in zip; hosting repo project-owner/PeppyMeter.doc is GPL-3.0 (LICENSE file); wiki states no terms for the skins,"Gelo5 - wiki: ""custom meters created by Grzegorz Pietrzak (user Gelo5 on Volumio forum)""; release uploaded by project-owner",,brand: HiFi Rose (product face visible),visual #072 [F] HiFi Rose-style face with icon; no legible wordmark (checked on 1280x400_g5_203_meters)
Gelo5 / project-owner/PeppyMeter.doc release 2024.03.02,1480x320,63G5_Rose IN,linear skin in Gelo5_1480x320.116skins.zip; folder(s): template/1480x320_Gelo5 00-99 Skin_500; template/1480x320_Gelo5 61-80 Skin_504,367189,none stated in zip; hosting repo project-owner/PeppyMeter.doc is GPL-3.0 (LICENSE file); wiki states no terms for the skins,"Gelo5 - wiki: ""custom meters created by Grzegorz Pietrzak (user Gelo5 on Volumio forum)""; release uploaded by project-owner",,brand: HiFi Rose (product face visible),visual #071 [F] HiFi Rose-style face with icon; no legible wordmark (checked on 1280x400_g5_203_meters)
Gelo5 / project-owner/PeppyMeter.doc release 2024.03.02,1480x320,64G5_Alvin only meters,circular skin in Gelo5_1480x320.116skins.zip; folder(s): template/1480x320_Gelo5 00-99 Skin_500; template/1480x320_Gelo5 61-80 Skin_504,780410,none stated in zip; hosting repo project-owner/PeppyMeter.doc is GPL-3.0 (LICENSE file); wiki states no terms for the skins,"Gelo5 - wiki: ""custom meters created by Grzegorz Pietrzak (user Gelo5 on Volumio forum)""; release uploaded by project-owner",,generic,visual #384 [G]  (checked on 1480x320_g5_504_meters)
Gelo5 / project-owner/PeppyMeter.doc release 2024.03.02,1480x320,65G5_LED Out ONLY,linear skin in Gelo5_1480x320.116skins.zip; folder(s): template/1480x320_Gelo5 00-99 Skin_500; template/1480x320_Gelo5 61-80 Skin_504,174143,none stated in zip; hosting repo project-owner/PeppyMeter.doc is GPL-3.0 (LICENSE file); wiki states no terms for the skins,"Gelo5 - wiki: ""custom meters created by Grzegorz Pietrzak (user Gelo5 on Volumio forum)""; release uploaded by project-owner",,generic,visual #100 [G]  (checked on 1280x400_g5_205_meters)
Gelo5 / project-owner/PeppyMeter.doc release 2024.03.02,1480x320,66G5_FM Stereo Only,linear skin in Gelo5_1480x320.116skins.zip; folder(s): template/1480x320_Gelo5 00-99 Skin_500; template/1480x320_Gelo5 61-80 Skin_504,136941,none stated in zip; hosting repo project-owner/PeppyMeter.doc is GPL-3.0 (LICENSE file); wiki states no terms for the skins,"Gelo5 - wiki: ""custom meters created by Grzegorz Pietrzak (user Gelo5 on Volumio forum)""; release uploaded by project-owner",,generic,visual #385 [G]  (checked on 1480x320_g5_504_meters)
Gelo5 / project-owner/PeppyMeter.doc release 2024.03.02,1480x320,67G5_Rudeer Only,circular skin in Gelo5_1480x320.116skins.zip; folder(s): template/1480x320_Gelo5 00-99 Skin_500; template/1480x320_Gelo5 61-80 Skin_504,104388,none stated in zip; hosting repo project-owner/PeppyMeter.doc is GPL-3.0 (LICENSE file); wiki states no terms for the skins,"Gelo5 - wiki: ""custom meters created by Grzegorz Pietrzak (user Gelo5 on Volumio forum)""; release uploaded by project-owner",,generic,visual #105 [G]  (checked on 1280x400_g5_205_meters)
Gelo5 / project-owner/PeppyMeter.doc release 2024.03.02,1480x320,68G5_Tascam Only,linear skin in Gelo5_1480x320.116skins.zip; folder(s): template/1480x320_Gelo5 00-99 Skin_500; template/1480x320_Gelo5 61-80 Skin_504,83194,none stated in zip; hosting repo project-owner/PeppyMeter.doc is GPL-3.0 (LICENSE file); wiki states no terms for the skins,"Gelo5 - wiki: ""custom meters created by Grzegorz Pietrzak (user Gelo5 on Volumio forum)""; release uploaded by project-owner",,brand: Tascam (name only),visual #388 [G]  (checked on 1480x320_g5_504_meters)
Gelo5 / project-owner/PeppyMeter.doc release 2024.03.02,1480x320,69G5_NAD C3050,circular skin in Gelo5_1480x320.116skins.zip; folder(s): template/1480x320_Gelo5 00-99 Skin_500; template/1480x320_Gelo5 61-80 Skin_504,690007,none stated in zip; hosting repo project-owner/PeppyMeter.doc is GPL-3.0 (LICENSE file); wiki states no terms for the skins,"Gelo5 - wiki: ""custom meters created by Grzegorz Pietrzak (user Gelo5 on Volumio forum)""; release uploaded by project-owner",,brand: NAD (logo visible),"visual #050 [LF] NAD ""New Acoustic Dimension"" on meters; NAD product face (checked on 1280x800_g5_420_meters)"
Gelo5 / project-owner/PeppyMeter.doc release 2024.03.02,1480x320,70G5_NAD,circular skin in Gelo5_1480x320.116skins.zip; folder(s): template/1480x320_Gelo5 00-99 Skin_500; template/1480x320_Gelo5 61-80 Skin_504,579508,none stated in zip; hosting repo project-owner/PeppyMeter.doc is GPL-3.0 (LICENSE file); wiki states no terms for the skins,"Gelo5 - wiki: ""custom meters created by Grzegorz Pietrzak (user Gelo5 on Volumio forum)""; release uploaded by project-owner",,brand: NAD (logo visible),visual #181 [LF] NAD logos; T 787 / C 338 product faces (checked on 1920x1080_g5_702_meters)
Gelo5 / project-owner/PeppyMeter.doc release 2024.03.02,1480x320,71G5_NAD M10 only,circular skin in Gelo5_1480x320.116skins.zip; folder(s): template/1480x320_Gelo5 00-99 Skin_500; template/1480x320_Gelo5 61-80 Skin_504,498475,none stated in zip; hosting repo project-owner/PeppyMeter.doc is GPL-3.0 (LICENSE file); wiki states no terms for the skins,"Gelo5 - wiki: ""custom meters created by Grzegorz Pietrzak (user Gelo5 on Volumio forum)""; release uploaded by project-owner",,brand: NAD (logo visible),visual #092 [L] NAD logo on meter face (checked on 1280x400_g5_204_meters)
Gelo5 / project-owner/PeppyMeter.doc release 2024.03.02,1480x320,72G5_Old Braun,circular skin in Gelo5_1480x320.116skins.zip; folder(s): template/1480x320_Gelo5 00-99 Skin_500; template/1480x320_Gelo5 61-80 Skin_504,1176605,none stated in zip; hosting repo project-owner/PeppyMeter.doc is GPL-3.0 (LICENSE file); wiki states no terms for the skins,"Gelo5 - wiki: ""custom meters created by Grzegorz Pietrzak (user Gelo5 on Volumio forum)""; release uploaded by project-owner",,generic,visual #051 [N] no legible Braun logo at preview scale (checked on 1280x400_g5_202_meters)
Gelo5 / project-owner/PeppyMeter.doc release 2024.03.02,1480x320,73G5_Namson Only,circular skin in Gelo5_1480x320.116skins.zip; folder(s): template/1480x320_Gelo5 00-99 Skin_500; template/1480x320_Gelo5 61-80 Skin_504,922196,none stated in zip; hosting repo project-owner/PeppyMeter.doc is GPL-3.0 (LICENSE file); wiki states no terms for the skins,"Gelo5 - wiki: ""custom meters created by Grzegorz Pietrzak (user Gelo5 on Volumio forum)""; release uploaded by project-owner",,brand: Namson (?) (logo visible),"visual #387 [L] ""NAMSON CORPORATION"" on meter faces (checked on 1480x320_g5_504_meters)"
Gelo5 / project-owner/PeppyMeter.doc release 2024.03.02,1480x320,74G5_Sharp,circular skin in Gelo5_1480x320.116skins.zip; folder(s): template/1480x320_Gelo5 00-99 Skin_500; template/1480x320_Gelo5 61-80 Skin_504,487289,none stated in zip; hosting repo project-owner/PeppyMeter.doc is GPL-3.0 (LICENSE file); wiki states no terms for the skins,"Gelo5 - wiki: ""custom meters created by Grzegorz Pietrzak (user Gelo5 on Volumio forum)""; release uploaded by project-owner",,brand: Sharp (logo visible),"visual #108 [F] Sharp cassette deck face (""Auto Program Locate Device""); no legible Sharp logo (checked on 1920x1080_g5_712_Cassette)"
Gelo5 / project-owner/PeppyMeter.doc release 2024.03.02,1480x320,75G5_Hitachi7500 Only,circular skin in Gelo5_1480x320.116skins.zip; folder(s): template/1480x320_Gelo5 00-99 Skin_500; template/1480x320_Gelo5 61-80 Skin_504,1006254,none stated in zip; hosting repo project-owner/PeppyMeter.doc is GPL-3.0 (LICENSE file); wiki states no terms for the skins,"Gelo5 - wiki: ""custom meters created by Grzegorz Pietrzak (user Gelo5 on Volumio forum)""; release uploaded by project-owner",,brand: Hitachi (logo visible),"visual #386 [L] ""HITACHI"" on meter faces (checked on 1480x320_g5_504_meters)"
Gelo5 / project-owner/PeppyMeter.doc release 2024.03.02,1480x320,76G5_Hartman Only,circular skin in Gelo5_1480x320.116skins.zip; folder(s): template/1480x320_Gelo5 00-99 Skin_500; template/1480x320_Gelo5 61-80 Skin_504,751058,none stated in zip; hosting repo project-owner/PeppyMeter.doc is GPL-3.0 (LICENSE file); wiki states no terms for the skins,"Gelo5 - wiki: ""custom meters created by Grzegorz Pietrzak (user Gelo5 on Volumio forum)""; release uploaded by project-owner",,brand: Hartmann & Braun (logo visible),"visual #087 [L] ""HARTMANN & BRAUN"" on meter faces (checked on 1280x400_g5_204_meters)"
Gelo5 / project-owner/PeppyMeter.doc release 2024.03.02,1480x320,77G5_Dagostino,circular skin in Gelo5_1480x320.116skins.zip; folder(s): template/1480x320_Gelo5 00-99 Skin_500; template/1480x320_Gelo5 61-80 Skin_504,654277,none stated in zip; hosting repo project-owner/PeppyMeter.doc is GPL-3.0 (LICENSE file); wiki states no terms for the skins,"Gelo5 - wiki: ""custom meters created by Grzegorz Pietrzak (user Gelo5 on Volumio forum)""; release uploaded by project-owner",,brand: Dan D'Agostino (logo visible),visual #045 [L] D'Agostino script logo on meter faces (checked on 1280x400_g5_202_meters)
Gelo5 / project-owner/PeppyMeter.doc release 2024.03.02,1480x320,78G5_R55 Only,circular skin in Gelo5_1480x320.116skins.zip; folder(s): template/1480x320_Gelo5 00-99 Skin_500; template/1480x320_Gelo5 61-80 Skin_504,1042752,none stated in zip; hosting repo project-owner/PeppyMeter.doc is GPL-3.0 (LICENSE file); wiki states no terms for the skins,"Gelo5 - wiki: ""custom meters created by Grzegorz Pietrzak (user Gelo5 on Volumio forum)""; release uploaded by project-owner",,"generic name; face carries wordmark not matched to a known brand: ""S"" emblem and ""R-55"" on meter faces (maker unclear)","visual #102 [L] ""S"" emblem and ""R-55"" on meter faces (maker unclear) (checked on 1280x400_g5_205_meters)"
Gelo5 / project-owner/PeppyMeter.doc release 2024.03.02,1480x320,79G5_Accuphase Old Only,circular skin in Gelo5_1480x320.116skins.zip; folder(s): template/1480x320_Gelo5 00-99 Skin_500; template/1480x320_Gelo5 61-80 Skin_504,601026,none stated in zip; hosting repo project-owner/PeppyMeter.doc is GPL-3.0 (LICENSE file); wiki states no terms for the skins,"Gelo5 - wiki: ""custom meters created by Grzegorz Pietrzak (user Gelo5 on Volumio forum)""; release uploaded by project-owner",,brand: Accuphase (logo visible),visual #382 [L] Accuphase script logo on meter faces (checked on 1480x320_g5_504_meters)
Gelo5 / project-owner/PeppyMeter.doc release 2024.03.02,1480x320,80G5_Bocatech,circular skin in Gelo5_1480x320.116skins.zip; folder(s): template/1480x320_Gelo5 00-99 Skin_500; template/1480x320_Gelo5 61-80 Skin_504,462132,none stated in zip; hosting repo project-owner/PeppyMeter.doc is GPL-3.0 (LICENSE file); wiki states no terms for the skins,"Gelo5 - wiki: ""custom meters created by Grzegorz Pietrzak (user Gelo5 on Volumio forum)""; release uploaded by project-owner",,brand: Bocatech (?) (logo visible),"visual #042 [L] ""BOCATECH INC."" printed on meter face (checked on 1280x400_g5_202_meters)"
Gelo5 / project-owner/PeppyMeter.doc release 2024.03.02,1480x320,101G5_MarschalSpectrum,circular skin in Gelo5_1480x320.116skins.zip; folder(s): template/1480x320_Gelo5 Spec&Met_520,470192,none stated in zip; hosting repo project-owner/PeppyMeter.doc is GPL-3.0 (LICENSE file); wiki states no terms for the skins,"Gelo5 - wiki: ""custom meters created by Grzegorz Pietrzak (user Gelo5 on Volumio forum)""; release uploaded by project-owner",,brand: Marshall (logo visible),"visual #330 [LF] Marshall amplifier face, Marshall script logos (checked on 1920x1080_20g5)"
Gelo5 / project-owner/PeppyMeter.doc release 2024.03.02,1480x320,102G5_Marschal S+M,circular skin in Gelo5_1480x320.116skins.zip; folder(s): template/1480x320_Gelo5 Spec&Met_520,692306,none stated in zip; hosting repo project-owner/PeppyMeter.doc is GPL-3.0 (LICENSE file); wiki states no terms for the skins,"Gelo5 - wiki: ""custom meters created by Grzegorz Pietrzak (user Gelo5 on Volumio forum)""; release uploaded by project-owner",,brand: Marshall (logo visible),visual #124 [LF] Marshall amplifier face with Marshall script logo (checked on 1280x400_g5_210_ms)
Gelo5 / project-owner/PeppyMeter.doc release 2024.03.02,1480x320,103G5_CD Cover S+M,linear skin in Gelo5_1480x320.116skins.zip; folder(s): template/1480x320_Gelo5 Spec&Met_520,407882,none stated in zip; hosting repo project-owner/PeppyMeter.doc is GPL-3.0 (LICENSE file); wiki states no terms for the skins,"Gelo5 - wiki: ""custom meters created by Grzegorz Pietrzak (user Gelo5 on Volumio forum)""; release uploaded by project-owner",,generic,visual #118 [G]  (checked on 1280x400_g5_210_ms)
Gelo5 / project-owner/PeppyMeter.doc release 2024.03.02,1480x320,104G5_Nixie Spectrum,circular skin in Gelo5_1480x320.116skins.zip; folder(s): template/1480x320_Gelo5 Spec&Met_520,186196,none stated in zip; hosting repo project-owner/PeppyMeter.doc is GPL-3.0 (LICENSE file); wiki states no terms for the skins,"Gelo5 - wiki: ""custom meters created by Grzegorz Pietrzak (user Gelo5 on Volumio forum)""; release uploaded by project-owner",,generic,visual #127 [G]  (checked on 1280x400_g5_210_ms)
Gelo5 / project-owner/PeppyMeter.doc release 2024.03.02,1480x320,105G5_Kenwood Spectrum,circular skin in Gelo5_1480x320.116skins.zip; folder(s): template/1480x320_Gelo5 Spec&Met_520,105248,none stated in zip; hosting repo project-owner/PeppyMeter.doc is GPL-3.0 (LICENSE file); wiki states no terms for the skins,"Gelo5 - wiki: ""custom meters created by Grzegorz Pietrzak (user Gelo5 on Volumio forum)""; release uploaded by project-owner",,brand: Kenwood (logo visible),"visual #121 [LF] ""KENWOOD STEREO GRAPHIC EQUALIZER KGC-700"" (checked on 1920x1080_20g5)"
Gelo5 / project-owner/PeppyMeter.doc release 2024.03.02,1480x320,106G5_Kenwood Rev S+M,circular skin in Gelo5_1480x320.116skins.zip; folder(s): template/1480x320_Gelo5 Spec&Met_520,535472,none stated in zip; hosting repo project-owner/PeppyMeter.doc is GPL-3.0 (LICENSE file); wiki states no terms for the skins,"Gelo5 - wiki: ""custom meters created by Grzegorz Pietrzak (user Gelo5 on Volumio forum)""; release uploaded by project-owner",,brand: Kenwood (product face visible),visual #329 [F] Kenwood-style amplifier face; no legible logo (checked on 1280x800_g5_410_ms)
Gelo5 / project-owner/PeppyMeter.doc release 2024.03.02,1480x320,107G5_McIntosh S+M,circular skin in Gelo5_1480x320.116skins.zip; folder(s): template/1480x320_Gelo5 Spec&Met_520,433896,none stated in zip; hosting repo project-owner/PeppyMeter.doc is GPL-3.0 (LICENSE file); wiki states no terms for the skins,"Gelo5 - wiki: ""custom meters created by Grzegorz Pietrzak (user Gelo5 on Volumio forum)""; release uploaded by project-owner",,brand: McIntosh (product face visible),visual #392 [F] McIntosh-style blue meters; no legible logo (checked on 1920x1080_20g5)
Gelo5 / project-owner/PeppyMeter.doc release 2024.03.02,1480x320,108G5_Technics S+M,circular skin in Gelo5_1480x320.116skins.zip; folder(s): template/1480x320_Gelo5 Spec&Met_520,609859,none stated in zip; hosting repo project-owner/PeppyMeter.doc is GPL-3.0 (LICENSE file); wiki states no terms for the skins,"Gelo5 - wiki: ""custom meters created by Grzegorz Pietrzak (user Gelo5 on Volumio forum)""; release uploaded by project-owner",,brand: Technics (logo visible),visual #396 [LF] Technics wordmarks; product faces (checked on 1920x1080_20g5)
Gelo5 / project-owner/PeppyMeter.doc release 2024.03.02,1480x320,109G5_Naim S+M,circular skin in Gelo5_1480x320.116skins.zip; folder(s): template/1480x320_Gelo5 Spec&Met_520,452081,none stated in zip; hosting repo project-owner/PeppyMeter.doc is GPL-3.0 (LICENSE file); wiki states no terms for the skins,"Gelo5 - wiki: ""custom meters created by Grzegorz Pietrzak (user Gelo5 on Volumio forum)""; release uploaded by project-owner",,brand: Naim (logo visible),visual #125 [L] Naim logo (checked on 1920x1080_20g5)
Gelo5 / project-owner/PeppyMeter.doc release 2024.03.02,1480x320,110G5_Deviation S+M,circular skin in Gelo5_1480x320.116skins.zip; folder(s): template/1480x320_Gelo5 Spec&Met_520,679040,none stated in zip; hosting repo project-owner/PeppyMeter.doc is GPL-3.0 (LICENSE file); wiki states no terms for the skins,"Gelo5 - wiki: ""custom meters created by Grzegorz Pietrzak (user Gelo5 on Volumio forum)""; release uploaded by project-owner",,generic,visual #391 [G]  (checked on 1480x320_g5_520_ms)
Gelo5 / project-owner/PeppyMeter.doc release 2024.03.02,1480x320,111G5_Free S+M,circular skin in Gelo5_1480x320.116skins.zip; folder(s): template/1480x320_Gelo5 Spec&Met_520,826351,none stated in zip; hosting repo project-owner/PeppyMeter.doc is GPL-3.0 (LICENSE file); wiki states no terms for the skins,"Gelo5 - wiki: ""custom meters created by Grzegorz Pietrzak (user Gelo5 on Volumio forum)""; release uploaded by project-owner",,generic,visual #328 [G]  (checked on 1920x1080_20g5)
Gelo5 / project-owner/PeppyMeter.doc release 2024.03.02,1480x320,112G5_475A S+M,linear skin in Gelo5_1480x320.116skins.zip; folder(s): template/1480x320_Gelo5 Spec&Met_520,1004375,none stated in zip; hosting repo project-owner/PeppyMeter.doc is GPL-3.0 (LICENSE file); wiki states no terms for the skins,"Gelo5 - wiki: ""custom meters created by Grzegorz Pietrzak (user Gelo5 on Volumio forum)""; release uploaded by project-owner",,brand: Tektronix (product face visible),visual #389 [F] Tektronix 475A oscilloscope photos; logo not legible at preview scale (checked on 1480x320_g5_520_ms)
Gelo5 / project-owner/PeppyMeter.doc release 2024.03.02,1480x320,113G5_Osciloscope S+M,linear skin in Gelo5_1480x320.116skins.zip; folder(s): template/1480x320_Gelo5 Spec&Met_520,881068,none stated in zip; hosting repo project-owner/PeppyMeter.doc is GPL-3.0 (LICENSE file); wiki states no terms for the skins,"Gelo5 - wiki: ""custom meters created by Grzegorz Pietrzak (user Gelo5 on Volumio forum)""; release uploaded by project-owner",,"brand: Korg (logo visible, not in name)",visual #129 [LF] KORG logo; Korg oscilloscope UI imitation (checked on 1280x400_g5_210_ms)
Gelo5 / project-owner/PeppyMeter.doc release 2024.03.02,1480x320,114G5_Pioneer S+M,circular skin in Gelo5_1480x320.116skins.zip; folder(s): template/1480x320_Gelo5 Spec&Met_520,522749,none stated in zip; hosting repo project-owner/PeppyMeter.doc is GPL-3.0 (LICENSE file); wiki states no terms for the skins,"Gelo5 - wiki: ""custom meters created by Grzegorz Pietrzak (user Gelo5 on Volumio forum)""; release uploaded by project-owner",,brand: Pioneer (product face visible),visual #131 [F] Pioneer PLX gold turntable face; logo not legible at preview scale (checked on 1920x1080_g5_721_ms)
Gelo5 / project-owner/PeppyMeter.doc release 2024.03.02,1480x320,115G5_Corrector Spectrum,circular skin in Gelo5_1480x320.116skins.zip; folder(s): template/1480x320_Gelo5 Spec&Met_520,235174,none stated in zip; hosting repo project-owner/PeppyMeter.doc is GPL-3.0 (LICENSE file); wiki states no terms for the skins,"Gelo5 - wiki: ""custom meters created by Grzegorz Pietrzak (user Gelo5 on Volumio forum)""; release uploaded by project-owner",,generic,visual #119 [G]  (checked on 1280x400_g5_210_ms)
Gelo5 / project-owner/PeppyMeter.doc release 2024.03.02,1480x320,116G5_RhodeSea_S+M,circular skin in Gelo5_1480x320.116skins.zip; folder(s): template/1480x320_Gelo5 Spec&Met_520,408905,none stated in zip; hosting repo project-owner/PeppyMeter.doc is GPL-3.0 (LICENSE file); wiki states no terms for the skins,"Gelo5 - wiki: ""custom meters created by Grzegorz Pietrzak (user Gelo5 on Volumio forum)""; release uploaded by project-owner",,brand: Rohde & Schwarz (product face visible),visual #394 [LF] Rohde & Schwarz analyser faces (checked on 1480x320_g5_520_ms)
Gelo5 / project-owner/PeppyMeter.doc release 2024.03.02,1480x320,117G5_OldPipe S+M,circular skin in Gelo5_1480x320.116skins.zip; folder(s): template/1480x320_Gelo5 Spec&Met_520,842379,none stated in zip; hosting repo project-owner/PeppyMeter.doc is GPL-3.0 (LICENSE file); wiki states no terms for the skins,"Gelo5 - wiki: ""custom meters created by Grzegorz Pietrzak (user Gelo5 on Volumio forum)""; release uploaded by project-owner",,generic,visual #393 [G]  (checked on 1480x320_g5_520_ms)
Gelo5 / project-owner/PeppyMeter.doc release 2024.03.02,1480x320,118G5_VU Single S+M,linear skin in Gelo5_1480x320.116skins.zip; folder(s): template/1480x320_Gelo5 Spec&Met_520,611108,none stated in zip; hosting repo project-owner/PeppyMeter.doc is GPL-3.0 (LICENSE file); wiki states no terms for the skins,"Gelo5 - wiki: ""custom meters created by Grzegorz Pietrzak (user Gelo5 on Volumio forum)""; release uploaded by project-owner",,generic,visual #397 [G]  (checked on 1480x320_g5_520_ms)
Gelo5 / project-owner/PeppyMeter.doc release 2024.03.02,1480x320,119G5_Sony TA212 S+M,circular skin in Gelo5_1480x320.116skins.zip; folder(s): template/1480x320_Gelo5 Spec&Met_520,561083,none stated in zip; hosting repo project-owner/PeppyMeter.doc is GPL-3.0 (LICENSE file); wiki states no terms for the skins,"Gelo5 - wiki: ""custom meters created by Grzegorz Pietrzak (user Gelo5 on Volumio forum)""; release uploaded by project-owner",,brand: Sony (product face visible),visual #395 [LF] SONY (faint); TA-212-style face (checked on 1480x320_g5_520_ms)
Gelo5 / project-owner/PeppyMeter.doc release 2024.03.02,1480x320,120G5_Akai S+M,circular skin in Gelo5_1480x320.116skins.zip; folder(s): template/1480x320_Gelo5 Spec&Met_520,362962,none stated in zip; hosting repo project-owner/PeppyMeter.doc is GPL-3.0 (LICENSE file); wiki states no terms for the skins,"Gelo5 - wiki: ""custom meters created by Grzegorz Pietrzak (user Gelo5 on Volumio forum)""; release uploaded by project-owner",,brand: Akai (logo visible),visual #390 [LF] AKAI logo; amplifier face (checked on 1480x320_g5_520_ms)
Gelo5 / project-owner/PeppyMeter.doc release 2024.03.02,1480x320,121G5_Sony_U909ES S+M,circular skin in Gelo5_1480x320.116skins.zip; folder(s): template/1480x320_Gelo5 Spec&Met_521,415788,none stated in zip; hosting repo project-owner/PeppyMeter.doc is GPL-3.0 (LICENSE file); wiki states no terms for the skins,"Gelo5 - wiki: ""custom meters created by Grzegorz Pietrzak (user Gelo5 on Volumio forum)""; release uploaded by project-owner",,brand: Sony (logo visible),visual #411 [LF] SONY logo; U909ES face (checked on 1480x320_g5_521_ms)
Gelo5 / project-owner/PeppyMeter.doc release 2024.03.02,1480x320,122G5_Ampex S+M,circular skin in Gelo5_1480x320.116skins.zip; folder(s): template/1480x320_Gelo5 Spec&Met_521,737230,none stated in zip; hosting repo project-owner/PeppyMeter.doc is GPL-3.0 (LICENSE file); wiki states no terms for the skins,"Gelo5 - wiki: ""custom meters created by Grzegorz Pietrzak (user Gelo5 on Volumio forum)""; release uploaded by project-owner",,brand: Ampex (logo visible),"visual #399 [L] ""AMPEX CORPORATION"" on meter faces (checked on 1480x320_g5_521_ms)"
Gelo5 / project-owner/PeppyMeter.doc release 2024.03.02,1480x320,123G5_Accuphase DG68 S+M,circular skin in Gelo5_1480x320.116skins.zip; folder(s): template/1480x320_Gelo5 Spec&Met_521,333312,none stated in zip; hosting repo project-owner/PeppyMeter.doc is GPL-3.0 (LICENSE file); wiki states no terms for the skins,"Gelo5 - wiki: ""custom meters created by Grzegorz Pietrzak (user Gelo5 on Volumio forum)""; release uploaded by project-owner",,brand: Accuphase (logo visible),visual #398 [LF] Accuphase logo; DG-68 face (checked on 1480x320_g5_521_ms)
Gelo5 / project-owner/PeppyMeter.doc release 2024.03.02,1480x320,124G5_Magnetocord S+M,circular skin in Gelo5_1480x320.116skins.zip; folder(s): template/1480x320_Gelo5 Spec&Met_521,672441,none stated in zip; hosting repo project-owner/PeppyMeter.doc is GPL-3.0 (LICENSE file); wiki states no terms for the skins,"Gelo5 - wiki: ""custom meters created by Grzegorz Pietrzak (user Gelo5 on Volumio forum)""; release uploaded by project-owner",,brand: Magnecord (logo visible),visual #407 [L] Magnecord script logo on meter faces (checked on 1480x320_g5_521_ms)
Gelo5 / project-owner/PeppyMeter.doc release 2024.03.02,1480x320,125G5_Kenwood KA S+M,circular skin in Gelo5_1480x320.116skins.zip; folder(s): template/1480x320_Gelo5 Spec&Met_521,429550,none stated in zip; hosting repo project-owner/PeppyMeter.doc is GPL-3.0 (LICENSE file); wiki states no terms for the skins,"Gelo5 - wiki: ""custom meters created by Grzegorz Pietrzak (user Gelo5 on Volumio forum)""; release uploaded by project-owner",,brand: Kenwood (logo visible),visual #406 [LF] KENWOOD logo; KA-series amplifier face (checked on 1480x320_g5_521_ms)
Gelo5 / project-owner/PeppyMeter.doc release 2024.03.02,1480x320,126G5_McIntosh S+M,circular skin in Gelo5_1480x320.116skins.zip; folder(s): template/1480x320_Gelo5 Spec&Met_521,570714,none stated in zip; hosting repo project-owner/PeppyMeter.doc is GPL-3.0 (LICENSE file); wiki states no terms for the skins,"Gelo5 - wiki: ""custom meters created by Grzegorz Pietrzak (user Gelo5 on Volumio forum)""; release uploaded by project-owner",,brand: McIntosh (product face visible),visual #392 [F] McIntosh-style blue meters; no legible logo (checked on 1920x1080_20g5)
Gelo5 / project-owner/PeppyMeter.doc release 2024.03.02,1480x320,127G5_CoctailAudio S+M,linear skin in Gelo5_1480x320.116skins.zip; folder(s): template/1480x320_Gelo5 Spec&Met_521,449228,none stated in zip; hosting repo project-owner/PeppyMeter.doc is GPL-3.0 (LICENSE file); wiki states no terms for the skins,"Gelo5 - wiki: ""custom meters created by Grzegorz Pietrzak (user Gelo5 on Volumio forum)""; release uploaded by project-owner",,brand: Cocktail Audio (logo visible),"visual #402 [LF] Cocktail Audio product face, logo small (checked on 1480x320_g5_521_ms)"
Gelo5 / project-owner/PeppyMeter.doc release 2024.03.02,1480x320,128G5_Sharp SA606 S+M,linear skin in Gelo5_1480x320.116skins.zip; folder(s): template/1480x320_Gelo5 Spec&Met_521,435040,none stated in zip; hosting repo project-owner/PeppyMeter.doc is GPL-3.0 (LICENSE file); wiki states no terms for the skins,"Gelo5 - wiki: ""custom meters created by Grzegorz Pietrzak (user Gelo5 on Volumio forum)""; release uploaded by project-owner",,brand: Sharp (logo visible),visual #410 [LF] SHARP logo; SA-606 receiver face (checked on 1480x320_g5_521_ms)
Gelo5 / project-owner/PeppyMeter.doc release 2024.03.02,1480x320,129G5_AudioRL S+M,circular skin in Gelo5_1480x320.116skins.zip; folder(s): template/1480x320_Gelo5 Spec&Met_521,600908,none stated in zip; hosting repo project-owner/PeppyMeter.doc is GPL-3.0 (LICENSE file); wiki states no terms for the skins,"Gelo5 - wiki: ""custom meters created by Grzegorz Pietrzak (user Gelo5 on Volumio forum)""; release uploaded by project-owner",,brand: Audio Research (logo visible),"visual #400 [L] ""audio research"" on meter faces (small) (checked on 1480x320_g5_521_ms)"
Gelo5 / project-owner/PeppyMeter.doc release 2024.03.02,1480x320,130G5_Replika S+M,circular skin in Gelo5_1480x320.116skins.zip; folder(s): template/1480x320_Gelo5 Spec&Met_521,418124,none stated in zip; hosting repo project-owner/PeppyMeter.doc is GPL-3.0 (LICENSE file); wiki states no terms for the skins,"Gelo5 - wiki: ""custom meters created by Grzegorz Pietrzak (user Gelo5 on Volumio forum)""; release uploaded by project-owner",,brand: Native Instruments Replika (logo visible),"visual #408 [LF] Replika XT (Native Instruments) plugin UI imitation, ""REPLIKA XT"" (checked on 1480x320_g5_521_ms)"
Gelo5 / project-owner/PeppyMeter.doc release 2024.03.02,1480x320,131G5_Emotiva S+M,circular skin in Gelo5_1480x320.116skins.zip; folder(s): template/1480x320_Gelo5 Spec&Met_521,352374,none stated in zip; hosting repo project-owner/PeppyMeter.doc is GPL-3.0 (LICENSE file); wiki states no terms for the skins,"Gelo5 - wiki: ""custom meters created by Grzegorz Pietrzak (user Gelo5 on Volumio forum)""; release uploaded by project-owner",,brand: Emotiva (logo visible),"visual #404 [LF] EMOTIVA logo, ""XMC-2""; product face (checked on 1480x320_g5_521_ms)"
Gelo5 / project-owner/PeppyMeter.doc release 2024.03.02,1480x320,132G5_Denon S+M,circular skin in Gelo5_1480x320.116skins.zip; folder(s): template/1480x320_Gelo5 Spec&Met_521,713166,none stated in zip; hosting repo project-owner/PeppyMeter.doc is GPL-3.0 (LICENSE file); wiki states no terms for the skins,"Gelo5 - wiki: ""custom meters created by Grzegorz Pietrzak (user Gelo5 on Volumio forum)""; release uploaded by project-owner",,brand: Denon (logo visible),visual #403 [LF] DENON logo; product face (checked on 1480x320_g5_521_ms)
Gelo5 / project-owner/PeppyMeter.doc release 2024.03.02,1480x320,133G5_SPL S+M,circular skin in Gelo5_1480x320.116skins.zip; folder(s): template/1480x320_Gelo5 Spec&Met_521,728128,none stated in zip; hosting repo project-owner/PeppyMeter.doc is GPL-3.0 (LICENSE file); wiki states no terms for the skins,"Gelo5 - wiki: ""custom meters created by Grzegorz Pietrzak (user Gelo5 on Volumio forum)""; release uploaded by project-owner",,brand: SPL (logo visible),visual #412 [LF] SPL logos; product face (checked on 1480x320_g5_521_ms)
Gelo5 / project-owner/PeppyMeter.doc release 2024.03.02,1480x320,134G5_Bose S+M,linear skin in Gelo5_1480x320.116skins.zip; folder(s): template/1480x320_Gelo5 Spec&Met_521,309818,none stated in zip; hosting repo project-owner/PeppyMeter.doc is GPL-3.0 (LICENSE file); wiki states no terms for the skins,"Gelo5 - wiki: ""custom meters created by Grzegorz Pietrzak (user Gelo5 on Volumio forum)""; release uploaded by project-owner",,brand: Bose (logo visible),visual #401 [LF] BOSE logo; PowerMatch PM8500 face (checked on 1480x320_g5_521_ms)
Gelo5 / project-owner/PeppyMeter.doc release 2024.03.02,1480x320,135G5_Hitachi8500 S+M,circular skin in Gelo5_1480x320.116skins.zip; folder(s): template/1480x320_Gelo5 Spec&Met_521,677558,none stated in zip; hosting repo project-owner/PeppyMeter.doc is GPL-3.0 (LICENSE file); wiki states no terms for the skins,"Gelo5 - wiki: ""custom meters created by Grzegorz Pietrzak (user Gelo5 on Volumio forum)""; release uploaded by project-owner",,brand: Hitachi (logo visible),visual #405 [LF] HITACHI logo; product face (checked on 1480x320_g5_521_ms)
Gelo5 / project-owner/PeppyMeter.doc release 2024.03.02,1480x320,136G5_Sharp1000 S+M,linear skin in Gelo5_1480x320.116skins.zip; folder(s): template/1480x320_Gelo5 Spec&Met_521,219683,none stated in zip; hosting repo project-owner/PeppyMeter.doc is GPL-3.0 (LICENSE file); wiki states no terms for the skins,"Gelo5 - wiki: ""custom meters created by Grzegorz Pietrzak (user Gelo5 on Volumio forum)""; release uploaded by project-owner",,brand: Sharp (product face visible),visual #409 [F] Sharp-style power meter; no legible logo (checked on 1480x320_g5_521_ms)
Gelo5 / project-owner/PeppyMeter.doc release 2024.03.02,1920x1080,01G5_McIntosh,circular skin in Gelo5_1920x1080.120skins.zip; folder(s): templates/1920x1080_Gelo5 00-99 Skin_700; templates/1920x1080_Gelo5 01-20 Skin_701,966976,none stated in zip; hosting repo project-owner/PeppyMeter.doc is GPL-3.0 (LICENSE file); wiki states no terms for the skins,"Gelo5 - wiki: ""custom meters created by Grzegorz Pietrzak (user Gelo5 on Volumio forum)""; release uploaded by project-owner",,"brand: McIntosh (logo visible); Volumio (logo visible, not in name)",visual #024 [LF] McIntosh logo; product face; Volumio wordmark (checked on 1920x1080_g5_701_meters)
Gelo5 / project-owner/PeppyMeter.doc release 2024.03.02,1920x1080,02G5_McIntosh Hybrid,circular skin in Gelo5_1920x1080.120skins.zip; folder(s): templates/1920x1080_Gelo5 00-99 Skin_700; templates/1920x1080_Gelo5 01-20 Skin_701,1949624,none stated in zip; hosting repo project-owner/PeppyMeter.doc is GPL-3.0 (LICENSE file); wiki states no terms for the skins,"Gelo5 - wiki: ""custom meters created by Grzegorz Pietrzak (user Gelo5 on Volumio forum)""; release uploaded by project-owner",,"brand: McIntosh (logo visible); Volumio (logo visible, not in name)",visual #167 [LF] McIntosh logo; product face; Volumio wordmark (checked on 1920x1080_g5_701_meters)
Gelo5 / project-owner/PeppyMeter.doc release 2024.03.02,1920x1080,03G5_McIntosh Monoblock,circular skin in Gelo5_1920x1080.120skins.zip; folder(s): templates/1920x1080_Gelo5 00-99 Skin_700; templates/1920x1080_Gelo5 01-20 Skin_701,845354,none stated in zip; hosting repo project-owner/PeppyMeter.doc is GPL-3.0 (LICENSE file); wiki states no terms for the skins,"Gelo5 - wiki: ""custom meters created by Grzegorz Pietrzak (user Gelo5 on Volumio forum)""; release uploaded by project-owner",,brand: McIntosh (logo visible),visual #168 [LF] McIntosh logos; MEN220 / monoblock faces (checked on 1920x1080_g5_701_meters)
Gelo5 / project-owner/PeppyMeter.doc release 2024.03.02,1920x1080,04G5_McIntosh Tube,circular skin in Gelo5_1920x1080.120skins.zip; folder(s): templates/1920x1080_Gelo5 00-99 Skin_700; templates/1920x1080_Gelo5 01-20 Skin_701,1404553,none stated in zip; hosting repo project-owner/PeppyMeter.doc is GPL-3.0 (LICENSE file); wiki states no terms for the skins,"Gelo5 - wiki: ""custom meters created by Grzegorz Pietrzak (user Gelo5 on Volumio forum)""; release uploaded by project-owner",,brand: McIntosh (logo visible),visual #169 [LF] McIntosh tube amplifier photo; McIntosh logo (checked on 1920x1080_g5_701_meters)
Gelo5 / project-owner/PeppyMeter.doc release 2024.03.02,1920x1080,05G5_Accuphase,circular skin in Gelo5_1920x1080.120skins.zip; folder(s): templates/1920x1080_Gelo5 00-99 Skin_700; templates/1920x1080_Gelo5 01-20 Skin_701,1013039,none stated in zip; hosting repo project-owner/PeppyMeter.doc is GPL-3.0 (LICENSE file); wiki states no terms for the skins,"Gelo5 - wiki: ""custom meters created by Grzegorz Pietrzak (user Gelo5 on Volumio forum)""; release uploaded by project-owner",,"brand: Accuphase (logo visible); Volumio (logo visible, not in name)",visual #018 [LF] Accuphase logo on product face; also Volumio wordmark (checked on 1920x1080_g5_701_meters)
Gelo5 / project-owner/PeppyMeter.doc release 2024.03.02,1920x1080,06G5_Accuphase Monoblock,circular skin in Gelo5_1920x1080.120skins.zip; folder(s): templates/1920x1080_Gelo5 00-99 Skin_700; templates/1920x1080_Gelo5 01-20 Skin_701,1256395,none stated in zip; hosting repo project-owner/PeppyMeter.doc is GPL-3.0 (LICENSE file); wiki states no terms for the skins,"Gelo5 - wiki: ""custom meters created by Grzegorz Pietrzak (user Gelo5 on Volumio forum)""; release uploaded by project-owner",,brand: Accuphase (logo visible),visual #159 [LF] Accuphase logos; A-250 product faces (checked on 1920x1080_g5_701_meters)
Gelo5 / project-owner/PeppyMeter.doc release 2024.03.02,1920x1080,07G5_Marantz Silver,circular skin in Gelo5_1920x1080.120skins.zip; folder(s): templates/1920x1080_Gelo5 00-99 Skin_700; templates/1920x1080_Gelo5 01-20 Skin_701,1337737,none stated in zip; hosting repo project-owner/PeppyMeter.doc is GPL-3.0 (LICENSE file); wiki states no terms for the skins,"Gelo5 - wiki: ""custom meters created by Grzegorz Pietrzak (user Gelo5 on Volumio forum)""; release uploaded by project-owner",,"brand: Marantz (product face visible); Volumio (logo visible, not in name)",visual #166 [F] Marantz AV receiver face; Volumio wordmark; Marantz logo not legible at preview scale (checked on 1920x1080_g5_701_meters)
Gelo5 / project-owner/PeppyMeter.doc release 2024.03.02,1920x1080,08G5_Marantz Black,circular skin in Gelo5_1920x1080.120skins.zip; folder(s): templates/1920x1080_Gelo5 00-99 Skin_700; templates/1920x1080_Gelo5 01-20 Skin_701,1168701,none stated in zip; hosting repo project-owner/PeppyMeter.doc is GPL-3.0 (LICENSE file); wiki states no terms for the skins,"Gelo5 - wiki: ""custom meters created by Grzegorz Pietrzak (user Gelo5 on Volumio forum)""; release uploaded by project-owner",,"brand: Marantz (product face visible); Volumio (logo visible, not in name)",visual #165 [F] Marantz SR-series AV receiver face; Volumio wordmark; Marantz logo not legible at preview scale (checked on 1920x1080_g5_701_meters)
Gelo5 / project-owner/PeppyMeter.doc release 2024.03.02,1920x1080,09G5_Technics1600_Silver,circular skin in Gelo5_1920x1080.120skins.zip; folder(s): templates/1920x1080_Gelo5 00-99 Skin_700; templates/1920x1080_Gelo5 01-20 Skin_701,1114373,none stated in zip; hosting repo project-owner/PeppyMeter.doc is GPL-3.0 (LICENSE file); wiki states no terms for the skins,"Gelo5 - wiki: ""custom meters created by Grzegorz Pietrzak (user Gelo5 on Volumio forum)""; release uploaded by project-owner",,brand: Technics (logo visible),visual #174 [LF] Technics face; Technics wordmark small (checked on 1920x1080_g5_701_meters)
Gelo5 / project-owner/PeppyMeter.doc release 2024.03.02,1920x1080,10G5_Technics1600_Black,circular skin in Gelo5_1920x1080.120skins.zip; folder(s): templates/1920x1080_Gelo5 00-99 Skin_700; templates/1920x1080_Gelo5 01-20 Skin_701,1065616,none stated in zip; hosting repo project-owner/PeppyMeter.doc is GPL-3.0 (LICENSE file); wiki states no terms for the skins,"Gelo5 - wiki: ""custom meters created by Grzegorz Pietrzak (user Gelo5 on Volumio forum)""; release uploaded by project-owner",,brand: Technics (logo visible),visual #172 [LF] Technics SU-G700/1600-style face; Technics wordmark small (checked on 1920x1080_g5_701_meters)
Gelo5 / project-owner/PeppyMeter.doc release 2024.03.02,1920x1080,11G5_Technics1600_Black-Silver,circular skin in Gelo5_1920x1080.120skins.zip; folder(s): templates/1920x1080_Gelo5 00-99 Skin_700; templates/1920x1080_Gelo5 01-20 Skin_701,1226049,none stated in zip; hosting repo project-owner/PeppyMeter.doc is GPL-3.0 (LICENSE file); wiki states no terms for the skins,"Gelo5 - wiki: ""custom meters created by Grzegorz Pietrzak (user Gelo5 on Volumio forum)""; release uploaded by project-owner",,brand: Technics (logo visible),visual #173 [LF] Technics face; Technics wordmark small (checked on 1920x1080_g5_701_meters)
Gelo5 / project-owner/PeppyMeter.doc release 2024.03.02,1920x1080,12G5_Audio Research,circular skin in Gelo5_1920x1080.120skins.zip; folder(s): templates/1920x1080_Gelo5 00-99 Skin_700; templates/1920x1080_Gelo5 01-20 Skin_701,1937505,none stated in zip; hosting repo project-owner/PeppyMeter.doc is GPL-3.0 (LICENSE file); wiki states no terms for the skins,"Gelo5 - wiki: ""custom meters created by Grzegorz Pietrzak (user Gelo5 on Volumio forum)""; release uploaded by project-owner",,brand: Audio Research (logo visible),"visual #039 [LF] Audio Research product face, audio research wordmark (checked on 1920x1080_g5_701_meters)"
Gelo5 / project-owner/PeppyMeter.doc release 2024.03.02,1920x1080,13G5_Kenwood Reverse,circular skin in Gelo5_1920x1080.120skins.zip; folder(s): templates/1920x1080_Gelo5 00-99 Skin_700; templates/1920x1080_Gelo5 01-20 Skin_701,2143930,none stated in zip; hosting repo project-owner/PeppyMeter.doc is GPL-3.0 (LICENSE file); wiki states no terms for the skins,"Gelo5 - wiki: ""custom meters created by Grzegorz Pietrzak (user Gelo5 on Volumio forum)""; release uploaded by project-owner",,brand: Kenwood (product face visible),visual #163 [F] Kenwood-style amplifier face; no legible logo (checked on 1920x1080_g5_701_meters)
Gelo5 / project-owner/PeppyMeter.doc release 2024.03.02,1920x1080,14G5_Kenwood Ver,circular skin in Gelo5_1920x1080.120skins.zip; folder(s): templates/1920x1080_Gelo5 00-99 Skin_700; templates/1920x1080_Gelo5 01-20 Skin_701,2056122,none stated in zip; hosting repo project-owner/PeppyMeter.doc is GPL-3.0 (LICENSE file); wiki states no terms for the skins,"Gelo5 - wiki: ""custom meters created by Grzegorz Pietrzak (user Gelo5 on Volumio forum)""; release uploaded by project-owner",,brand: Kenwood (name only),visual #164 [G]  (checked on 1920x1080_g5_701_meters)
Gelo5 / project-owner/PeppyMeter.doc release 2024.03.02,1920x1080,15G5_Naim green,circular skin in Gelo5_1920x1080.120skins.zip; folder(s): templates/1920x1080_Gelo5 00-99 Skin_700; templates/1920x1080_Gelo5 01-20 Skin_701,1166545,none stated in zip; hosting repo project-owner/PeppyMeter.doc is GPL-3.0 (LICENSE file); wiki states no terms for the skins,"Gelo5 - wiki: ""custom meters created by Grzegorz Pietrzak (user Gelo5 on Volumio forum)""; release uploaded by project-owner",,brand: Naim (logo visible),visual #170 [LF] Naim logos; product face (checked on 1920x1080_g5_701_meters)
Gelo5 / project-owner/PeppyMeter.doc release 2024.03.02,1920x1080,16G5_Naim2,circular skin in Gelo5_1920x1080.120skins.zip; folder(s): templates/1920x1080_Gelo5 00-99 Skin_700; templates/1920x1080_Gelo5 01-20 Skin_701,1295460,none stated in zip; hosting repo project-owner/PeppyMeter.doc is GPL-3.0 (LICENSE file); wiki states no terms for the skins,"Gelo5 - wiki: ""custom meters created by Grzegorz Pietrzak (user Gelo5 on Volumio forum)""; release uploaded by project-owner",,brand: Naim (logo visible),visual #026 [L] Naim logo (checked on 1920x1080_g5_701_meters)
Gelo5 / project-owner/PeppyMeter.doc release 2024.03.02,1920x1080,17G5_Naim Reverse,circular skin in Gelo5_1920x1080.120skins.zip; folder(s): templates/1920x1080_Gelo5 00-99 Skin_700; templates/1920x1080_Gelo5 01-20 Skin_701,980115,none stated in zip; hosting repo project-owner/PeppyMeter.doc is GPL-3.0 (LICENSE file); wiki states no terms for the skins,"Gelo5 - wiki: ""custom meters created by Grzegorz Pietrzak (user Gelo5 on Volumio forum)""; release uploaded by project-owner",,brand: Naim (product face visible),visual #171 [L] Naim-style face (logo not on this preview) (checked on 1920x1080_g5_701_meters)
Gelo5 / project-owner/PeppyMeter.doc release 2024.03.02,1920x1080,18G5_Advanced X220,circular skin in Gelo5_1920x1080.120skins.zip; folder(s): templates/1920x1080_Gelo5 00-99 Skin_700; templates/1920x1080_Gelo5 01-20 Skin_701,1161843,none stated in zip; hosting repo project-owner/PeppyMeter.doc is GPL-3.0 (LICENSE file); wiki states no terms for the skins,"Gelo5 - wiki: ""custom meters created by Grzegorz Pietrzak (user Gelo5 on Volumio forum)""; release uploaded by project-owner",,brand: Advance Acoustic (logo visible),visual #161 [LF] Advance Acoustic logos; X-i220 product face (checked on 1920x1080_g5_701_meters)
Gelo5 / project-owner/PeppyMeter.doc release 2024.03.02,1920x1080,19G5_Advanced X220EVO,circular skin in Gelo5_1920x1080.120skins.zip; folder(s): templates/1920x1080_Gelo5 00-99 Skin_700; templates/1920x1080_Gelo5 01-20 Skin_701,907854,none stated in zip; hosting repo project-owner/PeppyMeter.doc is GPL-3.0 (LICENSE file); wiki states no terms for the skins,"Gelo5 - wiki: ""custom meters created by Grzegorz Pietrzak (user Gelo5 on Volumio forum)""; release uploaded by project-owner",,brand: Advance Acoustic (logo visible),visual #162 [LF] Advance Acoustic logos; X-i220 EVO product face (checked on 1920x1080_g5_701_meters)
Gelo5 / project-owner/PeppyMeter.doc release 2024.03.02,1920x1080,20G5_Advanced Combi,circular skin in Gelo5_1920x1080.120skins.zip; folder(s): templates/1920x1080_Gelo5 00-99 Skin_700; templates/1920x1080_Gelo5 01-20 Skin_701,1810102,none stated in zip; hosting repo project-owner/PeppyMeter.doc is GPL-3.0 (LICENSE file); wiki states no terms for the skins,"Gelo5 - wiki: ""custom meters created by Grzegorz Pietrzak (user Gelo5 on Volumio forum)""; release uploaded by project-owner",,brand: Advance Acoustic (logo visible),visual #160 [LF] Advance Acoustic logos; product faces (checked on 1920x1080_g5_701_meters)
Gelo5 / project-owner/PeppyMeter.doc release 2024.03.02,1920x1080,21G5_Akai Reverse,circular skin in Gelo5_1920x1080.120skins.zip; folder(s): templates/1920x1080_Gelo5 00-99 Skin_700; templates/1920x1080_Gelo5 21-40 Skin_702,2142810,none stated in zip; hosting repo project-owner/PeppyMeter.doc is GPL-3.0 (LICENSE file); wiki states no terms for the skins,"Gelo5 - wiki: ""custom meters created by Grzegorz Pietrzak (user Gelo5 on Volumio forum)""; release uploaded by project-owner",,brand: Akai (logo visible),"visual #175 [LF] Akai reel-to-reel face; ""AKAI"" on meter faces (checked on 1920x1080_g5_702_meters)"
Gelo5 / project-owner/PeppyMeter.doc release 2024.03.02,1920x1080,22G5_Hitachi HMA7500 Black,circular skin in Gelo5_1920x1080.120skins.zip; folder(s): templates/1920x1080_Gelo5 00-99 Skin_700; templates/1920x1080_Gelo5 21-40 Skin_702,2888659,none stated in zip; hosting repo project-owner/PeppyMeter.doc is GPL-3.0 (LICENSE file); wiki states no terms for the skins,"Gelo5 - wiki: ""custom meters created by Grzegorz Pietrzak (user Gelo5 on Volumio forum)""; release uploaded by project-owner",,brand: Hitachi (logo visible),"visual #178 [LF] ""HITACHI"" on meters; HMA-7500 product face (checked on 1920x1080_g5_702_meters)"
Gelo5 / project-owner/PeppyMeter.doc release 2024.03.02,1920x1080,23G5_Hitachi HCA7500 Silver,circular skin in Gelo5_1920x1080.120skins.zip; folder(s): templates/1920x1080_Gelo5 00-99 Skin_700; templates/1920x1080_Gelo5 21-40 Skin_702,2709358,none stated in zip; hosting repo project-owner/PeppyMeter.doc is GPL-3.0 (LICENSE file); wiki states no terms for the skins,"Gelo5 - wiki: ""custom meters created by Grzegorz Pietrzak (user Gelo5 on Volumio forum)""; release uploaded by project-owner",,brand: Hitachi (logo visible),"visual #177 [LF] ""HITACHI"" HCA-7500/HMA-7500 product faces (checked on 1920x1080_g5_702_meters)"
Gelo5 / project-owner/PeppyMeter.doc release 2024.03.02,1920x1080,24G5_Luxman Gold,circular skin in Gelo5_1920x1080.120skins.zip; folder(s): templates/1920x1080_Gelo5 00-99 Skin_700; templates/1920x1080_Gelo5 21-40 Skin_702,3243829,none stated in zip; hosting repo project-owner/PeppyMeter.doc is GPL-3.0 (LICENSE file); wiki states no terms for the skins,"Gelo5 - wiki: ""custom meters created by Grzegorz Pietrzak (user Gelo5 on Volumio forum)""; release uploaded by project-owner",,brand: Luxman (logo visible),"visual #180 [LF] ""LUXMAN"" logos; C-03/L-series product faces (checked on 1920x1080_g5_702_meters)"
Gelo5 / project-owner/PeppyMeter.doc release 2024.03.02,1920x1080,25G5_Leben,circular skin in Gelo5_1920x1080.120skins.zip; folder(s): templates/1920x1080_Gelo5 00-99 Skin_700; templates/1920x1080_Gelo5 21-40 Skin_702,1537597,none stated in zip; hosting repo project-owner/PeppyMeter.doc is GPL-3.0 (LICENSE file); wiki states no terms for the skins,"Gelo5 - wiki: ""custom meters created by Grzegorz Pietrzak (user Gelo5 on Volumio forum)""; release uploaded by project-owner",,brand: Leben (logo visible),visual #179 [LF] Leben tube amplifier photo; Leben logo small (checked on 1920x1080_g5_702_meters)
Gelo5 / project-owner/PeppyMeter.doc release 2024.03.02,1920x1080,26G5_NAD,circular skin in Gelo5_1920x1080.120skins.zip; folder(s): templates/1920x1080_Gelo5 00-99 Skin_700; templates/1920x1080_Gelo5 21-40 Skin_702,648675,none stated in zip; hosting repo project-owner/PeppyMeter.doc is GPL-3.0 (LICENSE file); wiki states no terms for the skins,"Gelo5 - wiki: ""custom meters created by Grzegorz Pietrzak (user Gelo5 on Volumio forum)""; release uploaded by project-owner",,brand: NAD (logo visible),visual #181 [LF] NAD logos; T 787 / C 338 product faces (checked on 1920x1080_g5_702_meters)
Gelo5 / project-owner/PeppyMeter.doc release 2024.03.02,1920x1080,27G5_NAD C3050HD,circular skin in Gelo5_1920x1080.120skins.zip; folder(s): templates/1920x1080_Gelo5 00-99 Skin_700; templates/1920x1080_Gelo5 21-40 Skin_702,1387695,none stated in zip; hosting repo project-owner/PeppyMeter.doc is GPL-3.0 (LICENSE file); wiki states no terms for the skins,"Gelo5 - wiki: ""custom meters created by Grzegorz Pietrzak (user Gelo5 on Volumio forum)""; release uploaded by project-owner",,brand: NAD (logo visible),"visual #182 [LF] NAD logo, ""New Acoustic Dimension"", C 3050 product face (checked on 1920x1080_g5_702_meters)"
Gelo5 / project-owner/PeppyMeter.doc release 2024.03.02,1920x1080,28G5_T+A,circular skin in Gelo5_1920x1080.120skins.zip; folder(s): templates/1920x1080_Gelo5 00-99 Skin_700; templates/1920x1080_Gelo5 21-40 Skin_702,876480,none stated in zip; hosting repo project-owner/PeppyMeter.doc is GPL-3.0 (LICENSE file); wiki states no terms for the skins,"Gelo5 - wiki: ""custom meters created by Grzegorz Pietrzak (user Gelo5 on Volumio forum)""; release uploaded by project-owner",,brand: T+A (logo visible),visual #183 [L] T+A logo (checked on 1920x1080_g5_702_meters)
Gelo5 / project-owner/PeppyMeter.doc release 2024.03.02,1920x1080,29G5_VU Single Yellow,linear skin in Gelo5_1920x1080.120skins.zip; folder(s): templates/1920x1080_Gelo5 00-99 Skin_700; templates/1920x1080_Gelo5 21-40 Skin_702,883378,none stated in zip; hosting repo project-owner/PeppyMeter.doc is GPL-3.0 (LICENSE file); wiki states no terms for the skins,"Gelo5 - wiki: ""custom meters created by Grzegorz Pietrzak (user Gelo5 on Volumio forum)""; release uploaded by project-owner",,generic,visual #192 [G]  (checked on 1920x1080_g5_702_meters)
Gelo5 / project-owner/PeppyMeter.doc release 2024.03.02,1920x1080,30G5_VU Single Blue,linear skin in Gelo5_1920x1080.120skins.zip; folder(s): templates/1920x1080_Gelo5 00-99 Skin_700; templates/1920x1080_Gelo5 21-40 Skin_702,833996,none stated in zip; hosting repo project-owner/PeppyMeter.doc is GPL-3.0 (LICENSE file); wiki states no terms for the skins,"Gelo5 - wiki: ""custom meters created by Grzegorz Pietrzak (user Gelo5 on Volumio forum)""; release uploaded by project-owner",,generic,visual #191 [G]  (checked on 1920x1080_g5_702_meters)
Gelo5 / project-owner/PeppyMeter.doc release 2024.03.02,1920x1080,31G5_Wadax,circular skin in Gelo5_1920x1080.120skins.zip; folder(s): templates/1920x1080_Gelo5 00-99 Skin_700; templates/1920x1080_Gelo5 21-40 Skin_702,780264,none stated in zip; hosting repo project-owner/PeppyMeter.doc is GPL-3.0 (LICENSE file); wiki states no terms for the skins,"Gelo5 - wiki: ""custom meters created by Grzegorz Pietrzak (user Gelo5 on Volumio forum)""; release uploaded by project-owner",,brand: Wadax (logo visible),"visual #193 [LF] ""WADAX"" logos, ""ATLANTIS""; product face (checked on 1920x1080_g5_702_meters)"
Gelo5 / project-owner/PeppyMeter.doc release 2024.03.02,1920x1080,32G5_ClasseM,circular skin in Gelo5_1920x1080.120skins.zip; folder(s): templates/1920x1080_Gelo5 00-99 Skin_700; templates/1920x1080_Gelo5 21-40 Skin_702,1279315,none stated in zip; hosting repo project-owner/PeppyMeter.doc is GPL-3.0 (LICENSE file); wiki states no terms for the skins,"Gelo5 - wiki: ""custom meters created by Grzegorz Pietrzak (user Gelo5 on Volumio forum)""; release uploaded by project-owner",,brand: Classé (logo visible),"visual #176 [LF] ""CLASSE"" logos; product faces (checked on 1920x1080_g5_702_meters)"
Gelo5 / project-owner/PeppyMeter.doc release 2024.03.02,1920x1080,33G5_Klanghelm,circular skin in Gelo5_1920x1080.120skins.zip; folder(s): templates/1920x1080_Gelo5 00-99 Skin_700; templates/1920x1080_Gelo5 21-40 Skin_702,1552460,none stated in zip; hosting repo project-owner/PeppyMeter.doc is GPL-3.0 (LICENSE file); wiki states no terms for the skins,"Gelo5 - wiki: ""custom meters created by Grzegorz Pietrzak (user Gelo5 on Volumio forum)""; release uploaded by project-owner",,"brand: Klanghelm (product face visible); Volumio (logo visible, not in name)",visual #048 [LF] Klanghelm VUMT plugin UI imitation; Volumio wordmark (checked on 1920x1080_g5_702_meters)
Gelo5 / project-owner/PeppyMeter.doc release 2024.03.02,1920x1080,34G5_TURN Vinyl Orange,circular skin in Gelo5_1920x1080.120skins.zip; folder(s): templates/1920x1080_Gelo5 00-99 Skin_700; templates/1920x1080_Gelo5 21-40 Skin_702,2075684,none stated in zip; hosting repo project-owner/PeppyMeter.doc is GPL-3.0 (LICENSE file); wiki states no terms for the skins,"Gelo5 - wiki: ""custom meters created by Grzegorz Pietrzak (user Gelo5 on Volumio forum)""; release uploaded by project-owner",,"brand: Volumio (logo visible, not in name)",visual #189 [F] turntable photo; Volumio wordmark faint (checked on 1920x1080_g5_702_meters)
Gelo5 / project-owner/PeppyMeter.doc release 2024.03.02,1920x1080,35G5_TURN Vinyl Green,circular skin in Gelo5_1920x1080.120skins.zip; folder(s): templates/1920x1080_Gelo5 00-99 Skin_700; templates/1920x1080_Gelo5 21-40 Skin_702,1474090,none stated in zip; hosting repo project-owner/PeppyMeter.doc is GPL-3.0 (LICENSE file); wiki states no terms for the skins,"Gelo5 - wiki: ""custom meters created by Grzegorz Pietrzak (user Gelo5 on Volumio forum)""; release uploaded by project-owner",,"brand: Volumio (logo visible, not in name)",visual #187 [F] turntable photo; Volumio wordmark faint (checked on 1920x1080_g5_702_meters)
Gelo5 / project-owner/PeppyMeter.doc release 2024.03.02,1920x1080,36G5_TURN Vinyl Green2,circular skin in Gelo5_1920x1080.120skins.zip; folder(s): templates/1920x1080_Gelo5 00-99 Skin_700; templates/1920x1080_Gelo5 21-40 Skin_702,1271290,none stated in zip; hosting repo project-owner/PeppyMeter.doc is GPL-3.0 (LICENSE file); wiki states no terms for the skins,"Gelo5 - wiki: ""custom meters created by Grzegorz Pietrzak (user Gelo5 on Volumio forum)""; release uploaded by project-owner",,"generic (real product photo, maker not identified)",visual #188 [F] turntable photo (checked on 1920x1080_g5_702_meters)
Gelo5 / project-owner/PeppyMeter.doc release 2024.03.02,1920x1080,37G5_TURN Vinyl Silver,circular skin in Gelo5_1920x1080.120skins.zip; folder(s): templates/1920x1080_Gelo5 00-99 Skin_700; templates/1920x1080_Gelo5 21-40 Skin_702,1742748,none stated in zip; hosting repo project-owner/PeppyMeter.doc is GPL-3.0 (LICENSE file); wiki states no terms for the skins,"Gelo5 - wiki: ""custom meters created by Grzegorz Pietrzak (user Gelo5 on Volumio forum)""; release uploaded by project-owner",,"brand: Volumio (logo visible, not in name)",visual #190 [F] turntable photo; Volumio wordmark faint (checked on 1920x1080_g5_702_meters)
Gelo5 / project-owner/PeppyMeter.doc release 2024.03.02,1920x1080,38G5_TURN Vinyl Black,circular skin in Gelo5_1920x1080.120skins.zip; folder(s): templates/1920x1080_Gelo5 00-99 Skin_700; templates/1920x1080_Gelo5 21-40 Skin_702,1761743,none stated in zip; hosting repo project-owner/PeppyMeter.doc is GPL-3.0 (LICENSE file); wiki states no terms for the skins,"Gelo5 - wiki: ""custom meters created by Grzegorz Pietrzak (user Gelo5 on Volumio forum)""; release uploaded by project-owner",,"brand: Volumio (logo visible, not in name)",visual #185 [F] turntable photo; Volumio wordmark faint (checked on 1920x1080_g5_702_meters)
Gelo5 / project-owner/PeppyMeter.doc release 2024.03.02,1920x1080,39G5_TURN Vinyl Blue,circular skin in Gelo5_1920x1080.120skins.zip; folder(s): templates/1920x1080_Gelo5 00-99 Skin_700; templates/1920x1080_Gelo5 21-40 Skin_702,2035182,none stated in zip; hosting repo project-owner/PeppyMeter.doc is GPL-3.0 (LICENSE file); wiki states no terms for the skins,"Gelo5 - wiki: ""custom meters created by Grzegorz Pietrzak (user Gelo5 on Volumio forum)""; release uploaded by project-owner",,"brand: Volumio (logo visible, not in name)",visual #186 [F] turntable photo; Volumio wordmark faint (checked on 1920x1080_g5_702_meters)
Gelo5 / project-owner/PeppyMeter.doc release 2024.03.02,1920x1080,40G5_TAPE,circular skin in Gelo5_1920x1080.120skins.zip; folder(s): templates/1920x1080_Gelo5 00-99 Skin_700; templates/1920x1080_Gelo5 21-40 Skin_702,1145804,none stated in zip; hosting repo project-owner/PeppyMeter.doc is GPL-3.0 (LICENSE file); wiki states no terms for the skins,"Gelo5 - wiki: ""custom meters created by Grzegorz Pietrzak (user Gelo5 on Volumio forum)""; release uploaded by project-owner",,"brand: Volumio (logo visible, not in name)",visual #184 [F] reel-to-reel and cassette deck photos; Volumio wordmark (checked on 1920x1080_g5_702_meters)
Gelo5 / project-owner/PeppyMeter.doc release 2024.03.02,1920x1080,41G5_Sansui,linear skin in Gelo5_1920x1080.120skins.zip; folder(s): templates/1920x1080_Gelo5 00-99 Skin_700; templates/1920x1080_Gelo5 41-60 Skin_703,930277,none stated in zip; hosting repo project-owner/PeppyMeter.doc is GPL-3.0 (LICENSE file); wiki states no terms for the skins,"Gelo5 - wiki: ""custom meters created by Grzegorz Pietrzak (user Gelo5 on Volumio forum)""; release uploaded by project-owner",,"brand: Sansui (logo visible); Volumio (logo visible, not in name)",visual #074 [LF] Sansui logo; product face; Volumio wordmark (checked on 1920x1080_g5_703_meters)
Gelo5 / project-owner/PeppyMeter.doc release 2024.03.02,1920x1080,42G5_Sansui 2V,linear skin in Gelo5_1920x1080.120skins.zip; folder(s): templates/1920x1080_Gelo5 00-99 Skin_700; templates/1920x1080_Gelo5 41-60 Skin_703,1921889,none stated in zip; hosting repo project-owner/PeppyMeter.doc is GPL-3.0 (LICENSE file); wiki states no terms for the skins,"Gelo5 - wiki: ""custom meters created by Grzegorz Pietrzak (user Gelo5 on Volumio forum)""; release uploaded by project-owner",,brand: Sansui (logo visible),visual #202 [LF] Sansui logo; product faces (checked on 1920x1080_g5_703_meters)
Gelo5 / project-owner/PeppyMeter.doc release 2024.03.02,1920x1080,43G5_Dorrough,linear skin in Gelo5_1920x1080.120skins.zip; folder(s): templates/1920x1080_Gelo5 00-99 Skin_700; templates/1920x1080_Gelo5 41-60 Skin_703,939006,none stated in zip; hosting repo project-owner/PeppyMeter.doc is GPL-3.0 (LICENSE file); wiki states no terms for the skins,"Gelo5 - wiki: ""custom meters created by Grzegorz Pietrzak (user Gelo5 on Volumio forum)""; release uploaded by project-owner",,brand: Dorrough (logo visible),"visual #195 [L] Dorrough logo, ""MODEL 40-A2"" (checked on 1920x1080_g5_703_meters)"
Gelo5 / project-owner/PeppyMeter.doc release 2024.03.02,1920x1080,44G5_Dorrough border,linear skin in Gelo5_1920x1080.120skins.zip; folder(s): templates/1920x1080_Gelo5 00-99 Skin_700; templates/1920x1080_Gelo5 41-60 Skin_703,1280893,none stated in zip; hosting repo project-owner/PeppyMeter.doc is GPL-3.0 (LICENSE file); wiki states no terms for the skins,"Gelo5 - wiki: ""custom meters created by Grzegorz Pietrzak (user Gelo5 on Volumio forum)""; release uploaded by project-owner",,brand: Dorrough (logo visible),"visual #196 [L] Dorrough logo, ""MODEL 40-A2"" (checked on 1920x1080_g5_703_meters)"
Gelo5 / project-owner/PeppyMeter.doc release 2024.03.02,1920x1080,45G5_Dorrough Vertical,linear skin in Gelo5_1920x1080.120skins.zip; folder(s): templates/1920x1080_Gelo5 00-99 Skin_700; templates/1920x1080_Gelo5 41-60 Skin_703,1733110,none stated in zip; hosting repo project-owner/PeppyMeter.doc is GPL-3.0 (LICENSE file); wiki states no terms for the skins,"Gelo5 - wiki: ""custom meters created by Grzegorz Pietrzak (user Gelo5 on Volumio forum)""; release uploaded by project-owner",,brand: Dorrough (logo visible),visual #065 [L] Dorrough logos on meters (checked on 1920x1080_g5_703_meters)
Gelo5 / project-owner/PeppyMeter.doc release 2024.03.02,1920x1080,46G5_MarantzCD,linear skin in Gelo5_1920x1080.120skins.zip; folder(s): templates/1920x1080_Gelo5 00-99 Skin_700; templates/1920x1080_Gelo5 41-60 Skin_703,1161812,none stated in zip; hosting repo project-owner/PeppyMeter.doc is GPL-3.0 (LICENSE file); wiki states no terms for the skins,"Gelo5 - wiki: ""custom meters created by Grzegorz Pietrzak (user Gelo5 on Volumio forum)""; release uploaded by project-owner",,brand: Marantz (logo visible),visual #069 [LF] Marantz wordmark; product face (checked on 1920x1080_g5_703_meters)
Gelo5 / project-owner/PeppyMeter.doc release 2024.03.02,1920x1080,47G5_Violin,linear skin in Gelo5_1920x1080.120skins.zip; folder(s): templates/1920x1080_Gelo5 00-99 Skin_700; templates/1920x1080_Gelo5 41-60 Skin_703,418655,none stated in zip; hosting repo project-owner/PeppyMeter.doc is GPL-3.0 (LICENSE file); wiki states no terms for the skins,"Gelo5 - wiki: ""custom meters created by Grzegorz Pietrzak (user Gelo5 on Volumio forum)""; release uploaded by project-owner",,generic,visual #207 [G]  (checked on 1920x1080_g5_703_meters)
Gelo5 / project-owner/PeppyMeter.doc release 2024.03.02,1920x1080,48G5_PioneerCT Deck,linear skin in Gelo5_1920x1080.120skins.zip; folder(s): templates/1920x1080_Gelo5 00-99 Skin_700; templates/1920x1080_Gelo5 41-60 Skin_703,829782,none stated in zip; hosting repo project-owner/PeppyMeter.doc is GPL-3.0 (LICENSE file); wiki states no terms for the skins,"Gelo5 - wiki: ""custom meters created by Grzegorz Pietrzak (user Gelo5 on Volumio forum)""; release uploaded by project-owner",,"brand: Pioneer (product face visible); TDK (product face visible, not in name)",visual #200 [LF] PIONEER CT-F950 cassette deck face; TDK cassette (checked on 1920x1080_g5_703_meters)
Gelo5 / project-owner/PeppyMeter.doc release 2024.03.02,1920x1080,49G5_Pioneer M90,linear skin in Gelo5_1920x1080.120skins.zip; folder(s): templates/1920x1080_Gelo5 00-99 Skin_700; templates/1920x1080_Gelo5 41-60 Skin_703,2294694,none stated in zip; hosting repo project-owner/PeppyMeter.doc is GPL-3.0 (LICENSE file); wiki states no terms for the skins,"Gelo5 - wiki: ""custom meters created by Grzegorz Pietrzak (user Gelo5 on Volumio forum)""; release uploaded by project-owner",,brand: Pioneer (logo visible),"visual #201 [LF] Pioneer M-90 / C-90 ""Reference"" faces, PIONEER logo (checked on 1920x1080_g5_703_meters)"
Gelo5 / project-owner/PeppyMeter.doc release 2024.03.02,1920x1080,50G5_Sony,linear skin in Gelo5_1920x1080.120skins.zip; folder(s): templates/1920x1080_Gelo5 00-99 Skin_700; templates/1920x1080_Gelo5 41-60 Skin_703,523779,none stated in zip; hosting repo project-owner/PeppyMeter.doc is GPL-3.0 (LICENSE file); wiki states no terms for the skins,"Gelo5 - wiki: ""custom meters created by Grzegorz Pietrzak (user Gelo5 on Volumio forum)""; release uploaded by project-owner",,brand: Sony (logo visible),visual #204 [LF] SONY logos; product faces (checked on 1920x1080_g5_703_meters)
Gelo5 / project-owner/PeppyMeter.doc release 2024.03.02,1920x1080,51G5_Abrahamsen,linear skin in Gelo5_1920x1080.120skins.zip; folder(s): templates/1920x1080_Gelo5 00-99 Skin_700; templates/1920x1080_Gelo5 41-60 Skin_703,670193,none stated in zip; hosting repo project-owner/PeppyMeter.doc is GPL-3.0 (LICENSE file); wiki states no terms for the skins,"Gelo5 - wiki: ""custom meters created by Grzegorz Pietrzak (user Gelo5 on Volumio forum)""; release uploaded by project-owner",,"brand: Electrocompaniet (logo visible, not in name)",visual #058 [LF] Electrocompaniet wordmark and product face (named Abrahamsen) (checked on 1920x1080_g5_703_meters)
Gelo5 / project-owner/PeppyMeter.doc release 2024.03.02,1920x1080,52G5_Yamaha M85,linear skin in Gelo5_1920x1080.120skins.zip; folder(s): templates/1920x1080_Gelo5 00-99 Skin_700; templates/1920x1080_Gelo5 41-60 Skin_703,1215929,none stated in zip; hosting repo project-owner/PeppyMeter.doc is GPL-3.0 (LICENSE file); wiki states no terms for the skins,"Gelo5 - wiki: ""custom meters created by Grzegorz Pietrzak (user Gelo5 on Volumio forum)""; release uploaded by project-owner",,brand: Yamaha (logo visible),visual #209 [LF] YAMAHA logos (small); M-85 product face (checked on 1920x1080_g5_703_meters)
Gelo5 / project-owner/PeppyMeter.doc release 2024.03.02,1920x1080,53G5_Yamaha DJ,linear skin in Gelo5_1920x1080.120skins.zip; folder(s): templates/1920x1080_Gelo5 00-99 Skin_700; templates/1920x1080_Gelo5 41-60 Skin_703,1674405,none stated in zip; hosting repo project-owner/PeppyMeter.doc is GPL-3.0 (LICENSE file); wiki states no terms for the skins,"Gelo5 - wiki: ""custom meters created by Grzegorz Pietrzak (user Gelo5 on Volumio forum)""; release uploaded by project-owner",,brand: Yamaha (logo visible),"visual #208 [LF] Yamaha CL5 mixing console photo, YAMAHA logo (checked on 1920x1080_g5_703_meters)"
Gelo5 / project-owner/PeppyMeter.doc release 2024.03.02,1920x1080,54G5_Vincent,linear skin in Gelo5_1920x1080.120skins.zip; folder(s): templates/1920x1080_Gelo5 00-99 Skin_700; templates/1920x1080_Gelo5 41-60 Skin_703,1826883,none stated in zip; hosting repo project-owner/PeppyMeter.doc is GPL-3.0 (LICENSE file); wiki states no terms for the skins,"Gelo5 - wiki: ""custom meters created by Grzegorz Pietrzak (user Gelo5 on Volumio forum)""; release uploaded by project-owner",,brand: Vincent (logo visible),visual #206 [LF] Vincent script logo; SV-234 product faces (checked on 1920x1080_g5_703_meters)
Gelo5 / project-owner/PeppyMeter.doc release 2024.03.02,1920x1080,55G5_SKS12 Vertical,linear skin in Gelo5_1920x1080.120skins.zip; folder(s): templates/1920x1080_Gelo5 00-99 Skin_700; templates/1920x1080_Gelo5 41-60 Skin_703,1383644,none stated in zip; hosting repo project-owner/PeppyMeter.doc is GPL-3.0 (LICENSE file); wiki states no terms for the skins,"Gelo5 - wiki: ""custom meters created by Grzegorz Pietrzak (user Gelo5 on Volumio forum)""; release uploaded by project-owner",,generic,visual #203 [G]  (checked on 1920x1080_g5_703_meters)
Gelo5 / project-owner/PeppyMeter.doc release 2024.03.02,1920x1080,56G5_Full Cassette,linear skin in Gelo5_1920x1080.120skins.zip; folder(s): templates/1920x1080_Gelo5 00-99 Skin_700; templates/1920x1080_Gelo5 41-60 Skin_703,821969,none stated in zip; hosting repo project-owner/PeppyMeter.doc is GPL-3.0 (LICENSE file); wiki states no terms for the skins,"Gelo5 - wiki: ""custom meters created by Grzegorz Pietrzak (user Gelo5 on Volumio forum)""; release uploaded by project-owner",,"brand: Pioneer (logo visible, not in name)","visual #488 [L] ""PIONEER N1-60"" cassette label with Pioneer logo (checked on Gelo5_1920x1080.120skins)"
Gelo5 / project-owner/PeppyMeter.doc release 2024.03.02,1920x1080,57G5_Teac Cassette,linear skin in Gelo5_1920x1080.120skins.zip; folder(s): templates/1920x1080_Gelo5 00-99 Skin_700; templates/1920x1080_Gelo5 41-60 Skin_703,930970,none stated in zip; hosting repo project-owner/PeppyMeter.doc is GPL-3.0 (LICENSE file); wiki states no terms for the skins,"Gelo5 - wiki: ""custom meters created by Grzegorz Pietrzak (user Gelo5 on Volumio forum)""; release uploaded by project-owner",,brand: TEAC (logo visible),"visual #205 [LF] TEAC W-1200 cassette deck face, TEAC logo (checked on 1920x1080_g5_703_meters)"
Gelo5 / project-owner/PeppyMeter.doc release 2024.03.02,1920x1080,58G5_Burmaster,linear skin in Gelo5_1920x1080.120skins.zip; folder(s): templates/1920x1080_Gelo5 00-99 Skin_700; templates/1920x1080_Gelo5 41-60 Skin_703,1624790,none stated in zip; hosting repo project-owner/PeppyMeter.doc is GPL-3.0 (LICENSE file); wiki states no terms for the skins,"Gelo5 - wiki: ""custom meters created by Grzegorz Pietrzak (user Gelo5 on Volumio forum)""; release uploaded by project-owner",,brand: Burmester (logo visible),visual #194 [LF] Burmester script logo; product face (checked on 1920x1080_g5_703_meters)
Gelo5 / project-owner/PeppyMeter.doc release 2024.03.02,1920x1080,59G5_Fire Rock,linear skin in Gelo5_1920x1080.120skins.zip; folder(s): templates/1920x1080_Gelo5 00-99 Skin_700; templates/1920x1080_Gelo5 41-60 Skin_703,946525,none stated in zip; hosting repo project-owner/PeppyMeter.doc is GPL-3.0 (LICENSE file); wiki states no terms for the skins,"Gelo5 - wiki: ""custom meters created by Grzegorz Pietrzak (user Gelo5 on Volumio forum)""; release uploaded by project-owner",,"third-party IP/likeness: photographs of two rock guitarists (appear to be real performers; brand: Fender Stratocaster (product face visible, not in name)",visual #197 [P] photographs of two rock guitarists (appear to be real performers; identity not established here) and a Stratocaster-style guitar (checked on 1920x1080_g5_703_meters)
Gelo5 / project-owner/PeppyMeter.doc release 2024.03.02,1920x1080,60G5_HelixOne,linear skin in Gelo5_1920x1080.120skins.zip; folder(s): templates/1920x1080_Gelo5 00-99 Skin_700; templates/1920x1080_Gelo5 41-60 Skin_703,837407,none stated in zip; hosting repo project-owner/PeppyMeter.doc is GPL-3.0 (LICENSE file); wiki states no terms for the skins,"Gelo5 - wiki: ""custom meters created by Grzegorz Pietrzak (user Gelo5 on Volumio forum)""; release uploaded by project-owner",,"brand: HelixOne (?) (product face visible); Volumio (logo visible, not in name)",visual #199 [F] HelixOne turntable product photo; Volumio wordmark (checked on 1920x1080_g5_703_meters)
Gelo5 / project-owner/PeppyMeter.doc release 2024.03.02,1920x1080,61G5_Berlant,circular skin in Gelo5_1920x1080.120skins.zip; folder(s): templates/1920x1080_Gelo5 00-99 Skin_700; templates/1920x1080_Gelo5 61-80 Skin_704,2118396,none stated in zip; hosting repo project-owner/PeppyMeter.doc is GPL-3.0 (LICENSE file); wiki states no terms for the skins,"Gelo5 - wiki: ""custom meters created by Grzegorz Pietrzak (user Gelo5 on Volumio forum)""; release uploaded by project-owner",,brand: Berlant Concertone (logo visible),"visual #210 [L] ""Berlant Concertone"" logo on meter faces (checked on 1920x1080_g5_704_meters)"
Gelo5 / project-owner/PeppyMeter.doc release 2024.03.02,1920x1080,62G5_BlueSea_White,circular skin in Gelo5_1920x1080.120skins.zip; folder(s): templates/1920x1080_Gelo5 00-99 Skin_700; templates/1920x1080_Gelo5 61-80 Skin_704,1670593,none stated in zip; hosting repo project-owner/PeppyMeter.doc is GPL-3.0 (LICENSE file); wiki states no terms for the skins,"Gelo5 - wiki: ""custom meters created by Grzegorz Pietrzak (user Gelo5 on Volumio forum)""; release uploaded by project-owner",,brand: Blue Sea Systems (logo visible),"visual #211 [L] ""BLUE SEA SYSTEMS"" on meter faces (checked on 1920x1080_g5_704_meters)"
Gelo5 / project-owner/PeppyMeter.doc release 2024.03.02,1920x1080,63G5_BlueSea_Black,circular skin in Gelo5_1920x1080.120skins.zip; folder(s): templates/1920x1080_Gelo5 00-99 Skin_700; templates/1920x1080_Gelo5 61-80 Skin_704,1326827,none stated in zip; hosting repo project-owner/PeppyMeter.doc is GPL-3.0 (LICENSE file); wiki states no terms for the skins,"Gelo5 - wiki: ""custom meters created by Grzegorz Pietrzak (user Gelo5 on Volumio forum)""; release uploaded by project-owner",,brand: Blue Sea Systems (name only),visual #041 [G]  (checked on 1920x1080_g5_704_meters)
Gelo5 / project-owner/PeppyMeter.doc release 2024.03.02,1920x1080,64G5_BMC,circular skin in Gelo5_1920x1080.120skins.zip; folder(s): templates/1920x1080_Gelo5 00-99 Skin_700; templates/1920x1080_Gelo5 61-80 Skin_704,953503,none stated in zip; hosting repo project-owner/PeppyMeter.doc is GPL-3.0 (LICENSE file); wiki states no terms for the skins,"Gelo5 - wiki: ""custom meters created by Grzegorz Pietrzak (user Gelo5 on Volumio forum)""; release uploaded by project-owner",,"brand: BMC (name only); Volumio (logo visible, not in name); Hi-Res Audio logo (logo visible, not in name); Pass Labs (logo visible, not in name)","visual #212 [L] ""PASS"" (Pass Labs) on meter faces; ""Hi-Res AUDIO"" logo; Volumio wordmark (checked on 1920x1080_g5_704_meters)"
Gelo5 / project-owner/PeppyMeter.doc release 2024.03.02,1920x1080,65G5_Brianworks,circular skin in Gelo5_1920x1080.120skins.zip; folder(s): templates/1920x1080_Gelo5 00-99 Skin_700; templates/1920x1080_Gelo5 61-80 Skin_704,2369242,none stated in zip; hosting repo project-owner/PeppyMeter.doc is GPL-3.0 (LICENSE file); wiki states no terms for the skins,"Gelo5 - wiki: ""custom meters created by Grzegorz Pietrzak (user Gelo5 on Volumio forum)""; release uploaded by project-owner",,"brand: Brainworx (logo visible); Volumio (logo visible, not in name)","visual #214 [L] ""BRAINWORX"" logo on meter faces; Volumio wordmark (checked on 1920x1080_g5_704_meters)"
Gelo5 / project-owner/PeppyMeter.doc release 2024.03.02,1920x1080,66G5_DAgostini,circular skin in Gelo5_1920x1080.120skins.zip; folder(s): templates/1920x1080_Gelo5 00-99 Skin_700; templates/1920x1080_Gelo5 61-80 Skin_704,1786390,none stated in zip; hosting repo project-owner/PeppyMeter.doc is GPL-3.0 (LICENSE file); wiki states no terms for the skins,"Gelo5 - wiki: ""custom meters created by Grzegorz Pietrzak (user Gelo5 on Volumio forum)""; release uploaded by project-owner",,brand: Dan D'Agostino (logo visible),visual #215 [L] D'Agostino script logo on meter faces (checked on 1920x1080_g5_704_meters)
Gelo5 / project-owner/PeppyMeter.doc release 2024.03.02,1920x1080,67G5_Dark Spotify,circular skin in Gelo5_1920x1080.120skins.zip; folder(s): templates/1920x1080_Gelo5 00-99 Skin_700; templates/1920x1080_Gelo5 61-80 Skin_704,1757398,none stated in zip; hosting repo project-owner/PeppyMeter.doc is GPL-3.0 (LICENSE file); wiki states no terms for the skins,"Gelo5 - wiki: ""custom meters created by Grzegorz Pietrzak (user Gelo5 on Volumio forum)""; release uploaded by project-owner",,brand: Spotify (name only),visual #216 [G]  (checked on 1920x1080_g5_704_meters)
Gelo5 / project-owner/PeppyMeter.doc release 2024.03.02,1920x1080,68G5_Boombox,circular skin in Gelo5_1920x1080.120skins.zip; folder(s): templates/1920x1080_Gelo5 00-99 Skin_700; templates/1920x1080_Gelo5 61-80 Skin_704,862423,none stated in zip; hosting repo project-owner/PeppyMeter.doc is GPL-3.0 (LICENSE file); wiki states no terms for the skins,"Gelo5 - wiki: ""custom meters created by Grzegorz Pietrzak (user Gelo5 on Volumio forum)""; release uploaded by project-owner",,"brand: Volumio (logo visible, not in name)",visual #213 [F] boombox photo; Volumio wordmark faint (checked on 1920x1080_g5_704_meters)
Gelo5 / project-owner/PeppyMeter.doc release 2024.03.02,1920x1080,69G5_Hartman,circular skin in Gelo5_1920x1080.120skins.zip; folder(s): templates/1920x1080_Gelo5 00-99 Skin_700; templates/1920x1080_Gelo5 61-80 Skin_704,2447121,none stated in zip; hosting repo project-owner/PeppyMeter.doc is GPL-3.0 (LICENSE file); wiki states no terms for the skins,"Gelo5 - wiki: ""custom meters created by Grzegorz Pietrzak (user Gelo5 on Volumio forum)""; release uploaded by project-owner",,brand: Hartmann & Braun (logo visible),"visual #217 [L] ""HARTMANN & BRAUN"" on meter faces (checked on 1920x1080_g5_704_meters)"
Gelo5 / project-owner/PeppyMeter.doc release 2024.03.02,1920x1080,70G5_MarkLev,circular skin in Gelo5_1920x1080.120skins.zip; folder(s): templates/1920x1080_Gelo5 00-99 Skin_700; templates/1920x1080_Gelo5 61-80 Skin_704,952048,none stated in zip; hosting repo project-owner/PeppyMeter.doc is GPL-3.0 (LICENSE file); wiki states no terms for the skins,"Gelo5 - wiki: ""custom meters created by Grzegorz Pietrzak (user Gelo5 on Volumio forum)""; release uploaded by project-owner",,brand: Mark Levinson (product face visible),visual #220 [F] Mark Levinson-style product face; no legible logo (checked on 1920x1080_g5_704_meters)
Gelo5 / project-owner/PeppyMeter.doc release 2024.03.02,1920x1080,71G5_Vertical blue,circular skin in Gelo5_1920x1080.120skins.zip; folder(s): templates/1920x1080_Gelo5 00-99 Skin_700; templates/1920x1080_Gelo5 61-80 Skin_704,414152,none stated in zip; hosting repo project-owner/PeppyMeter.doc is GPL-3.0 (LICENSE file); wiki states no terms for the skins,"Gelo5 - wiki: ""custom meters created by Grzegorz Pietrzak (user Gelo5 on Volumio forum)""; release uploaded by project-owner",,"brand: Volumio (logo visible, not in name)",visual #227 [L] Volumio wordmark on meter faces (checked on 1920x1080_g5_704_meters)
Gelo5 / project-owner/PeppyMeter.doc release 2024.03.02,1920x1080,72G5_Horizontal blue,circular skin in Gelo5_1920x1080.120skins.zip; folder(s): templates/1920x1080_Gelo5 00-99 Skin_700; templates/1920x1080_Gelo5 61-80 Skin_704,1830686,none stated in zip; hosting repo project-owner/PeppyMeter.doc is GPL-3.0 (LICENSE file); wiki states no terms for the skins,"Gelo5 - wiki: ""custom meters created by Grzegorz Pietrzak (user Gelo5 on Volumio forum)""; release uploaded by project-owner",,"brand: Volumio (logo visible, not in name)",visual #218 [L] Volumio wordmark on meter faces (checked on 1920x1080_g5_704_meters)
Gelo5 / project-owner/PeppyMeter.doc release 2024.03.02,1920x1080,73G5_Yellowkidney,circular skin in Gelo5_1920x1080.120skins.zip; folder(s): templates/1920x1080_Gelo5 00-99 Skin_700; templates/1920x1080_Gelo5 61-80 Skin_704,1690218,none stated in zip; hosting repo project-owner/PeppyMeter.doc is GPL-3.0 (LICENSE file); wiki states no terms for the skins,"Gelo5 - wiki: ""custom meters created by Grzegorz Pietrzak (user Gelo5 on Volumio forum)""; release uploaded by project-owner",,generic,visual #228 [G]  (checked on 1920x1080_g5_704_meters)
Gelo5 / project-owner/PeppyMeter.doc release 2024.03.02,1920x1080,74G5_Triplett,circular skin in Gelo5_1920x1080.120skins.zip; folder(s): templates/1920x1080_Gelo5 00-99 Skin_700; templates/1920x1080_Gelo5 61-80 Skin_704,2491311,none stated in zip; hosting repo project-owner/PeppyMeter.doc is GPL-3.0 (LICENSE file); wiki states no terms for the skins,"Gelo5 - wiki: ""custom meters created by Grzegorz Pietrzak (user Gelo5 on Volumio forum)""; release uploaded by project-owner",,brand: Triplett (logo visible),"visual #226 [L] ""TRIPLETT"" logo on meter faces (checked on 1920x1080_g5_704_meters)"
Gelo5 / project-owner/PeppyMeter.doc release 2024.03.02,1920x1080,75G5_OLD Meter,circular skin in Gelo5_1920x1080.120skins.zip; folder(s): templates/1920x1080_Gelo5 00-99 Skin_700; templates/1920x1080_Gelo5 61-80 Skin_704,2131378,none stated in zip; hosting repo project-owner/PeppyMeter.doc is GPL-3.0 (LICENSE file); wiki states no terms for the skins,"Gelo5 - wiki: ""custom meters created by Grzegorz Pietrzak (user Gelo5 on Volumio forum)""; release uploaded by project-owner",,generic,visual #222 [G]  (checked on 1920x1080_g5_704_meters)
Gelo5 / project-owner/PeppyMeter.doc release 2024.03.02,1920x1080,76G5_Old2 braun,circular skin in Gelo5_1920x1080.120skins.zip; folder(s): templates/1920x1080_Gelo5 00-99 Skin_700; templates/1920x1080_Gelo5 61-80 Skin_704,2119964,none stated in zip; hosting repo project-owner/PeppyMeter.doc is GPL-3.0 (LICENSE file); wiki states no terms for the skins,"Gelo5 - wiki: ""custom meters created by Grzegorz Pietrzak (user Gelo5 on Volumio forum)""; release uploaded by project-owner",,generic,visual #221 [G]  (checked on 1920x1080_g5_704_meters)
Gelo5 / project-owner/PeppyMeter.doc release 2024.03.02,1920x1080,77G5_Rehringer,circular skin in Gelo5_1920x1080.120skins.zip; folder(s): templates/1920x1080_Gelo5 00-99 Skin_700; templates/1920x1080_Gelo5 61-80 Skin_704,3401054,none stated in zip; hosting repo project-owner/PeppyMeter.doc is GPL-3.0 (LICENSE file); wiki states no terms for the skins,"Gelo5 - wiki: ""custom meters created by Grzegorz Pietrzak (user Gelo5 on Volumio forum)""; release uploaded by project-owner",,"brand: Behringer (parody ""Rehringer"") (logo visible)","visual #223 [L] ""REHRINGER"" (Behringer parody) and ""MODEL BX-VU"" on meter faces (checked on 1920x1080_g5_704_meters)"
Gelo5 / project-owner/PeppyMeter.doc release 2024.03.02,1920x1080,78G5_Round yellow,circular skin in Gelo5_1920x1080.120skins.zip; folder(s): templates/1920x1080_Gelo5 00-99 Skin_700; templates/1920x1080_Gelo5 61-80 Skin_704,1861832,none stated in zip; hosting repo project-owner/PeppyMeter.doc is GPL-3.0 (LICENSE file); wiki states no terms for the skins,"Gelo5 - wiki: ""custom meters created by Grzegorz Pietrzak (user Gelo5 on Volumio forum)""; release uploaded by project-owner",,generic,visual #224 [G]  (checked on 1920x1080_g5_704_meters)
Gelo5 / project-owner/PeppyMeter.doc release 2024.03.02,1920x1080,79G5_J37 Tape,circular skin in Gelo5_1920x1080.120skins.zip; folder(s): templates/1920x1080_Gelo5 00-99 Skin_700; templates/1920x1080_Gelo5 61-80 Skin_704,1045625,none stated in zip; hosting repo project-owner/PeppyMeter.doc is GPL-3.0 (LICENSE file); wiki states no terms for the skins,"Gelo5 - wiki: ""custom meters created by Grzegorz Pietrzak (user Gelo5 on Volumio forum)""; release uploaded by project-owner",,"brand: Waves/Abbey Road J37 (product face visible); Volumio (logo visible, not in name); Waves (product face visible, not in name)",visual #219 [LF] Waves/Abbey Road J37 tape plugin UI imitation; Volumio wordmark (checked on 1920x1080_g5_704_meters)
Gelo5 / project-owner/PeppyMeter.doc release 2024.03.02,1920x1080,80G5_Simens,circular skin in Gelo5_1920x1080.120skins.zip; folder(s): templates/1920x1080_Gelo5 00-99 Skin_700; templates/1920x1080_Gelo5 61-80 Skin_704,2050137,none stated in zip; hosting repo project-owner/PeppyMeter.doc is GPL-3.0 (LICENSE file); wiki states no terms for the skins,"Gelo5 - wiki: ""custom meters created by Grzegorz Pietrzak (user Gelo5 on Volumio forum)""; release uploaded by project-owner",,brand: Siemens (product face visible),visual #225 [N] Siemens-style panel meters; no legible logo (checked on 1920x1080_g5_704_meters)
Gelo5 / project-owner/PeppyMeter.doc release 2024.03.02,1920x1080,81G5_Struder Tape,circular skin in Gelo5_1920x1080.120skins.zip; folder(s): templates/1920x1080_Gelo5 00-99 Skin_700; templates/1920x1080_Gelo5 81-99 Skin_705,2190565,none stated in zip; hosting repo project-owner/PeppyMeter.doc is GPL-3.0 (LICENSE file); wiki states no terms for the skins,"Gelo5 - wiki: ""custom meters created by Grzegorz Pietrzak (user Gelo5 on Volumio forum)""; release uploaded by project-owner",,brand: Studer (product face visible),visual #242 [F] Studer-style multitrack tape recorder photo; logo not legible at preview scale (checked on 1920x1080_g5_705_meters)
Gelo5 / project-owner/PeppyMeter.doc release 2024.03.02,1920x1080,82G5_Unison Research,linear skin in Gelo5_1920x1080.120skins.zip; folder(s): templates/1920x1080_Gelo5 00-99 Skin_700; templates/1920x1080_Gelo5 81-99 Skin_705,995753,none stated in zip; hosting repo project-owner/PeppyMeter.doc is GPL-3.0 (LICENSE file); wiki states no terms for the skins,"Gelo5 - wiki: ""custom meters created by Grzegorz Pietrzak (user Gelo5 on Volumio forum)""; release uploaded by project-owner",,brand: Unison Research (product face visible),visual #076 [F] Unison Research amplifier product photo; no legible logo (checked on 1920x1080_g5_705_meters)
Gelo5 / project-owner/PeppyMeter.doc release 2024.03.02,1920x1080,83G5_Jericho,linear skin in Gelo5_1920x1080.120skins.zip; folder(s): templates/1920x1080_Gelo5 00-99 Skin_700; templates/1920x1080_Gelo5 81-99 Skin_705,1452472,none stated in zip; hosting repo project-owner/PeppyMeter.doc is GPL-3.0 (LICENSE file); wiki states no terms for the skins,"Gelo5 - wiki: ""custom meters created by Grzegorz Pietrzak (user Gelo5 on Volumio forum)""; release uploaded by project-owner",,brand: Jericho (logo visible),"visual #232 [LF] Jericho tube amplifier photo, ""jericho"" wordmark (checked on 1920x1080_g5_705_meters)"
Gelo5 / project-owner/PeppyMeter.doc release 2024.03.02,1920x1080,84G5_Radio Tann,circular skin in Gelo5_1920x1080.120skins.zip; folder(s): templates/1920x1080_Gelo5 00-99 Skin_700; templates/1920x1080_Gelo5 81-99 Skin_705,788040,none stated in zip; hosting repo project-owner/PeppyMeter.doc is GPL-3.0 (LICENSE file); wiki states no terms for the skins,"Gelo5 - wiki: ""custom meters created by Grzegorz Pietrzak (user Gelo5 on Volumio forum)""; release uploaded by project-owner",,"generic (real product photo, maker not identified)",visual #239 [F] tuner/amplifier photo; no legible logo (checked on 1920x1080_g5_705_meters)
Gelo5 / project-owner/PeppyMeter.doc release 2024.03.02,1920x1080,85G5_Gryphon,circular skin in Gelo5_1920x1080.120skins.zip; folder(s): templates/1920x1080_Gelo5 00-99 Skin_700; templates/1920x1080_Gelo5 81-99 Skin_705,1354286,none stated in zip; hosting repo project-owner/PeppyMeter.doc is GPL-3.0 (LICENSE file); wiki states no terms for the skins,"Gelo5 - wiki: ""custom meters created by Grzegorz Pietrzak (user Gelo5 on Volumio forum)""; release uploaded by project-owner",,brand: Gryphon (logo visible),"visual #231 [LF] ""THE GRYPHON"" logos; product face (checked on 1920x1080_g5_705_meters)"
Gelo5 / project-owner/PeppyMeter.doc release 2024.03.02,1920x1080,86G5_Onkyo M508,circular skin in Gelo5_1920x1080.120skins.zip; folder(s): templates/1920x1080_Gelo5 00-99 Skin_700; templates/1920x1080_Gelo5 81-99 Skin_705,1895429,none stated in zip; hosting repo project-owner/PeppyMeter.doc is GPL-3.0 (LICENSE file); wiki states no terms for the skins,"Gelo5 - wiki: ""custom meters created by Grzegorz Pietrzak (user Gelo5 on Volumio forum)""; release uploaded by project-owner",,brand: Onkyo (logo visible),visual #101 [LF] Onkyo logo; M-508 product face (checked on 1920x1080_g5_705_meters)
Gelo5 / project-owner/PeppyMeter.doc release 2024.03.02,1920x1080,87G5_Sound90,circular skin in Gelo5_1920x1080.120skins.zip; folder(s): templates/1920x1080_Gelo5 00-99 Skin_700; templates/1920x1080_Gelo5 81-99 Skin_705,1089700,none stated in zip; hosting repo project-owner/PeppyMeter.doc is GPL-3.0 (LICENSE file); wiki states no terms for the skins,"Gelo5 - wiki: ""custom meters created by Grzegorz Pietrzak (user Gelo5 on Volumio forum)""; release uploaded by project-owner",,generic,visual #241 [G]  (checked on 1920x1080_g5_705_meters)
Gelo5 / project-owner/PeppyMeter.doc release 2024.03.02,1920x1080,88G5_Sony TAN77,circular skin in Gelo5_1920x1080.120skins.zip; folder(s): templates/1920x1080_Gelo5 00-99 Skin_700; templates/1920x1080_Gelo5 81-99 Skin_705,2066939,none stated in zip; hosting repo project-owner/PeppyMeter.doc is GPL-3.0 (LICENSE file); wiki states no terms for the skins,"Gelo5 - wiki: ""custom meters created by Grzegorz Pietrzak (user Gelo5 on Volumio forum)""; release uploaded by project-owner",,brand: Sony (logo visible),"visual #028 [LF] Sony logo, TA-N77ES; product face (checked on 1920x1080_g5_705_meters)"
Gelo5 / project-owner/PeppyMeter.doc release 2024.03.02,1920x1080,89G5_Rotel,circular skin in Gelo5_1920x1080.120skins.zip; folder(s): templates/1920x1080_Gelo5 00-99 Skin_700; templates/1920x1080_Gelo5 81-99 Skin_705,1178772,none stated in zip; hosting repo project-owner/PeppyMeter.doc is GPL-3.0 (LICENSE file); wiki states no terms for the skins,"Gelo5 - wiki: ""custom meters created by Grzegorz Pietrzak (user Gelo5 on Volumio forum)""; release uploaded by project-owner",,"brand: Rotel (logo visible); DTS (logo visible, not in name)","visual #240 [LF] ROTEL logo, dts:X logo; RAP-1580 product face (checked on 1920x1080_g5_705_meters)"
Gelo5 / project-owner/PeppyMeter.doc release 2024.03.02,1920x1080,90G5_Vert_Kidney,circular skin in Gelo5_1920x1080.120skins.zip; folder(s): templates/1920x1080_Gelo5 00-99 Skin_700; templates/1920x1080_Gelo5 81-99 Skin_705,479481,none stated in zip; hosting repo project-owner/PeppyMeter.doc is GPL-3.0 (LICENSE file); wiki states no terms for the skins,"Gelo5 - wiki: ""custom meters created by Grzegorz Pietrzak (user Gelo5 on Volumio forum)""; release uploaded by project-owner",,generic,visual #243 [G]  (checked on 1920x1080_g5_705_meters)
Gelo5 / project-owner/PeppyMeter.doc release 2024.03.02,1920x1080,91G5_BlackBlur,circular skin in Gelo5_1920x1080.120skins.zip; folder(s): templates/1920x1080_Gelo5 00-99 Skin_700; templates/1920x1080_Gelo5 81-99 Skin_705,2440364,none stated in zip; hosting repo project-owner/PeppyMeter.doc is GPL-3.0 (LICENSE file); wiki states no terms for the skins,"Gelo5 - wiki: ""custom meters created by Grzegorz Pietrzak (user Gelo5 on Volumio forum)""; release uploaded by project-owner",,generic,visual #040 [G]  (checked on 1920x1080_g5_705_meters)
Gelo5 / project-owner/PeppyMeter.doc release 2024.03.02,1920x1080,92G5_BlackBlur Big-Bang,circular skin in Gelo5_1920x1080.120skins.zip; folder(s): templates/1920x1080_Gelo5 00-99 Skin_700; templates/1920x1080_Gelo5 81-99 Skin_705,2546534,none stated in zip; hosting repo project-owner/PeppyMeter.doc is GPL-3.0 (LICENSE file); wiki states no terms for the skins,"Gelo5 - wiki: ""custom meters created by Grzegorz Pietrzak (user Gelo5 on Volumio forum)""; release uploaded by project-owner",,generic,visual #229 [G]  (checked on 1920x1080_g5_705_meters)
Gelo5 / project-owner/PeppyMeter.doc release 2024.03.02,1920x1080,93G5_BlackBlur LED,linear skin in Gelo5_1920x1080.120skins.zip; folder(s): templates/1920x1080_Gelo5 00-99 Skin_700; templates/1920x1080_Gelo5 81-99 Skin_705,4258236,none stated in zip; hosting repo project-owner/PeppyMeter.doc is GPL-3.0 (LICENSE file); wiki states no terms for the skins,"Gelo5 - wiki: ""custom meters created by Grzegorz Pietrzak (user Gelo5 on Volumio forum)""; release uploaded by project-owner",,generic,visual #230 [G]  (checked on 1920x1080_g5_705_meters)
Gelo5 / project-owner/PeppyMeter.doc release 2024.03.02,1920x1080,94G5_MNN8,circular skin in Gelo5_1920x1080.120skins.zip; folder(s): templates/1920x1080_Gelo5 00-99 Skin_700; templates/1920x1080_Gelo5 81-99 Skin_705,1057359,none stated in zip; hosting repo project-owner/PeppyMeter.doc is GPL-3.0 (LICENSE file); wiki states no terms for the skins,"Gelo5 - wiki: ""custom meters created by Grzegorz Pietrzak (user Gelo5 on Volumio forum)""; release uploaded by project-owner",,generic,visual #234 [G]  (checked on 1920x1080_g5_705_meters)
Gelo5 / project-owner/PeppyMeter.doc release 2024.03.02,1920x1080,95G5_NeonLight,linear skin in Gelo5_1920x1080.120skins.zip; folder(s): templates/1920x1080_Gelo5 00-99 Skin_700; templates/1920x1080_Gelo5 81-99 Skin_705,1114499,none stated in zip; hosting repo project-owner/PeppyMeter.doc is GPL-3.0 (LICENSE file); wiki states no terms for the skins,"Gelo5 - wiki: ""custom meters created by Grzegorz Pietrzak (user Gelo5 on Volumio forum)""; release uploaded by project-owner",,generic,visual #235 [G]  (checked on 1920x1080_g5_705_meters)
Gelo5 / project-owner/PeppyMeter.doc release 2024.03.02,1920x1080,96G5_NIxI Pipe,circular skin in Gelo5_1920x1080.120skins.zip; folder(s): templates/1920x1080_Gelo5 00-99 Skin_700; templates/1920x1080_Gelo5 81-99 Skin_705,1686176,none stated in zip; hosting repo project-owner/PeppyMeter.doc is GPL-3.0 (LICENSE file); wiki states no terms for the skins,"Gelo5 - wiki: ""custom meters created by Grzegorz Pietrzak (user Gelo5 on Volumio forum)""; release uploaded by project-owner",,"brand: Waves (logo visible, not in name)","visual #236 [L] ""WAVES"" logo on meter faces (checked on 1920x1080_g5_705_meters)"
Gelo5 / project-owner/PeppyMeter.doc release 2024.03.02,1920x1080,97G5_Optonica,circular skin in Gelo5_1920x1080.120skins.zip; folder(s): templates/1920x1080_Gelo5 00-99 Skin_700; templates/1920x1080_Gelo5 81-99 Skin_705,1066567,none stated in zip; hosting repo project-owner/PeppyMeter.doc is GPL-3.0 (LICENSE file); wiki states no terms for the skins,"Gelo5 - wiki: ""custom meters created by Grzegorz Pietrzak (user Gelo5 on Volumio forum)""; release uploaded by project-owner",,"brand: Optonica (Sharp) (logo visible); Pioneer (product face visible, not in name)",visual #237 [LF] OPTONICA logos; product faces; Pioneer cassette visible (checked on 1920x1080_g5_705_meters)
Gelo5 / project-owner/PeppyMeter.doc release 2024.03.02,1920x1080,98G5_Pioneer Deck,circular skin in Gelo5_1920x1080.120skins.zip; folder(s): templates/1920x1080_Gelo5 00-99 Skin_700; templates/1920x1080_Gelo5 81-99 Skin_705,1061192,none stated in zip; hosting repo project-owner/PeppyMeter.doc is GPL-3.0 (LICENSE file); wiki states no terms for the skins,"Gelo5 - wiki: ""custom meters created by Grzegorz Pietrzak (user Gelo5 on Volumio forum)""; release uploaded by project-owner",,brand: Pioneer (product face visible),visual #238 [LF] PIONEER CT-F1000 cassette deck face (checked on 1920x1080_g5_705_meters)
Gelo5 / project-owner/PeppyMeter.doc release 2024.03.02,1920x1080,101G5_Free S+M,circular skin in Gelo5_1920x1080.120skins.zip; folder(s): templates/1920x1080_Gelo5 Spec&Met_720,1455837,none stated in zip; hosting repo project-owner/PeppyMeter.doc is GPL-3.0 (LICENSE file); wiki states no terms for the skins,"Gelo5 - wiki: ""custom meters created by Grzegorz Pietrzak (user Gelo5 on Volumio forum)""; release uploaded by project-owner",,generic,visual #328 [G]  (checked on 1920x1080_20g5)
Gelo5 / project-owner/PeppyMeter.doc release 2024.03.02,1920x1080,102G5_Sansui S+M,linear skin in Gelo5_1920x1080.120skins.zip; folder(s): templates/1920x1080_Gelo5 Spec&Met_720,725054,none stated in zip; hosting repo project-owner/PeppyMeter.doc is GPL-3.0 (LICENSE file); wiki states no terms for the skins,"Gelo5 - wiki: ""custom meters created by Grzegorz Pietrzak (user Gelo5 on Volumio forum)""; release uploaded by project-owner",,brand: Sansui (product face visible),visual #427 [F] Sansui-style faces; logo not legible at preview scale (checked on 1920x1080_20g5)
Gelo5 / project-owner/PeppyMeter.doc release 2024.03.02,1920x1080,103G5_Kenwood S+M,circular skin in Gelo5_1920x1080.120skins.zip; folder(s): templates/1920x1080_Gelo5 Spec&Met_720,2143930,none stated in zip; hosting repo project-owner/PeppyMeter.doc is GPL-3.0 (LICENSE file); wiki states no terms for the skins,"Gelo5 - wiki: ""custom meters created by Grzegorz Pietrzak (user Gelo5 on Volumio forum)""; release uploaded by project-owner",,brand: Kenwood (product face visible),visual #120 [F] Kenwood-style amplifier face; no legible logo (checked on 1920x1080_20g5)
Gelo5 / project-owner/PeppyMeter.doc release 2024.03.02,1920x1080,104G5_Naim S+M,circular skin in Gelo5_1920x1080.120skins.zip; folder(s): templates/1920x1080_Gelo5 Spec&Met_720,1154842,none stated in zip; hosting repo project-owner/PeppyMeter.doc is GPL-3.0 (LICENSE file); wiki states no terms for the skins,"Gelo5 - wiki: ""custom meters created by Grzegorz Pietrzak (user Gelo5 on Volumio forum)""; release uploaded by project-owner",,brand: Naim (logo visible),visual #125 [L] Naim logo (checked on 1920x1080_20g5)
Gelo5 / project-owner/PeppyMeter.doc release 2024.03.02,1920x1080,105G5_McIntosh S+M,circular skin in Gelo5_1920x1080.120skins.zip; folder(s): templates/1920x1080_Gelo5 Spec&Met_720,2046434,none stated in zip; hosting repo project-owner/PeppyMeter.doc is GPL-3.0 (LICENSE file); wiki states no terms for the skins,"Gelo5 - wiki: ""custom meters created by Grzegorz Pietrzak (user Gelo5 on Volumio forum)""; release uploaded by project-owner",,brand: McIntosh (product face visible),visual #392 [F] McIntosh-style blue meters; no legible logo (checked on 1920x1080_20g5)
Gelo5 / project-owner/PeppyMeter.doc release 2024.03.02,1920x1080,106G5_Lyngdorf S+M,circular skin in Gelo5_1920x1080.120skins.zip; folder(s): templates/1920x1080_Gelo5 Spec&Met_720,958997,none stated in zip; hosting repo project-owner/PeppyMeter.doc is GPL-3.0 (LICENSE file); wiki states no terms for the skins,"Gelo5 - wiki: ""custom meters created by Grzegorz Pietrzak (user Gelo5 on Volumio forum)""; release uploaded by project-owner",,brand: Lyngdorf (product face visible),"visual #157 [F] Lyngdorf product faces; wordmark tiny, not legible at preview scale (checked on 1920x1080_20g5)"
Gelo5 / project-owner/PeppyMeter.doc release 2024.03.02,1920x1080,107G5_Nixie S+M,circular skin in Gelo5_1920x1080.120skins.zip; folder(s): templates/1920x1080_Gelo5 Spec&Met_720,1188670,none stated in zip; hosting repo project-owner/PeppyMeter.doc is GPL-3.0 (LICENSE file); wiki states no terms for the skins,"Gelo5 - wiki: ""custom meters created by Grzegorz Pietrzak (user Gelo5 on Volumio forum)""; release uploaded by project-owner",,generic,visual #426 [G]  (checked on 1920x1080_20g5)
Gelo5 / project-owner/PeppyMeter.doc release 2024.03.02,1920x1080,108G5_NIxI2 S+M,circular skin in Gelo5_1920x1080.120skins.zip; folder(s): templates/1920x1080_Gelo5 Spec&Met_720,1506912,none stated in zip; hosting repo project-owner/PeppyMeter.doc is GPL-3.0 (LICENSE file); wiki states no terms for the skins,"Gelo5 - wiki: ""custom meters created by Grzegorz Pietrzak (user Gelo5 on Volumio forum)""; release uploaded by project-owner",,"brand: Waves (logo visible, not in name)","visual #425 [L] ""WAVES"" logo on meter faces (checked on 1920x1080_20g5)"
Gelo5 / project-owner/PeppyMeter.doc release 2024.03.02,1920x1080,109G5_NAD C3050HD S+M,circular skin in Gelo5_1920x1080.120skins.zip; folder(s): templates/1920x1080_Gelo5 Spec&Met_720,1341588,none stated in zip; hosting repo project-owner/PeppyMeter.doc is GPL-3.0 (LICENSE file); wiki states no terms for the skins,"Gelo5 - wiki: ""custom meters created by Grzegorz Pietrzak (user Gelo5 on Volumio forum)""; release uploaded by project-owner",,brand: NAD (logo visible),"visual #423 [LF] NAD logo, ""New Acoustic Dimension""; C 3050 face (checked on 1920x1080_20g5)"
Gelo5 / project-owner/PeppyMeter.doc release 2024.03.02,1920x1080,110G5_Advanced X220 S+M,circular skin in Gelo5_1920x1080.120skins.zip; folder(s): templates/1920x1080_Gelo5 Spec&Met_720,1241621,none stated in zip; hosting repo project-owner/PeppyMeter.doc is GPL-3.0 (LICENSE file); wiki states no terms for the skins,"Gelo5 - wiki: ""custom meters created by Grzegorz Pietrzak (user Gelo5 on Volumio forum)""; release uploaded by project-owner",,brand: Advance Acoustic (logo visible),visual #420 [LF] Advance Acoustic logos; product faces (checked on 1920x1080_20g5)
Gelo5 / project-owner/PeppyMeter.doc release 2024.03.02,1920x1080,111G5_Sony TAN77 S+M,circular skin in Gelo5_1920x1080.120skins.zip; folder(s): templates/1920x1080_Gelo5 Spec&Met_720,2066939,none stated in zip; hosting repo project-owner/PeppyMeter.doc is GPL-3.0 (LICENSE file); wiki states no terms for the skins,"Gelo5 - wiki: ""custom meters created by Grzegorz Pietrzak (user Gelo5 on Volumio forum)""; release uploaded by project-owner",,brand: Sony (logo visible),visual #429 [LF] SONY logo; TA-N77ES face (checked on 1920x1080_20g5)
Gelo5 / project-owner/PeppyMeter.doc release 2024.03.02,1920x1080,112G5_Kenwood Spectrum,circular skin in Gelo5_1920x1080.120skins.zip; folder(s): templates/1920x1080_Gelo5 Spec&Met_720,274109,none stated in zip; hosting repo project-owner/PeppyMeter.doc is GPL-3.0 (LICENSE file); wiki states no terms for the skins,"Gelo5 - wiki: ""custom meters created by Grzegorz Pietrzak (user Gelo5 on Volumio forum)""; release uploaded by project-owner",,brand: Kenwood (logo visible),"visual #121 [LF] ""KENWOOD STEREO GRAPHIC EQUALIZER KGC-700"" (checked on 1920x1080_20g5)"
Gelo5 / project-owner/PeppyMeter.doc release 2024.03.02,1920x1080,113G5_M6100Gold Spectrum,circular skin in Gelo5_1920x1080.120skins.zip; folder(s): templates/1920x1080_Gelo5 Spec&Met_720,532618,none stated in zip; hosting repo project-owner/PeppyMeter.doc is GPL-3.0 (LICENSE file); wiki states no terms for the skins,"Gelo5 - wiki: ""custom meters created by Grzegorz Pietrzak (user Gelo5 on Volumio forum)""; release uploaded by project-owner",,"brand: McIntosh (product face visible); Accuphase (product face visible, not in name)",visual #422 [F] Accuphase-style gold amplifier face; no legible logo (checked on 1920x1080_20g5)
Gelo5 / project-owner/PeppyMeter.doc release 2024.03.02,1920x1080,114G5_Dorrought Spectrum,circular skin in Gelo5_1920x1080.120skins.zip; folder(s): templates/1920x1080_Gelo5 Spec&Met_720,833157,none stated in zip; hosting repo project-owner/PeppyMeter.doc is GPL-3.0 (LICENSE file); wiki states no terms for the skins,"Gelo5 - wiki: ""custom meters created by Grzegorz Pietrzak (user Gelo5 on Volumio forum)""; release uploaded by project-owner",,"brand: Dorrough (logo visible); Waves (logo visible, not in name)","visual #421 [LF] Dorrough logo and Waves ""W"" logo; Dorrough meter plugin UI imitation (checked on 1920x1080_20g5)"
Gelo5 / project-owner/PeppyMeter.doc release 2024.03.02,1920x1080,115G5_Neon Disco Spectrum,circular skin in Gelo5_1920x1080.120skins.zip; folder(s): templates/1920x1080_Gelo5 Spec&Met_720,736072,none stated in zip; hosting repo project-owner/PeppyMeter.doc is GPL-3.0 (LICENSE file); wiki states no terms for the skins,"Gelo5 - wiki: ""custom meters created by Grzegorz Pietrzak (user Gelo5 on Volumio forum)""; release uploaded by project-owner",,generic,visual #424 [G]  (checked on 1920x1080_20g5)
Gelo5 / project-owner/PeppyMeter.doc release 2024.03.02,1920x1080,116G5_Marschal Spectrum,circular skin in Gelo5_1920x1080.120skins.zip; folder(s): templates/1920x1080_Gelo5 Spec&Met_720,1204065,none stated in zip; hosting repo project-owner/PeppyMeter.doc is GPL-3.0 (LICENSE file); wiki states no terms for the skins,"Gelo5 - wiki: ""custom meters created by Grzegorz Pietrzak (user Gelo5 on Volumio forum)""; release uploaded by project-owner",,brand: Marshall (logo visible),"visual #330 [LF] Marshall amplifier face, Marshall script logos (checked on 1920x1080_20g5)"
Gelo5 / project-owner/PeppyMeter.doc release 2024.03.02,1920x1080,117G5_Marantz S+M,circular skin in Gelo5_1920x1080.120skins.zip; folder(s): templates/1920x1080_Gelo5 Spec&Met_720,710166,none stated in zip; hosting repo project-owner/PeppyMeter.doc is GPL-3.0 (LICENSE file); wiki states no terms for the skins,"Gelo5 - wiki: ""custom meters created by Grzegorz Pietrzak (user Gelo5 on Volumio forum)""; release uploaded by project-owner",,brand: Marantz (logo visible),visual #123 [LF] Marantz logo; product faces (checked on 1920x1080_20g5)
Gelo5 / project-owner/PeppyMeter.doc release 2024.03.02,1920x1080,118G5_Technics S+M,circular skin in Gelo5_1920x1080.120skins.zip; folder(s): templates/1920x1080_Gelo5 Spec&Met_720,1054537,none stated in zip; hosting repo project-owner/PeppyMeter.doc is GPL-3.0 (LICENSE file); wiki states no terms for the skins,"Gelo5 - wiki: ""custom meters created by Grzegorz Pietrzak (user Gelo5 on Volumio forum)""; release uploaded by project-owner",,brand: Technics (logo visible),visual #396 [LF] Technics wordmarks; product faces (checked on 1920x1080_20g5)
Gelo5 / project-owner/PeppyMeter.doc release 2024.03.02,1920x1080,119G5_Sansui TU S7,linear skin in Gelo5_1920x1080.120skins.zip; folder(s): templates/1920x1080_Gelo5 Spec&Met_720,854516,none stated in zip; hosting repo project-owner/PeppyMeter.doc is GPL-3.0 (LICENSE file); wiki states no terms for the skins,"Gelo5 - wiki: ""custom meters created by Grzegorz Pietrzak (user Gelo5 on Volumio forum)""; release uploaded by project-owner",,brand: Sansui (logo visible),"visual #428 [LF] Sansui TU-S7 / AU-D7 faces, Sansui wordmark small (checked on 1920x1080_20g5)"
Gelo5 / project-owner/PeppyMeter.doc release 2024.03.02,1920x1080,120G5_OldPipe Spectrum,circular skin in Gelo5_1920x1080.120skins.zip; folder(s): templates/1920x1080_Gelo5 Spec&Met_720,936319,none stated in zip; hosting repo project-owner/PeppyMeter.doc is GPL-3.0 (LICENSE file); wiki states no terms for the skins,"Gelo5 - wiki: ""custom meters created by Grzegorz Pietrzak (user Gelo5 on Volumio forum)""; release uploaded by project-owner",,generic,visual #331 [G]  (checked on 1920x1080_20g5)
Gelo5 / project-owner/PeppyMeter.doc release 2024.03.02,800x480,01G5_Accuphase monoblock,circular skin in Gelo5_800x480.60skins.zip; folder(s): templates/800x480_Gelo5 00-99 Skin_1000; templates/800x480_Gelo5 01-20 Skin_1001,526977,none stated in zip; hosting repo project-owner/PeppyMeter.doc is GPL-3.0 (LICENSE file); wiki states no terms for the skins,"Gelo5 - wiki: ""custom meters created by Grzegorz Pietrzak (user Gelo5 on Volumio forum)""; release uploaded by project-owner",,brand: Accuphase (logo visible),visual #159 [LF] Accuphase logos; A-250 product faces (checked on 1920x1080_g5_701_meters)
Gelo5 / project-owner/PeppyMeter.doc release 2024.03.02,800x480,02G5_McIntosh Hybrid,circular skin in Gelo5_800x480.60skins.zip; folder(s): templates/800x480_Gelo5 00-99 Skin_1000; templates/800x480_Gelo5 01-20 Skin_1001,546710,none stated in zip; hosting repo project-owner/PeppyMeter.doc is GPL-3.0 (LICENSE file); wiki states no terms for the skins,"Gelo5 - wiki: ""custom meters created by Grzegorz Pietrzak (user Gelo5 on Volumio forum)""; release uploaded by project-owner",,"brand: McIntosh (logo visible); Volumio (logo visible, not in name)",visual #167 [LF] McIntosh logo; product face; Volumio wordmark (checked on 1920x1080_g5_701_meters)
Gelo5 / project-owner/PeppyMeter.doc release 2024.03.02,800x480,03G5_Audio Research,circular skin in Gelo5_800x480.60skins.zip; folder(s): templates/800x480_Gelo5 00-99 Skin_1000; templates/800x480_Gelo5 01-20 Skin_1001,520566,none stated in zip; hosting repo project-owner/PeppyMeter.doc is GPL-3.0 (LICENSE file); wiki states no terms for the skins,"Gelo5 - wiki: ""custom meters created by Grzegorz Pietrzak (user Gelo5 on Volumio forum)""; release uploaded by project-owner",,brand: Audio Research (logo visible),"visual #039 [LF] Audio Research product face, audio research wordmark (checked on 1920x1080_g5_701_meters)"
Gelo5 / project-owner/PeppyMeter.doc release 2024.03.02,800x480,04G5_Brianworks,circular skin in Gelo5_800x480.60skins.zip; folder(s): templates/800x480_Gelo5 00-99 Skin_1000; templates/800x480_Gelo5 01-20 Skin_1001,715143,none stated in zip; hosting repo project-owner/PeppyMeter.doc is GPL-3.0 (LICENSE file); wiki states no terms for the skins,"Gelo5 - wiki: ""custom meters created by Grzegorz Pietrzak (user Gelo5 on Volumio forum)""; release uploaded by project-owner",,"brand: Brainworx (logo visible); Volumio (logo visible, not in name)","visual #214 [L] ""BRAINWORX"" logo on meter faces; Volumio wordmark (checked on 1920x1080_g5_704_meters)"
Gelo5 / project-owner/PeppyMeter.doc release 2024.03.02,800x480,05G5_Hitachi HMA7500,circular skin in Gelo5_800x480.60skins.zip; folder(s): templates/800x480_Gelo5 00-99 Skin_1000; templates/800x480_Gelo5 01-20 Skin_1001,781204,none stated in zip; hosting repo project-owner/PeppyMeter.doc is GPL-3.0 (LICENSE file); wiki states no terms for the skins,"Gelo5 - wiki: ""custom meters created by Grzegorz Pietrzak (user Gelo5 on Volumio forum)""; release uploaded by project-owner",,brand: Hitachi (product face visible),visual #492 [LF] HITACHI HMA-7500 face (checked on Gelo5_800x480.60skins)
Gelo5 / project-owner/PeppyMeter.doc release 2024.03.02,800x480,06G5_Kenwood Rev,circular skin in Gelo5_800x480.60skins.zip; folder(s): templates/800x480_Gelo5 00-99 Skin_1000; templates/800x480_Gelo5 01-20 Skin_1001,497759,none stated in zip; hosting repo project-owner/PeppyMeter.doc is GPL-3.0 (LICENSE file); wiki states no terms for the skins,"Gelo5 - wiki: ""custom meters created by Grzegorz Pietrzak (user Gelo5 on Volumio forum)""; release uploaded by project-owner",,brand: Kenwood (product face visible),visual #046 [F] Kenwood-style amplifier face; no legible logo (checked on 1280x800_g5_420_meters)
Gelo5 / project-owner/PeppyMeter.doc release 2024.03.02,800x480,07G5_Kenwood Ver,circular skin in Gelo5_800x480.60skins.zip; folder(s): templates/800x480_Gelo5 00-99 Skin_1000; templates/800x480_Gelo5 01-20 Skin_1001,601329,none stated in zip; hosting repo project-owner/PeppyMeter.doc is GPL-3.0 (LICENSE file); wiki states no terms for the skins,"Gelo5 - wiki: ""custom meters created by Grzegorz Pietrzak (user Gelo5 on Volumio forum)""; release uploaded by project-owner",,brand: Kenwood (name only),visual #164 [G]  (checked on 1920x1080_g5_701_meters)
Gelo5 / project-owner/PeppyMeter.doc release 2024.03.02,800x480,08G5_NAD C3050,circular skin in Gelo5_800x480.60skins.zip; folder(s): templates/800x480_Gelo5 00-99 Skin_1000; templates/800x480_Gelo5 01-20 Skin_1001,516184,none stated in zip; hosting repo project-owner/PeppyMeter.doc is GPL-3.0 (LICENSE file); wiki states no terms for the skins,"Gelo5 - wiki: ""custom meters created by Grzegorz Pietrzak (user Gelo5 on Volumio forum)""; release uploaded by project-owner",,brand: NAD (logo visible),"visual #050 [LF] NAD ""New Acoustic Dimension"" on meters; NAD product face (checked on 1280x800_g5_420_meters)"
Gelo5 / project-owner/PeppyMeter.doc release 2024.03.02,800x480,09G5_Naim green,circular skin in Gelo5_800x480.60skins.zip; folder(s): templates/800x480_Gelo5 00-99 Skin_1000; templates/800x480_Gelo5 01-20 Skin_1001,588936,none stated in zip; hosting repo project-owner/PeppyMeter.doc is GPL-3.0 (LICENSE file); wiki states no terms for the skins,"Gelo5 - wiki: ""custom meters created by Grzegorz Pietrzak (user Gelo5 on Volumio forum)""; release uploaded by project-owner",,brand: Naim (logo visible),visual #170 [LF] Naim logos; product face (checked on 1920x1080_g5_701_meters)
Gelo5 / project-owner/PeppyMeter.doc release 2024.03.02,800x480,10G5_Naim2,circular skin in Gelo5_800x480.60skins.zip; folder(s): templates/800x480_Gelo5 00-99 Skin_1000; templates/800x480_Gelo5 01-20 Skin_1001,424791,none stated in zip; hosting repo project-owner/PeppyMeter.doc is GPL-3.0 (LICENSE file); wiki states no terms for the skins,"Gelo5 - wiki: ""custom meters created by Grzegorz Pietrzak (user Gelo5 on Volumio forum)""; release uploaded by project-owner",,brand: Naim (logo visible),visual #026 [L] Naim logo (checked on 1920x1080_g5_701_meters)
Gelo5 / project-owner/PeppyMeter.doc release 2024.03.02,800x480,11G5_BMC,circular skin in Gelo5_800x480.60skins.zip; folder(s): templates/800x480_Gelo5 00-99 Skin_1000; templates/800x480_Gelo5 01-20 Skin_1001,312109,none stated in zip; hosting repo project-owner/PeppyMeter.doc is GPL-3.0 (LICENSE file); wiki states no terms for the skins,"Gelo5 - wiki: ""custom meters created by Grzegorz Pietrzak (user Gelo5 on Volumio forum)""; release uploaded by project-owner",,"brand: BMC (name only); Volumio (logo visible, not in name); Hi-Res Audio logo (logo visible, not in name); Pass Labs (logo visible, not in name)","visual #212 [L] ""PASS"" (Pass Labs) on meter faces; ""Hi-Res AUDIO"" logo; Volumio wordmark (checked on 1920x1080_g5_704_meters)"
Gelo5 / project-owner/PeppyMeter.doc release 2024.03.02,800x480,12G5_ClasseM,circular skin in Gelo5_800x480.60skins.zip; folder(s): templates/800x480_Gelo5 00-99 Skin_1000; templates/800x480_Gelo5 01-20 Skin_1001,436197,none stated in zip; hosting repo project-owner/PeppyMeter.doc is GPL-3.0 (LICENSE file); wiki states no terms for the skins,"Gelo5 - wiki: ""custom meters created by Grzegorz Pietrzak (user Gelo5 on Volumio forum)""; release uploaded by project-owner",,brand: Classé (logo visible),"visual #176 [LF] ""CLASSE"" logos; product faces (checked on 1920x1080_g5_702_meters)"
Gelo5 / project-owner/PeppyMeter.doc release 2024.03.02,800x480,13G5_Klanghelm,circular skin in Gelo5_800x480.60skins.zip; folder(s): templates/800x480_Gelo5 00-99 Skin_1000; templates/800x480_Gelo5 01-20 Skin_1001,667271,none stated in zip; hosting repo project-owner/PeppyMeter.doc is GPL-3.0 (LICENSE file); wiki states no terms for the skins,"Gelo5 - wiki: ""custom meters created by Grzegorz Pietrzak (user Gelo5 on Volumio forum)""; release uploaded by project-owner",,"brand: Klanghelm (product face visible); Volumio (logo visible, not in name)",visual #048 [LF] Klanghelm VUMT plugin UI imitation; Volumio wordmark (checked on 1920x1080_g5_702_meters)
Gelo5 / project-owner/PeppyMeter.doc release 2024.03.02,800x480,14G5_Leben,circular skin in Gelo5_800x480.60skins.zip; folder(s): templates/800x480_Gelo5 00-99 Skin_1000; templates/800x480_Gelo5 01-20 Skin_1001,407477,none stated in zip; hosting repo project-owner/PeppyMeter.doc is GPL-3.0 (LICENSE file); wiki states no terms for the skins,"Gelo5 - wiki: ""custom meters created by Grzegorz Pietrzak (user Gelo5 on Volumio forum)""; release uploaded by project-owner",,brand: Leben (logo visible),visual #179 [LF] Leben tube amplifier photo; Leben logo small (checked on 1920x1080_g5_702_meters)
Gelo5 / project-owner/PeppyMeter.doc release 2024.03.02,800x480,15G5_Luxman Gold,circular skin in Gelo5_800x480.60skins.zip; folder(s): templates/800x480_Gelo5 00-99 Skin_1000; templates/800x480_Gelo5 01-20 Skin_1001,656645,none stated in zip; hosting repo project-owner/PeppyMeter.doc is GPL-3.0 (LICENSE file); wiki states no terms for the skins,"Gelo5 - wiki: ""custom meters created by Grzegorz Pietrzak (user Gelo5 on Volumio forum)""; release uploaded by project-owner",,brand: Luxman (logo visible),"visual #180 [LF] ""LUXMAN"" logos; C-03/L-series product faces (checked on 1920x1080_g5_702_meters)"
Gelo5 / project-owner/PeppyMeter.doc release 2024.03.02,800x480,16G5_Magnetcord,circular skin in Gelo5_800x480.60skins.zip; folder(s): templates/800x480_Gelo5 00-99 Skin_1000; templates/800x480_Gelo5 01-20 Skin_1001,842711,none stated in zip; hosting repo project-owner/PeppyMeter.doc is GPL-3.0 (LICENSE file); wiki states no terms for the skins,"Gelo5 - wiki: ""custom meters created by Grzegorz Pietrzak (user Gelo5 on Volumio forum)""; release uploaded by project-owner",,brand: Magnecord (logo visible),visual #049 [L] Magnecord script logo on meter faces (checked on 1280x400_g5_202_meters)
Gelo5 / project-owner/PeppyMeter.doc release 2024.03.02,800x480,17G5_TURNTABLE Black,circular skin in Gelo5_800x480.60skins.zip; folder(s): templates/800x480_Gelo5 00-99 Skin_1000; templates/800x480_Gelo5 01-20 Skin_1001,564192,none stated in zip; hosting repo project-owner/PeppyMeter.doc is GPL-3.0 (LICENSE file); wiki states no terms for the skins,"Gelo5 - wiki: ""custom meters created by Grzegorz Pietrzak (user Gelo5 on Volumio forum)""; release uploaded by project-owner",,"generic (real product photo, maker not identified)",visual #357 [F] turntable photo; no legible logo (checked on 1480x320_g5_501_meters)
Gelo5 / project-owner/PeppyMeter.doc release 2024.03.02,800x480,18G5_BlueSea_Black,circular skin in Gelo5_800x480.60skins.zip; folder(s): templates/800x480_Gelo5 00-99 Skin_1000; templates/800x480_Gelo5 01-20 Skin_1001,417037,none stated in zip; hosting repo project-owner/PeppyMeter.doc is GPL-3.0 (LICENSE file); wiki states no terms for the skins,"Gelo5 - wiki: ""custom meters created by Grzegorz Pietrzak (user Gelo5 on Volumio forum)""; release uploaded by project-owner",,brand: Blue Sea Systems (name only),visual #041 [G]  (checked on 1920x1080_g5_704_meters)
Gelo5 / project-owner/PeppyMeter.doc release 2024.03.02,800x480,19G5_Dark Spotify,circular skin in Gelo5_800x480.60skins.zip; folder(s): templates/800x480_Gelo5 00-99 Skin_1000; templates/800x480_Gelo5 01-20 Skin_1001,475579,none stated in zip; hosting repo project-owner/PeppyMeter.doc is GPL-3.0 (LICENSE file); wiki states no terms for the skins,"Gelo5 - wiki: ""custom meters created by Grzegorz Pietrzak (user Gelo5 on Volumio forum)""; release uploaded by project-owner",,brand: Spotify (name only),visual #216 [G]  (checked on 1920x1080_g5_704_meters)
Gelo5 / project-owner/PeppyMeter.doc release 2024.03.02,800x480,20G5_T+A,circular skin in Gelo5_800x480.60skins.zip; folder(s): templates/800x480_Gelo5 00-99 Skin_1000; templates/800x480_Gelo5 01-20 Skin_1001,336839,none stated in zip; hosting repo project-owner/PeppyMeter.doc is GPL-3.0 (LICENSE file); wiki states no terms for the skins,"Gelo5 - wiki: ""custom meters created by Grzegorz Pietrzak (user Gelo5 on Volumio forum)""; release uploaded by project-owner",,brand: T+A (logo visible),visual #183 [L] T+A logo (checked on 1920x1080_g5_702_meters)
Gelo5 / project-owner/PeppyMeter.doc release 2024.03.02,800x480,21G5_CD Cover,linear skin in Gelo5_800x480.60skins.zip; folder(s): templates/800x480_Gelo5 00-99 Skin_1000; templates/800x480_Gelo5 21-40 Skin_1002,337146,none stated in zip; hosting repo project-owner/PeppyMeter.doc is GPL-3.0 (LICENSE file); wiki states no terms for the skins,"Gelo5 - wiki: ""custom meters created by Grzegorz Pietrzak (user Gelo5 on Volumio forum)""; release uploaded by project-owner",,generic,visual #061 [G]  (checked on 1280x400_g5_203_meters)
Gelo5 / project-owner/PeppyMeter.doc release 2024.03.02,800x480,22G5_PeppyP Bang,circular skin in Gelo5_800x480.60skins.zip; folder(s): templates/800x480_Gelo5 00-99 Skin_1000; templates/800x480_Gelo5 21-40 Skin_1002,266229,none stated in zip; hosting repo project-owner/PeppyMeter.doc is GPL-3.0 (LICENSE file); wiki states no terms for the skins,"Gelo5 - wiki: ""custom meters created by Grzegorz Pietrzak (user Gelo5 on Volumio forum)""; release uploaded by project-owner",,generic,visual #054 [G]  (checked on 1280x400_g5_202_meters)
Gelo5 / project-owner/PeppyMeter.doc release 2024.03.02,800x480,23G5_OLD Meter,circular skin in Gelo5_800x480.60skins.zip; folder(s): templates/800x480_Gelo5 00-99 Skin_1000; templates/800x480_Gelo5 21-40 Skin_1002,643249,none stated in zip; hosting repo project-owner/PeppyMeter.doc is GPL-3.0 (LICENSE file); wiki states no terms for the skins,"Gelo5 - wiki: ""custom meters created by Grzegorz Pietrzak (user Gelo5 on Volumio forum)""; release uploaded by project-owner",,generic,visual #222 [G]  (checked on 1920x1080_g5_704_meters)
Gelo5 / project-owner/PeppyMeter.doc release 2024.03.02,800x480,24G5_Old2 braun,circular skin in Gelo5_800x480.60skins.zip; folder(s): templates/800x480_Gelo5 00-99 Skin_1000; templates/800x480_Gelo5 21-40 Skin_1002,837142,none stated in zip; hosting repo project-owner/PeppyMeter.doc is GPL-3.0 (LICENSE file); wiki states no terms for the skins,"Gelo5 - wiki: ""custom meters created by Grzegorz Pietrzak (user Gelo5 on Volumio forum)""; release uploaded by project-owner",,generic,visual #221 [G]  (checked on 1920x1080_g5_704_meters)
Gelo5 / project-owner/PeppyMeter.doc release 2024.03.02,800x480,25G5_Rehringer,circular skin in Gelo5_800x480.60skins.zip; folder(s): templates/800x480_Gelo5 00-99 Skin_1000; templates/800x480_Gelo5 21-40 Skin_1002,985268,none stated in zip; hosting repo project-owner/PeppyMeter.doc is GPL-3.0 (LICENSE file); wiki states no terms for the skins,"Gelo5 - wiki: ""custom meters created by Grzegorz Pietrzak (user Gelo5 on Volumio forum)""; release uploaded by project-owner",,"brand: Behringer (parody ""Rehringer"") (logo visible)","visual #223 [L] ""REHRINGER"" (Behringer parody) and ""MODEL BX-VU"" on meter faces (checked on 1920x1080_g5_704_meters)"
Gelo5 / project-owner/PeppyMeter.doc release 2024.03.02,800x480,26G5_Simens,circular skin in Gelo5_800x480.60skins.zip; folder(s): templates/800x480_Gelo5 00-99 Skin_1000; templates/800x480_Gelo5 21-40 Skin_1002,604148,none stated in zip; hosting repo project-owner/PeppyMeter.doc is GPL-3.0 (LICENSE file); wiki states no terms for the skins,"Gelo5 - wiki: ""custom meters created by Grzegorz Pietrzak (user Gelo5 on Volumio forum)""; release uploaded by project-owner",,brand: Siemens (product face visible),visual #225 [N] Siemens-style panel meters; no legible logo (checked on 1920x1080_g5_704_meters)
Gelo5 / project-owner/PeppyMeter.doc release 2024.03.02,800x480,27G5_Technisc_I1600_Black,circular skin in Gelo5_800x480.60skins.zip; folder(s): templates/800x480_Gelo5 00-99 Skin_1000; templates/800x480_Gelo5 21-40 Skin_1002,336997,none stated in zip; hosting repo project-owner/PeppyMeter.doc is GPL-3.0 (LICENSE file); wiki states no terms for the skins,"Gelo5 - wiki: ""custom meters created by Grzegorz Pietrzak (user Gelo5 on Volumio forum)""; release uploaded by project-owner",,brand: Technics (logo visible),visual #493 [LF] Technics wordmark small; product face (checked on Gelo5_800x480.60skins)
Gelo5 / project-owner/PeppyMeter.doc release 2024.03.02,800x480,28G5_Technisc_I1600_Silver,circular skin in Gelo5_800x480.60skins.zip; folder(s): templates/800x480_Gelo5 00-99 Skin_1000; templates/800x480_Gelo5 21-40 Skin_1002,427878,none stated in zip; hosting repo project-owner/PeppyMeter.doc is GPL-3.0 (LICENSE file); wiki states no terms for the skins,"Gelo5 - wiki: ""custom meters created by Grzegorz Pietrzak (user Gelo5 on Volumio forum)""; release uploaded by project-owner",,brand: Technics (logo visible),visual #494 [LF] Technics wordmark small; product face (checked on Gelo5_800x480.60skins)
Gelo5 / project-owner/PeppyMeter.doc release 2024.03.02,800x480,29G5_WestonHouse,circular skin in Gelo5_800x480.60skins.zip; folder(s): templates/800x480_Gelo5 00-99 Skin_1000; templates/800x480_Gelo5 21-40 Skin_1002,549320,none stated in zip; hosting repo project-owner/PeppyMeter.doc is GPL-3.0 (LICENSE file); wiki states no terms for the skins,"Gelo5 - wiki: ""custom meters created by Grzegorz Pietrzak (user Gelo5 on Volumio forum)""; release uploaded by project-owner",,brand: Westinghouse (logo visible),"visual #057 [L] ""WESTINGHOUSE"" on meter faces (checked on 1280x400_g5_202_meters)"
Gelo5 / project-owner/PeppyMeter.doc release 2024.03.02,800x480,30G5_Yellowkidney,circular skin in Gelo5_800x480.60skins.zip; folder(s): templates/800x480_Gelo5 00-99 Skin_1000; templates/800x480_Gelo5 21-40 Skin_1002,486824,none stated in zip; hosting repo project-owner/PeppyMeter.doc is GPL-3.0 (LICENSE file); wiki states no terms for the skins,"Gelo5 - wiki: ""custom meters created by Grzegorz Pietrzak (user Gelo5 on Volumio forum)""; release uploaded by project-owner",,generic,visual #228 [G]  (checked on 1920x1080_g5_704_meters)
Gelo5 / project-owner/PeppyMeter.doc release 2024.03.02,800x480,31G5_Full Cassette,linear skin in Gelo5_800x480.60skins.zip; folder(s): templates/800x480_Gelo5 00-99 Skin_1000; templates/800x480_Gelo5 21-40 Skin_1002,234907,none stated in zip; hosting repo project-owner/PeppyMeter.doc is GPL-3.0 (LICENSE file); wiki states no terms for the skins,"Gelo5 - wiki: ""custom meters created by Grzegorz Pietrzak (user Gelo5 on Volumio forum)""; release uploaded by project-owner",,"brand: Pioneer (logo visible, not in name)","visual #488 [L] ""PIONEER N1-60"" cassette label with Pioneer logo (checked on Gelo5_1920x1080.120skins)"
Gelo5 / project-owner/PeppyMeter.doc release 2024.03.02,800x480,32G5_Triplett,circular skin in Gelo5_800x480.60skins.zip; folder(s): templates/800x480_Gelo5 00-99 Skin_1000; templates/800x480_Gelo5 21-40 Skin_1002,881680,none stated in zip; hosting repo project-owner/PeppyMeter.doc is GPL-3.0 (LICENSE file); wiki states no terms for the skins,"Gelo5 - wiki: ""custom meters created by Grzegorz Pietrzak (user Gelo5 on Volumio forum)""; release uploaded by project-owner",,brand: Triplett (logo visible),"visual #226 [L] ""TRIPLETT"" logo on meter faces (checked on 1920x1080_g5_704_meters)"
Gelo5 / project-owner/PeppyMeter.doc release 2024.03.02,800x480,33G5_MarantzCD,linear skin in Gelo5_800x480.60skins.zip; folder(s): templates/800x480_Gelo5 00-99 Skin_1000; templates/800x480_Gelo5 21-40 Skin_1002,352064,none stated in zip; hosting repo project-owner/PeppyMeter.doc is GPL-3.0 (LICENSE file); wiki states no terms for the skins,"Gelo5 - wiki: ""custom meters created by Grzegorz Pietrzak (user Gelo5 on Volumio forum)""; release uploaded by project-owner",,brand: Marantz (logo visible),visual #069 [LF] Marantz wordmark; product face (checked on 1920x1080_g5_703_meters)
Gelo5 / project-owner/PeppyMeter.doc release 2024.03.02,800x480,34G5_Sansui 2V,linear skin in Gelo5_800x480.60skins.zip; folder(s): templates/800x480_Gelo5 00-99 Skin_1000; templates/800x480_Gelo5 21-40 Skin_1002,484613,none stated in zip; hosting repo project-owner/PeppyMeter.doc is GPL-3.0 (LICENSE file); wiki states no terms for the skins,"Gelo5 - wiki: ""custom meters created by Grzegorz Pietrzak (user Gelo5 on Volumio forum)""; release uploaded by project-owner",,brand: Sansui (logo visible),visual #202 [LF] Sansui logo; product faces (checked on 1920x1080_g5_703_meters)
Gelo5 / project-owner/PeppyMeter.doc release 2024.03.02,800x480,35G5_Sansui,linear skin in Gelo5_800x480.60skins.zip; folder(s): templates/800x480_Gelo5 00-99 Skin_1000; templates/800x480_Gelo5 21-40 Skin_1002,431112,none stated in zip; hosting repo project-owner/PeppyMeter.doc is GPL-3.0 (LICENSE file); wiki states no terms for the skins,"Gelo5 - wiki: ""custom meters created by Grzegorz Pietrzak (user Gelo5 on Volumio forum)""; release uploaded by project-owner",,"brand: Sansui (logo visible); Volumio (logo visible, not in name)",visual #074 [LF] Sansui logo; product face; Volumio wordmark (checked on 1920x1080_g5_703_meters)
Gelo5 / project-owner/PeppyMeter.doc release 2024.03.02,800x480,36G5_Emotiva1,circular skin in Gelo5_800x480.60skins.zip; folder(s): templates/800x480_Gelo5 00-99 Skin_1000; templates/800x480_Gelo5 21-40 Skin_1002,487700,none stated in zip; hosting repo project-owner/PeppyMeter.doc is GPL-3.0 (LICENSE file); wiki states no terms for the skins,"Gelo5 - wiki: ""custom meters created by Grzegorz Pietrzak (user Gelo5 on Volumio forum)""; release uploaded by project-owner",,brand: Emotiva (logo visible),"visual #489 [LF] EMOTIVA logo, ""BasX MR1""; product face (checked on Gelo5_800x480.60skins)"
Gelo5 / project-owner/PeppyMeter.doc release 2024.03.02,800x480,37G5_Emotiva Rev,circular skin in Gelo5_800x480.60skins.zip; folder(s): templates/800x480_Gelo5 00-99 Skin_1000; templates/800x480_Gelo5 21-40 Skin_1002,539505,none stated in zip; hosting repo project-owner/PeppyMeter.doc is GPL-3.0 (LICENSE file); wiki states no terms for the skins,"Gelo5 - wiki: ""custom meters created by Grzegorz Pietrzak (user Gelo5 on Volumio forum)""; release uploaded by project-owner",,brand: Emotiva (logo visible),"visual #491 [LF] EMOTIVA logo, ""BasX MR1""; product face (checked on Gelo5_800x480.60skins)"
Gelo5 / project-owner/PeppyMeter.doc release 2024.03.02,800x480,38G5_Emotiva_Led,linear skin in Gelo5_800x480.60skins.zip; folder(s): templates/800x480_Gelo5 00-99 Skin_1000; templates/800x480_Gelo5 21-40 Skin_1002,151056,none stated in zip; hosting repo project-owner/PeppyMeter.doc is GPL-3.0 (LICENSE file); wiki states no terms for the skins,"Gelo5 - wiki: ""custom meters created by Grzegorz Pietrzak (user Gelo5 on Volumio forum)""; release uploaded by project-owner",,brand: Emotiva (logo visible),"visual #490 [LF] EMOTIVA logo, ""BasX MR1""; product face (checked on Gelo5_800x480.60skins)"
Gelo5 / project-owner/PeppyMeter.doc release 2024.03.02,800x480,39G5_MNN8,circular skin in Gelo5_800x480.60skins.zip; folder(s): templates/800x480_Gelo5 00-99 Skin_1000; templates/800x480_Gelo5 21-40 Skin_1002,376175,none stated in zip; hosting repo project-owner/PeppyMeter.doc is GPL-3.0 (LICENSE file); wiki states no terms for the skins,"Gelo5 - wiki: ""custom meters created by Grzegorz Pietrzak (user Gelo5 on Volumio forum)""; release uploaded by project-owner",,generic,visual #234 [G]  (checked on 1920x1080_g5_705_meters)
Gelo5 / project-owner/PeppyMeter.doc release 2024.03.02,800x480,40G5_Pioneer Cassette,linear skin in Gelo5_800x480.60skins.zip; folder(s): templates/800x480_Gelo5 00-99 Skin_1000; templates/800x480_Gelo5 21-40 Skin_1002,302529,none stated in zip; hosting repo project-owner/PeppyMeter.doc is GPL-3.0 (LICENSE file); wiki states no terms for the skins,"Gelo5 - wiki: ""custom meters created by Grzegorz Pietrzak (user Gelo5 on Volumio forum)""; release uploaded by project-owner",,brand: Pioneer (logo visible),"visual #288 [L] ""PIONEER N1-60"" cassette label with Pioneer logo (checked on 1920x1080_g5_712_Cassette)"
Gelo5 / project-owner/PeppyMeter.doc release 2024.03.02,800x480,41G5_HelixOne,linear skin in Gelo5_800x480.60skins.zip; folder(s): templates/800x480_Gelo5 00-99 Skin_1000; templates/800x480_Gelo5 41-60 Skin_1003,240235,none stated in zip; hosting repo project-owner/PeppyMeter.doc is GPL-3.0 (LICENSE file); wiki states no terms for the skins,"Gelo5 - wiki: ""custom meters created by Grzegorz Pietrzak (user Gelo5 on Volumio forum)""; release uploaded by project-owner",,"brand: HelixOne (?) (product face visible); Volumio (logo visible, not in name)",visual #199 [F] HelixOne turntable product photo; Volumio wordmark (checked on 1920x1080_g5_703_meters)
Gelo5 / project-owner/PeppyMeter.doc release 2024.03.02,800x480,42G5_Vertical blue,circular skin in Gelo5_800x480.60skins.zip; folder(s): templates/800x480_Gelo5 00-99 Skin_1000; templates/800x480_Gelo5 41-60 Skin_1003,196751,none stated in zip; hosting repo project-owner/PeppyMeter.doc is GPL-3.0 (LICENSE file); wiki states no terms for the skins,"Gelo5 - wiki: ""custom meters created by Grzegorz Pietrzak (user Gelo5 on Volumio forum)""; release uploaded by project-owner",,"brand: Volumio (logo visible, not in name)",visual #227 [L] Volumio wordmark on meter faces (checked on 1920x1080_g5_704_meters)
Gelo5 / project-owner/PeppyMeter.doc release 2024.03.02,800x480,43G5_Horizontal blue,circular skin in Gelo5_800x480.60skins.zip; folder(s): templates/800x480_Gelo5 00-99 Skin_1000; templates/800x480_Gelo5 41-60 Skin_1003,506612,none stated in zip; hosting repo project-owner/PeppyMeter.doc is GPL-3.0 (LICENSE file); wiki states no terms for the skins,"Gelo5 - wiki: ""custom meters created by Grzegorz Pietrzak (user Gelo5 on Volumio forum)""; release uploaded by project-owner",,"brand: Volumio (logo visible, not in name)",visual #218 [L] Volumio wordmark on meter faces (checked on 1920x1080_g5_704_meters)
Gelo5 / project-owner/PeppyMeter.doc release 2024.03.02,800x480,44G5_Dorrough,linear skin in Gelo5_800x480.60skins.zip; folder(s): templates/800x480_Gelo5 00-99 Skin_1000; templates/800x480_Gelo5 41-60 Skin_1003,426251,none stated in zip; hosting repo project-owner/PeppyMeter.doc is GPL-3.0 (LICENSE file); wiki states no terms for the skins,"Gelo5 - wiki: ""custom meters created by Grzegorz Pietrzak (user Gelo5 on Volumio forum)""; release uploaded by project-owner",,brand: Dorrough (logo visible),"visual #195 [L] Dorrough logo, ""MODEL 40-A2"" (checked on 1920x1080_g5_703_meters)"
Gelo5 / project-owner/PeppyMeter.doc release 2024.03.02,800x480,45G5_NeonLight,linear skin in Gelo5_800x480.60skins.zip; folder(s): templates/800x480_Gelo5 00-99 Skin_1000; templates/800x480_Gelo5 41-60 Skin_1003,431878,none stated in zip; hosting repo project-owner/PeppyMeter.doc is GPL-3.0 (LICENSE file); wiki states no terms for the skins,"Gelo5 - wiki: ""custom meters created by Grzegorz Pietrzak (user Gelo5 on Volumio forum)""; release uploaded by project-owner",,generic,visual #235 [G]  (checked on 1920x1080_g5_705_meters)
Gelo5 / project-owner/PeppyMeter.doc release 2024.03.02,800x480,46G5_VU Single Blue,linear skin in Gelo5_800x480.60skins.zip; folder(s): templates/800x480_Gelo5 00-99 Skin_1000; templates/800x480_Gelo5 41-60 Skin_1003,300376,none stated in zip; hosting repo project-owner/PeppyMeter.doc is GPL-3.0 (LICENSE file); wiki states no terms for the skins,"Gelo5 - wiki: ""custom meters created by Grzegorz Pietrzak (user Gelo5 on Volumio forum)""; release uploaded by project-owner",,generic,visual #191 [G]  (checked on 1920x1080_g5_702_meters)
Gelo5 / project-owner/PeppyMeter.doc release 2024.03.02,800x480,47G5_VU Single Yellow,linear skin in Gelo5_800x480.60skins.zip; folder(s): templates/800x480_Gelo5 00-99 Skin_1000; templates/800x480_Gelo5 41-60 Skin_1003,316326,none stated in zip; hosting repo project-owner/PeppyMeter.doc is GPL-3.0 (LICENSE file); wiki states no terms for the skins,"Gelo5 - wiki: ""custom meters created by Grzegorz Pietrzak (user Gelo5 on Volumio forum)""; release uploaded by project-owner",,generic,visual #192 [G]  (checked on 1920x1080_g5_702_meters)
Gelo5 / project-owner/PeppyMeter.doc release 2024.03.02,800x480,48G5_Dorrough Vertical,linear skin in Gelo5_800x480.60skins.zip; folder(s): templates/800x480_Gelo5 00-99 Skin_1000; templates/800x480_Gelo5 41-60 Skin_1003,312636,none stated in zip; hosting repo project-owner/PeppyMeter.doc is GPL-3.0 (LICENSE file); wiki states no terms for the skins,"Gelo5 - wiki: ""custom meters created by Grzegorz Pietrzak (user Gelo5 on Volumio forum)""; release uploaded by project-owner",,brand: Dorrough (logo visible),visual #065 [L] Dorrough logos on meters (checked on 1920x1080_g5_703_meters)
Gelo5 / project-owner/PeppyMeter.doc release 2024.03.02,800x480,49G5_Reher Tube,linear skin in Gelo5_800x480.60skins.zip; folder(s): templates/800x480_Gelo5 00-99 Skin_1000; templates/800x480_Gelo5 41-60 Skin_1003,901255,none stated in zip; hosting repo project-owner/PeppyMeter.doc is GPL-3.0 (LICENSE file); wiki states no terms for the skins,"Gelo5 - wiki: ""custom meters created by Grzegorz Pietrzak (user Gelo5 on Volumio forum)""; release uploaded by project-owner",,"brand: Reher (?) (logo visible); Transitrol (?) (logo visible, not in name)","visual #340 [L] ""REHER"" wordmark and ""TRANSITROL"" on meter faces (checked on 1280x800_g5_423_meters)"
Gelo5 / project-owner/PeppyMeter.doc release 2024.03.02,800x480,50G5_SKS12 Vertical,linear skin in Gelo5_800x480.60skins.zip; folder(s): templates/800x480_Gelo5 00-99 Skin_1000; templates/800x480_Gelo5 41-60 Skin_1003,444330,none stated in zip; hosting repo project-owner/PeppyMeter.doc is GPL-3.0 (LICENSE file); wiki states no terms for the skins,"Gelo5 - wiki: ""custom meters created by Grzegorz Pietrzak (user Gelo5 on Volumio forum)""; release uploaded by project-owner",,generic,visual #203 [G]  (checked on 1920x1080_g5_703_meters)
Gelo5 / project-owner/PeppyMeter.doc release 2024.03.02,800x480,101G5_475A Oscil S+M,circular skin in Gelo5_800x480.60skins.zip; folder(s): templates/800x480_Gelo5 Spec&Met_1020,537510,none stated in zip; hosting repo project-owner/PeppyMeter.doc is GPL-3.0 (LICENSE file); wiki states no terms for the skins,"Gelo5 - wiki: ""custom meters created by Grzegorz Pietrzak (user Gelo5 on Volumio forum)""; release uploaded by project-owner",,brand: Tektronix (product face visible),visual #327 [F] Tektronix 475A oscilloscope photo; logo not legible at preview scale (checked on 1280x800_g5_410_ms)
Gelo5 / project-owner/PeppyMeter.doc release 2024.03.02,800x480,102G5_Free S+M,circular skin in Gelo5_800x480.60skins.zip; folder(s): templates/800x480_Gelo5 Spec&Met_1020,442024,none stated in zip; hosting repo project-owner/PeppyMeter.doc is GPL-3.0 (LICENSE file); wiki states no terms for the skins,"Gelo5 - wiki: ""custom meters created by Grzegorz Pietrzak (user Gelo5 on Volumio forum)""; release uploaded by project-owner",,generic,visual #328 [G]  (checked on 1920x1080_20g5)
Gelo5 / project-owner/PeppyMeter.doc release 2024.03.02,800x480,103G5_Kenwood Spectrum,circular skin in Gelo5_800x480.60skins.zip; folder(s): templates/800x480_Gelo5 Spec&Met_1020,117084,none stated in zip; hosting repo project-owner/PeppyMeter.doc is GPL-3.0 (LICENSE file); wiki states no terms for the skins,"Gelo5 - wiki: ""custom meters created by Grzegorz Pietrzak (user Gelo5 on Volumio forum)""; release uploaded by project-owner",,brand: Kenwood (logo visible),"visual #121 [LF] ""KENWOOD STEREO GRAPHIC EQUALIZER KGC-700"" (checked on 1920x1080_20g5)"
Gelo5 / project-owner/PeppyMeter.doc release 2024.03.02,800x480,104G5_Kenwood Rev S+M,circular skin in Gelo5_800x480.60skins.zip; folder(s): templates/800x480_Gelo5 Spec&Met_1020,488986,none stated in zip; hosting repo project-owner/PeppyMeter.doc is GPL-3.0 (LICENSE file); wiki states no terms for the skins,"Gelo5 - wiki: ""custom meters created by Grzegorz Pietrzak (user Gelo5 on Volumio forum)""; release uploaded by project-owner",,brand: Kenwood (product face visible),visual #329 [F] Kenwood-style amplifier face; no legible logo (checked on 1280x800_g5_410_ms)
Gelo5 / project-owner/PeppyMeter.doc release 2024.03.02,800x480,105G5_OldPipe Spectrum,circular skin in Gelo5_800x480.60skins.zip; folder(s): templates/800x480_Gelo5 Spec&Met_1020,327864,none stated in zip; hosting repo project-owner/PeppyMeter.doc is GPL-3.0 (LICENSE file); wiki states no terms for the skins,"Gelo5 - wiki: ""custom meters created by Grzegorz Pietrzak (user Gelo5 on Volumio forum)""; release uploaded by project-owner",,generic,visual #331 [G]  (checked on 1920x1080_20g5)
Gelo5 / project-owner/PeppyMeter.doc release 2024.03.02,800x480,106G5_Marschal Spectrum,circular skin in Gelo5_800x480.60skins.zip; folder(s): templates/800x480_Gelo5 Spec&Met_1020,315497,none stated in zip; hosting repo project-owner/PeppyMeter.doc is GPL-3.0 (LICENSE file); wiki states no terms for the skins,"Gelo5 - wiki: ""custom meters created by Grzegorz Pietrzak (user Gelo5 on Volumio forum)""; release uploaded by project-owner",,brand: Marshall (logo visible),"visual #330 [LF] Marshall amplifier face, Marshall script logos (checked on 1920x1080_20g5)"
Gelo5 / project-owner/PeppyMeter.doc release 2024.03.02,800x480,107G5_Marantz S+M,circular skin in Gelo5_800x480.60skins.zip; folder(s): templates/800x480_Gelo5 Spec&Met_1020,239119,none stated in zip; hosting repo project-owner/PeppyMeter.doc is GPL-3.0 (LICENSE file); wiki states no terms for the skins,"Gelo5 - wiki: ""custom meters created by Grzegorz Pietrzak (user Gelo5 on Volumio forum)""; release uploaded by project-owner",,brand: Marantz (logo visible),visual #123 [LF] Marantz logo; product faces (checked on 1920x1080_20g5)
Gelo5 / project-owner/PeppyMeter.doc release 2024.03.02,800x480,108G5_Teletronix S+M,circular skin in Gelo5_800x480.60skins.zip; folder(s): templates/800x480_Gelo5 Spec&Met_1020,312328,none stated in zip; hosting repo project-owner/PeppyMeter.doc is GPL-3.0 (LICENSE file); wiki states no terms for the skins,"Gelo5 - wiki: ""custom meters created by Grzegorz Pietrzak (user Gelo5 on Volumio forum)""; release uploaded by project-owner",,brand: Teletronix (logo visible),"visual #134 [L] ""TELETRONIX ENGINEERING CO"" on meter faces (checked on 1280x800_g5_410_ms)"
Gelo5 / project-owner/PeppyMeter.doc release 2024.03.02,800x480,109G5_Corrector S+M,circular skin in Gelo5_800x480.60skins.zip; folder(s): templates/800x480_Gelo5 Spec&Met_1020,338140,none stated in zip; hosting repo project-owner/PeppyMeter.doc is GPL-3.0 (LICENSE file); wiki states no terms for the skins,"Gelo5 - wiki: ""custom meters created by Grzegorz Pietrzak (user Gelo5 on Volumio forum)""; release uploaded by project-owner",,generic,visual #477 [G]  (checked on 800x480_g5_1020_sm)
Gelo5 / project-owner/PeppyMeter.doc release 2024.03.02,800x480,110G5_Sansui S+M,linear skin in Gelo5_800x480.60skins.zip; folder(s): templates/800x480_Gelo5 Spec&Met_1020,273383,none stated in zip; hosting repo project-owner/PeppyMeter.doc is GPL-3.0 (LICENSE file); wiki states no terms for the skins,"Gelo5 - wiki: ""custom meters created by Grzegorz Pietrzak (user Gelo5 on Volumio forum)""; release uploaded by project-owner",,brand: Sansui (product face visible),visual #427 [F] Sansui-style faces; logo not legible at preview scale (checked on 1920x1080_20g5)
